avg_health,process_dev_count,defect_density,batch_yield
74.9816047538945,4,0.08975815291302101,95.4413704541991
94.6470458309974,2,5.255336212737468,91.82594883626491
93.29770563201687,1,0.30391713424838557,98.50018472050279
72.1696897183815,3,0.225351793091008,95.93806233420986
71.68578594140872,3,1.0830437325496916,94.8846368180108
83.6965827544817,0,1.4029995309744152,97.50122970055479
66.82096494749166,3,0.5449317899531374,95.28713009943081
63.90688456025536,2,1.0253208422012252,95.3649592173713
61.375540844608736,3,1.1011663438638428,94.34737742959382
81.86841117373119,7,0.32720204194690117,93.10077810835028
61.80909155642152,2,2.646836797861401,93.3142504203874
74.27013306774357,2,2.430725393662097,94.19663618099267
62.98202574719083,3,2.534845166229189,92.70728708788451
88.27429375390469,2,0.6658390086243487,97.01470787734601
64.63476238100519,3,0.5587325256155306,95.16125908831162
73.00733288106989,4,1.873689516474899,93.20193922428362
90.4314019446759,4,0.03862166098517059,96.27522410405159
64.31565707973218,0,1.517594326391324,96.39466966231701
72.57423924305307,3,2.113123721307875,93.6929634965832
69.15192661966489,1,0.2637125377500943,97.34114128568314
97.18790609370292,6,2.4710224369553493,92.09416838033873
95.84365199693973,1,0.38803011920907204,98.5265464567961
77.08431154505026,2,1.0723142390078335,95.96743849044312
76.69644012595116,1,0.6178628697936487,97.29338656254518
97.71638815650077,3,5.3516972074375495,91.06378275889998
98.49789179768445,2,0.5028745145716226,97.72144517239828
61.47547789418131,2,0.48993888151555404,95.8858472368904
96.33063543866615,1,1.0084081642104543,97.80644197488076
99.42601816442402,3,1.9541233927384742,95.22635283693504
74.71132530877013,3,2.7054671913694452,93.08900563579517
72.83120259886944,1,1.3406676068918753,96.23275900167322
87.1025744736913,0,1.0764458768242324,98.06339367149549
69.05983100791752,3,4.140515726706461,91.08437267834812
65.50083776583973,1,3.8792855957260857,92.81989917342068
95.09357413523924,4,0.4153155681568547,96.05630002497374
63.72411071223597,5,3.411146023660878,90.09283030721875
95.48345697060469,2,0.2644413220251173,97.8568432621001
95.94216754108317,1,0.160495352153924,98.80451395446946
86.54007076432222,0,0.2629737241562986,99.01143506922855
81.94935157466344,4,0.5904523633771267,95.18892474268063
89.85965620472096,4,0.6876244608105301,95.46783345726341
70.60809470726902,5,1.0476529865831556,93.27322115146366
83.07615538505436,3,0.03692472162103292,96.70949810330748
85.81889183628671,5,3.9532851859978346,90.54700236861693
77.12736593269257,6,0.27857792444363216,93.72207478730228
82.27205049833401,3,1.4317960732765767,94.9954472369848
99.60215400417053,3,1.7911116379525096,95.43077373466551
88.09936335948437,6,1.0442765663267988,93.35183628838206
91.931807158671,5,0.14804405878104082,95.4189374873963
83.13120563984697,0,0.9399104222731645,98.02866777526455
81.70578538830307,2,0.05709524892418408,97.41677497070613
92.90402242638633,1,1.1079803824185235,97.51562466241708
90.79974212394444,2,0.07959764386546411,97.84446993355867
81.25418526272591,5,2.378480969599029,92.20853209961746
70.83329005048297,1,0.03851641431221157,97.6954448053495
98.505936587117,3,0.2551811123592812,97.2190794945247
70.00971592658381,6,1.4190457080561525,91.99763094666181
76.7840024971116,3,0.18507058835996407,96.21711541882362
61.84010568087011,0,2.901304550423488,94.61043982353532
88.14631437520094,1,1.0147769486958498,97.38958338032502
78.93887083122263,2,1.4350836493697017,95.62484316231749
85.40374603470575,0,0.7040760069825923,98.42529609335618
85.03439662856945,3,0.10977365438436126,96.71999144616724
85.69677112825262,0,1.322021066710936,97.6984132763595
97.6092096569983,4,4.257190719349499,91.57183161963052
75.44410551203097,3,0.15933800322244532,96.18099967173461
60.72887302606199,2,0.5762357824423028,95.74496071237233
93.79501243877817,0,2.526795759278938,96.65759571080419
71.27419099093599,3,1.9924403681466005,93.77278110777088
92.13923721539393,2,2.4663137748651294,95.04738533093155
99.62020568002694,3,4.005206886598989,92.77476202008256
94.33651007372048,3,3.492668521301448,93.12562327812428
80.21009489791429,4,3.5368609454436806,91.5662716103633
63.65146707144534,5,0.5205341681192955,93.55793235182911
73.14658181479663,4,1.0230743948600338,94.22963981690779
62.30235040066577,4,0.23146148181317905,94.63736374185747
90.46042526869888,2,1.8108127074796496,95.75004601445937
62.91052025456774,2,0.13298080166671003,96.38594905072833
99.46558314004702,6,0.13079099054693588,95.01632996834603
91.08587663709747,3,1.0177576640594315,95.93298463498355
60.454145790696764,1,0.18973649389675684,96.99502349685874
64.7010498710842,5,3.0442538072553447,90.5819479248478
68.9438335407781,1,5.253790384319222,91.34264321585584
61.72639647802305,3,1.2106644956000232,94.23352242918112
98.77210142476396,5,3.4713491542239714,91.77298608616942
61.81785521365831,5,0.3126062421540967,93.715765270098
78.54793619759928,2,5.497440183783851,90.73046858933934
99.44842977918412,5,3.627451637998691,91.61947952336078
92.90148971692676,6,0.04008122529976704,94.79697701548662
75.05853467512199,4,5.255562831563944,89.24625133587936
93.68475692542835,3,0.08704044576725432,97.17978931135072
94.58889505020213,8,0.20744451646963297,93.08051133274654
98.1620410903489,4,0.1808086820977039,96.4911316360002
86.86292782371198,6,0.7749709709821755,93.61318122600699
65.36060913802562,0,2.1105861789938785,95.73532704210862
84.8123820541386,2,0.021977214398503173,97.61424644542872
74.02350235226388,4,1.0822875421084817,94.20243006708301
91.34612050964571,4,3.9174941445631184,91.66631305200654
79.68465172318153,4,1.5052294109364892,93.97795729303529
69.60582475112773,1,0.20552763610051067,97.43365807423578
66.07610774049178,2,0.6362089736922079,95.94035461859394
95.87153639624047,3,0.06259081907634796,97.3184678369204
66.75740252288658,1,0.13932886179055137,97.37067549199567
64.82543484402403,2,1.0500077770714955,95.3812624097154
87.61579314517462,0,2.4097413657391793,96.48910001837172
85.11601557963631,3,0.4862652646929762,96.27228246135024
92.24805119172245,2,0.6941776650365545,97.17938936154226
79.38091940764085,4,0.4364049328235958,95.24536005099372
88.5339834353821,3,0.8897148691253263,95.95904132881871
81.30469065820093,2,0.030413041125471774,97.42873888355948
72.88316662332713,2,3.3181198499145372,93.06241451126891
83.74369814216195,3,1.1553875449422337,95.40071985317742
83.47364472083517,2,0.5006432703925559,96.97291031157069
74.5232918559454,5,0.16101450693733027,94.53294718447248
66.11436556737328,1,0.3097376181818706,97.13403313655041
71.40380674775389,2,1.115118525169054,95.63204810718483
76.41587307958646,2,5.233589496190072,90.94048625855123
94.62028503575921,2,1.6568393980226754,96.14280697416075
97.17503956510343,4,0.586631719678849,95.95479391464055
77.01745754465668,2,1.4147994861440347,95.55311349386
71.54522212961024,2,1.1408208721936166,95.60827605984817
62.07294147289708,1,0.09820838815878732,97.1857970078543
99.5984092955978,3,2.142099334242313,95.00940126368911
83.82554962431377,6,1.9688270451907612,92.02868502698678
97.53361827284152,1,2.027089729782933,96.64417323790255
82.97892452719648,3,0.26807279844827697,96.4272588682219
66.57063191723972,5,2.5441239942721046,91.27558280273546
77.56539634280874,3,1.047904223543394,95.22078474888836
69.2885078058727,5,4.215925025898313,89.40531535921566
85.10832212285672,1,2.3700020935204007,95.61141359391836
84.80291023714054,4,0.42850442782325693,95.52594019846912
89.75785170290708,0,1.2655703345792144,97.9692081836503
90.49834742962761,3,2.8106159358175313,93.75217824850034
65.09954649327929,2,0.3905895336671264,96.18626988426341
88.89010273572265,4,0.6362747906898951,95.48097538795825
67.26390867205703,5,1.323666913662831,92.77479513720745
80.23554715537864,1,3.085040283811045,94.50972901719568
97.28473129934449,4,1.2880532247788403,95.11857269523261
84.26860185531424,5,6.283760983681059,87.67291691234844
93.55592345783737,4,0.7637472651135204,95.56129945475564
62.19046555288125,2,0.608570844885253,95.77923826378176
75.92674774363773,4,0.902816660238509,94.51295739489568
68.98419291759927,2,1.0348320642042266,95.60741116883489
76.75701798018191,4,1.6339022955539835,93.67716814434432
67.12143867479006,3,8.652122422726139,85.57352502646813
80.08780041324971,1,2.0792043828239986,95.70934476127368
68.39622372382343,2,0.05585151278650825,96.75278937084737
78.88267780439998,1,2.2410038903975584,95.45492922174293
78.13155338992111,4,0.30120762931293826,95.34512851432054
94.47142484054069,4,0.03857122309897054,96.47728577430827
66.24610389464762,2,0.3764894608000575,96.26051784177231
69.24299186352286,1,0.16490408790205924,97.46426468769367
91.99664341492758,2,0.15711005022730698,97.81130011047361
69.72688763997816,5,0.5204003829187752,93.86186392249638
95.8534327408448,0,0.13408070944567368,99.63177478570744
68.31545020584109,0,0.30030450493540917,98.05540710436956
83.32166243878768,4,0.7163097121628066,95.10651146734402
83.6117977005923,3,0.8593880926366682,95.74932417386562
71.7786303816767,4,3.374309235434615,91.3397604365623
91.99421023789262,1,0.46935082166473,98.23648952589696
81.66536858643468,2,2.7020806307435876,94.24077167242943
99.37608722814208,2,0.027842831116149012,98.33539296406772
96.57195226241996,2,1.2117532731104779,96.77449368538842
86.05681553407457,2,0.2208121060310858,97.43786624946642
96.0007456739242,4,3.6873143411569522,92.17526007430787
76.75082099568293,2,0.27279255757390847,96.91018998069546
89.52134465705481,2,0.7397133853877825,96.98841117038741
71.547749470828,3,0.9695396800353926,95.01393985749893
86.54684661450592,3,0.45625395300838184,96.37983758711523
83.8031172280102,1,1.3626432599813403,96.75498394942291
73.36975563267843,2,1.9539711153245891,94.72372244324441
79.81965264824794,4,1.7796732295636821,93.65537475693598
70.8858054891985,2,3.7390497653064623,92.45743055609216
65.47274523675846,3,3.094712691423088,92.15998203213022
89.28899545638245,5,0.37501969365918353,95.0144261404281
99.50672031986588,1,1.8340973447935935,96.97441920224098
97.00993269662663,3,1.7931156853393282,95.29875781242414
71.89396029490203,8,1.3605129604317103,90.56208246222705
69.20035349150812,1,1.7875169245323557,95.51499736513658
73.59499855072265,1,0.5681405721265174,97.19798124098432
81.5796516950135,5,0.03705512061623284,95.0345164400112
94.80395495603719,0,3.1155866499062554,96.00149376791435
81.15748536108848,6,1.481299361442173,92.48031503432381
94.94708456745354,5,0.1756000043709922,95.53663422312749
74.18488630563107,2,0.06450717140602098,97.03183570959433
60.714957389336554,4,4.492434380609664,89.44482661273523
91.45380057662209,1,3.16941444021128,94.96939270057757
97.7892808916564,2,7.09416702913922,89.77646360961576
69.26686805533774,4,0.2913386550350509,94.91373701672482
68.81944836280701,3,5.215626324790161,89.78222082839216
95.35143539853703,4,1.786193103632006,94.42414004556845
66.1558362535942,2,1.1549594764362556,95.32184044095621
83.71759739366813,2,0.46305224650052335,97.03021717388278
65.18059685131217,6,0.7875217498653972,92.51400374272713
74.90754068049256,3,0.3730443917706247,95.89772376389988
87.33035054638384,2,0.9825827061533865,96.58741827993512
83.6963113863807,4,3.1633671531605376,92.1887749855264
91.89704086427713,9,3.19131947707823,88.56526867071997
94.87374110980929,0,2.6214710644129706,96.5979217781949
65.1547946989378,2,2.5553511332378585,93.59131837506146
93.28536711830968,1,0.5074910140677826,98.25527913903414
84.67707673502969,5,0.1697205259437436,95.030189205619
90.44111610008112,5,4.1523808902581525,90.53919873669427
87.51542889203253,1,1.8473864926819688,96.35890765338327
62.69402405875087,3,3.078169267315369,92.0408980821591
98.93955876709587,4,0.0335579216017108,96.70670843243273
72.94440876598165,4,8.777293142485469,84.91446866731653
77.04725208943891,3,0.37417279417976396,96.00335525145623
63.295241824633706,4,0.8493352087551175,93.94555984072554
97.74463680670395,3,6.200655793697662,90.046444887898
76.37336025260171,2,0.0474435736433325,97.16173572425808
86.0666730150354,4,3.044528257094866,92.44989974223793
91.06387411166966,4,0.049600370024978566,96.29367326155351
96.83391391262748,3,0.2006156236745076,97.20095694722197
87.42261148915885,2,0.0995445761901895,97.65167708302971
83.27885607657595,3,0.017532879076396356,96.74290334893712
62.89787551178235,3,1.7810761715837788,93.60760236968858
94.40489588756819,1,0.9823527622531625,97.74142147967461
64.197207136727,2,1.036388934313511,95.36619363566014
84.72622937272476,2,0.5928147539967902,96.92493376384009
80.70846573538846,1,0.05065026855828608,98.17464296449948
63.14313988620083,2,1.7541878447376509,94.45213158062487
92.0234679643633,1,0.16567322592761352,98.60236552710504
85.45720998174546,1,4.128291081673363,93.51891120107923
62.0788513460589,7,3.3780754781778244,88.45025199348956
81.90369504614945,5,0.09337504697852261,94.98313469593324
69.88412936040586,2,5.58615421415114,90.19082141103893
73.47583167084427,3,1.215747448673431,94.8148946451341
88.76807113089055,4,1.710221692913053,94.18613752504886
62.887936359167036,0,0.4469681297083448,97.60803506230833
78.50491826957266,5,6.591095837274756,87.01593090874893
61.6043676564993,7,0.4861618606277129,91.89682415007171
83.69401314373448,5,1.8872473636906648,92.92000382075793
96.36130082662564,1,5.331265558292268,92.62054637138056
67.23907810837959,4,1.0848448036516771,93.86014014103696
74.36933477599062,2,5.230737062731716,90.84158226352147
70.3253373080451,3,5.2509156816366,89.81516804743833
78.15158165534557,1,0.2790569101568909,97.77271079057901
80.79095794224071,3,1.4401483748602018,94.91136984727979
88.27108867541783,1,0.05604109201422411,98.54630512335382
89.45608060262562,6,0.17803953208542686,94.45915659162877
70.78998446067959,1,4.137571808102949,92.77441305331044
61.573741626740386,3,1.0615837556570178,94.4047865745486
61.662914362015684,3,4.5489611980182225,90.22439228047892
85.56479751262002,5,0.04564797137995691,95.22346230997505
72.31719766364763,4,1.6748686258568042,93.40601753215421
77.75000877218284,6,1.4429022833264122,92.35601769861745
94.75619937914873,1,4.009358260948759,94.12658005581892
87.58107004126245,3,1.5800267035308546,95.08302145782609
64.26372121231962,2,5.669794668843343,89.80943245800397
76.27631842891482,6,1.6520944757584604,92.03130255053559
92.31383767765034,4,1.1795034425164244,95.0002877528628
60.230346419924864,2,1.7834647530467165,94.27135961734018
75.54232405081383,2,0.38673764629957325,96.7130310269812
62.92783695073774,4,2.9853190828421323,91.36400894812633
80.76327140544872,1,0.6261118221161965,97.486829383733
75.20782475143429,5,1.8994271157470863,92.4810786986752
98.22094783819739,0,0.32681986606876945,99.51886355262735
60.302514999125684,4,4.087093384500177,89.91061368855607
74.06490748958538,1,0.4451378446172578,97.36907996093856
71.39491607847691,3,1.4136971414317685,94.47330923420573
88.64602696892774,2,0.2997803515832081,97.47256492654654
87.24471415859931,3,1.2566083088522202,95.4543057373073
70.26251134805455,4,1.5042089753615286,93.5080747969689
98.05613368826627,4,1.4161905970642956,95.00337796793616
76.44113879226819,4,0.48197418410124865,95.04368791869192
92.90457274054714,2,1.4666881035980612,96.28520291270968
78.07070714948917,4,0.15091531689420146,95.52243697720141
60.94554344185346,3,0.7436739975978077,94.7548683749753
83.77905340744692,3,0.7770744012155991,95.85646338891362
77.1279845970246,4,1.9328741485103134,93.33695025163885
83.13547668025636,1,0.13432630659586192,98.19558226609779
95.76763498656473,2,0.6577488522156312,97.39908312666948
62.77695370984374,1,2.416833063238878,94.43864800960553
69.34848327641733,5,1.6606637258546042,92.47462769279534
99.7655744488467,4,1.2393213902159417,95.30109305418321
98.3050113802152,2,1.1512491390396697,96.93375160216316
63.86705798586878,6,0.7645291993718022,92.47591786004728
66.0966405332167,6,2.1114021527336084,90.97114944338051
65.1085393454094,3,0.5417310600773253,95.20534969517767
70.52450279643372,1,4.145926951338111,92.75111279821596
82.15208962849505,3,1.0875123780681595,95.40258962774296
96.7756789285767,5,2.5510943610160886,92.77747071320952
75.22493173906321,5,0.7737074471134495,93.83279765041702
66.94098059946035,5,2.9709098150046764,90.78195725196741
96.91028762053577,3,1.0474388223245918,96.18858779423728
75.94652111089252,2,0.03922631995321897,97.15025447160076
65.4066515661929,5,0.8684203359398226,93.22822817518185
64.22658737046976,4,0.09496831342579708,94.89736739241253
91.2304634427376,1,7.907897965104998,89.27204561401088
62.31122243985467,3,0.19411260903601402,95.48262599114952
72.13100590270382,2,1.0682568786519553,95.72464204075284
99.86787415411908,5,0.2101183887905177,95.74125164115733
95.46416860961867,2,0.801985401930201,97.2108259481647
93.10151582267497,2,0.807177039661463,97.08646334353999
79.25376606541295,0,0.45127905603273943,98.42115343603136
90.4115929248854,2,0.01829224537316643,97.89862895179647
69.64805830398166,4,1.1909752155025417,93.85323265659603
78.17509338239844,2,0.24386427557688667,97.01611753842766
72.9870370756024,4,2.305791302841696,92.68240229037008
95.68338755760938,5,2.7570655892858675,92.47569067073742
61.537053958493,7,1.095987062983827,91.16166822234406
66.00676003268167,3,0.1329059020027178,95.74085091923082
88.65293552250729,1,0.018273570014693957,98.61071849210774
98.2600559319792,3,2.2351742995974755,94.830793637082
86.45482444281657,1,0.1553692367915092,98.33629813799102
86.41210878805353,2,0.12861736118540415,97.5662646059802
98.71440139380121,4,0.19411513358565174,96.50278190938728
84.60051872155466,3,5.186117294630331,90.60668518252133
91.94856766618298,6,0.20561349297057743,94.55069219174446
73.53070023977993,3,0.8681348113849994,95.234773238327
84.51758329978102,2,0.32997997784079713,97.22990319158009
95.47699600837078,6,2.110002331234583,92.44184700293704
78.4215798909656,5,6.266889892525418,87.40081112351778
97.49552265988476,0,0.27015270172613237,99.55059289092289
65.26915093818248,5,1.1721062174306924,92.85693008599229
83.61390761835091,5,2.147700569378289,92.6034546976636
66.40286539818293,1,0.42489550103680035,97.01026866866499
89.05846860452019,2,2.4146892283526222,94.95529635620287
68.16142538515595,3,0.658652055784486,95.21768880231642
91.35167137941589,1,2.1468796002414354,96.19132804868107
61.41245419760956,4,0.24181741250267835,94.58044181487726
72.22416861960859,7,0.7981296647255058,92.05345283330982
87.82472585987227,0,1.4497558783388778,97.65152923898697
74.2197204176543,2,0.9836987428404171,95.93054752947421
85.6930210362091,1,1.2365404809043208,97.00080247472528
82.42640377664684,5,0.1202837811950537,94.97697965139828
62.342037169759166,5,0.23928957634032427,93.82995436687958
73.12771014437246,1,0.3738693329709195,97.40774230765352
83.92901176254955,7,0.7912073267545934,92.64700179602197
93.59209142542468,3,0.6746791418233956,96.46998960108316
73.38045154967729,0,0.03673378690579548,98.62494203319692
93.26788174703094,2,4.237194054237785,92.9787612222662
70.37187035463094,4,0.9192512197236824,94.21549205406313
79.31875488341421,1,1.9525951521771585,95.82282356155812
79.85844609421198,3,1.4132790193752705,94.89698748146027
65.41416329110743,3,0.0881205402372562,95.76496351627067
71.287482987728,3,0.47607776348129216,95.59308083320884
90.37593049671855,2,1.002890238155605,96.7153282390492
61.34454400733131,2,1.1402794215933147,95.09889189445458
76.44382410402827,2,1.6350275712490343,95.26015811970257
98.53577736854201,2,0.8139732784459441,97.35002093429196
70.40631163848205,4,1.2497531132219375,93.82061184605777
78.55729946753345,3,0.24598029558215442,96.23268861867808
69.0126771980494,4,2.9506667462326313,91.70983376442331
88.91257212833935,1,1.1763754509260758,97.23397806530568
63.26901382987113,2,4.3697953910992435,91.31969622217446
93.99901485922648,4,0.09644479504068984,96.3842169889125
80.50010595081326,2,2.3146201602168555,94.64746110528044
68.05455128543898,1,0.6011979157075713,96.88129006542286
90.2700602275454,5,0.9001393446484396,94.43333579779915
99.399586245635,1,0.10114138172866577,99.04860965420735
78.55725507249332,3,1.6040759146964436,94.60297165598894
92.88412642400903,4,0.5077010503335808,95.83496506080016
91.71417676135357,6,1.785593676744582,92.64299642597418
91.73045401753018,5,0.3384994744720137,95.1803233315101
67.36899356952105,3,1.4329295033219427,94.24893427448973
63.338563399575335,8,3.2046879361320837,87.92130264662026
77.09958751682461,1,1.2306381625708136,96.57821358075626
81.09598488490705,3,0.3112964912329037,96.28124345476587
94.32708212628656,4,2.585900858938444,93.4132730755882
78.37060788692855,3,0.2863078784119434,96.17496094025209
88.48056081323122,2,0.22967780109125271,97.54841467935206
73.91765646328666,4,2.7625047675514622,92.18087710210258
78.85148669592658,4,1.7391072960373295,93.65564557955153
62.78564592649623,2,2.7213861181692476,93.27361895452171
71.17104353817642,4,0.05062892881584108,95.29779746232981
72.15785604962895,8,1.2329737318295706,90.72832432428596
64.43957876853925,4,5.645425740528508,88.24746804979276
64.42882373305262,1,2.020057424494719,94.99737227725896
96.72306208796603,4,2.4514166507646578,93.69445312348071
60.72026222401818,4,3.0924476961216247,91.12507587585496
64.50321561647748,2,0.415397752332452,96.12668347802493
60.49616145109259,3,0.5348390934370111,94.98300116043022
89.72772794926414,0,3.497943543286768,95.28885414551908
94.09055497564725,4,0.4106888100514784,96.01170117672059
91.78313114800761,0,1.3113089088293508,98.01558586680515
99.8175006476524,2,2.670103731490109,95.18675055459448
83.95914032708842,1,3.6057115961765085,94.07110310094261
86.76801051752314,5,0.8553220348247008,94.31201408408651
90.95518622920625,6,0.4065982795749191,94.25984137597041
80.49455110183163,1,1.0031709130031299,97.02092245948782
86.0889703818189,5,0.44033208582770866,94.7760500160977
74.47412372820554,1,0.2262763658069958,97.65217454744189
71.07257231165224,3,1.415416087709874,94.45512931033076
71.22732862063897,2,0.011540328405600452,96.94751803694523
68.76275236407432,0,0.17147702874414933,98.23236518371074
73.55442597355007,5,0.13668151517486338,94.51370348046767
84.68266064471206,1,1.0621230445796193,97.15958537874006
94.96890098740704,3,0.4818200745703525,96.77026095988593
75.78304302390586,5,2.604121490816567,91.66420636221541
98.20242045939955,1,1.5175570276006818,97.28905258984916
62.04541525768403,1,1.3887370021931882,95.63578636025238
87.46359653970427,1,0.9138613286561839,97.4765462325978
74.76212087043666,2,0.11048218576085417,97.00552742060881
63.20720056327614,5,0.015274280628814628,94.14203089140923
85.44384185638168,4,3.491136173972661,91.88282868405189
62.657753774231,2,0.8223610284656064,95.54605445455282
71.80162830616625,2,0.19687806582702222,96.75382773631588
82.34569585801701,5,1.6765395616584224,93.10543731891075
71.01524697021674,7,0.5759961362147208,92.25956698505317
83.28794986376455,4,0.2738307387072246,95.63580060673956
77.2211735384883,2,0.2516692552877999,96.95905557057905
61.017910396230036,3,0.7905059221676194,94.70228841321035
72.44869980253574,3,6.638775464046795,88.25590443327063
78.1600648478446,2,0.041884443634387966,97.25774191003096
80.218204716418,2,0.0471675670887548,97.3543091553144
75.51947039787478,1,2.117194356214366,95.4353402924365
78.34092035527563,2,4.682583822211462,91.69794543111003
72.55866869509411,6,0.7304485848149402,92.95139513297677
73.61548417018022,2,1.170362682134269,95.6763389899479
90.4760725041948,3,0.3246687406651828,96.73420113641151
62.305903287960994,4,1.3029217854338588,93.35178902187742
65.56786805382782,5,1.4648812257102117,92.52053593183913
82.77509444729131,2,0.06038874954864032,97.4662882229062
79.02184149947307,5,3.0599754347739307,91.27912155324493
65.22609375293851,3,3.1444614389256738,92.08795096093611
97.76168375301592,3,2.987668312897819,93.90288221217341
83.54926088525279,2,2.151955543825433,94.99511639167213
75.46162027292111,6,2.1692435947538793,91.3699886999414
82.94115805822292,2,2.885832286339179,94.08405915930413
77.56599266534994,2,3.224342382105484,93.40908877474092
77.93276221477689,3,0.9718118459067349,95.33046389565077
87.50888169722242,3,0.666423183614002,96.17573626452432
92.1774883071802,3,9.19323449085613,86.17699302633166
87.07285195429583,2,2.0083693176520505,95.34359941653233
93.36578388002704,4,2.17939458853862,93.853015687755
93.83685758710928,2,0.121244694861488,97.94634924552167
76.30172124129723,1,0.643454995949071,97.24294006692598
64.43992395165259,4,0.534082014417903,94.38109778028115
63.07448301104654,3,0.11354373608737872,95.61747166724747
76.11493130530548,2,2.440507546735074,94.27713750918319
97.16912214527416,4,1.534461692957317,94.81710207571493
99.15924460699236,3,3.2927376534994597,93.60667704615027
80.12335803119345,3,1.72147009428657,94.54040378841579
69.67726721262119,5,2.2397917614561424,91.79611324688369
70.85637521786857,2,1.4895863602138837,95.15531512863677
62.17328139291615,2,1.0734853692066677,95.2204816265978
61.87407634110413,2,2.7426833463221794,93.20248380146859
60.152796906343326,3,0.669979001347212,94.8036650437005
70.81573145538103,6,4.989625428253074,87.75323605886535
63.57158098102292,5,0.2739979835568135,93.84978146878296
88.52184202537275,6,2.283678864171721,91.88567746426257
85.76596885903663,0,0.6695489380616356,98.48483971727786
98.27199261937145,3,0.6899781788387552,96.68562581636206
74.79253023948706,1,0.8080776339956547,96.96993335117956
92.88719547265694,4,0.36452332044944585,96.00693178909351
87.11252801240177,2,1.5817772453781425,95.85749370616632
89.54389832529323,4,3.313847092909487,92.30057840477328
71.49638385862319,1,0.17735156453506704,97.56199731548908
80.63447610849312,2,0.7148634834820607,96.57388762524619
73.49382187076371,0,0.19921473495688308,98.43563341158992
76.54570699674541,4,0.9356980049499284,94.50444774389736
98.53996963550352,5,5.595416376803767,89.21249882961065
65.02200859050613,0,2.205546125939674,95.6044450783977
92.28622149459531,1,0.026562349059697503,98.78243625585813
71.73234443122259,4,0.5345850358668106,94.74511517852096
85.85834966551722,2,3.432440623833388,93.5739887346758
91.32793653194504,3,0.1019282859514063,97.04408288345556
69.12941453974797,3,0.08937733509372613,95.94921792487493
98.31159203952816,5,0.6828043494694153,95.09621438261311
69.01525072027063,1,1.4609339585879715,95.89764178570796
91.2528742298922,3,0.7369406921666712,96.2783148808946
86.96521182144252,3,0.9522842056948413,95.80551954423832
95.60564549584058,1,0.23902659510698365,98.69345036066365
60.313663630876675,2,4.752777514972833,90.71235016357643
81.18638895782479,3,0.4817627648776393,96.08120413003807
92.27861963535975,3,0.27183284613779046,96.88773156640264
77.82166554967563,1,2.7834840695811462,94.75090239398641
99.24770116656464,4,4.537117977303078,91.31784348556454
99.79277175863804,4,1.3504818956424267,95.16906031316098
62.9232624810806,7,5.678608177289034,85.73183331130718
90.29240828537755,3,1.5350423286920294,95.27256961983844
86.66401916186477,3,0.0182654338315505,96.91128243749537
60.36153876317169,3,0.3766894195957646,95.16604963464367
72.86679958638194,3,0.04440548970337821,96.19005339167504
79.23560586412036,2,0.7608397264242754,96.44877262149689
96.78124098624198,1,2.1469873204508616,96.46267726477106
74.86896265609373,6,0.43352721341815925,93.4232154767029
82.56296115334071,3,3.75593397268453,92.2210272904456
64.07214731798148,2,0.055025258416990644,96.53757705579868
67.00887088423309,5,1.09067153849263,93.0416376980205
90.351050150293,5,2.2736857373272907,92.7891296227219
79.05342933204395,3,0.6042235043593776,95.82760326137094
94.20120806479741,1,0.10725623560343195,98.78135292051576
97.63138082012432,4,1.7743841657495234,94.55230804210679
90.84491263407546,3,0.49791585291066554,96.54474660821097
77.00912741750776,0,0.205219673769996,98.60419276235139
90.62187002063443,0,0.8082354753199066,98.56121093064783
80.90040724342353,2,0.5440367642012552,96.79217624512967
72.1577004902011,1,1.9603643566120312,95.45544779657561
98.67381999197141,4,0.5413061130890238,96.08412366389175
73.01180536092124,3,3.483266623765549,92.07067031952741
92.26774078778956,5,1.1795293295286158,94.19795184395514
88.37283313890438,4,0.462492904214157,95.66365017188824
84.06215517199297,3,1.081870865317614,95.50486272021851
80.35562222364223,7,1.9583498660329246,91.0677612719426
94.4676361514938,2,0.6354633662490217,97.36082576807587
73.4244181707937,7,0.2669601419102276,92.7508687382474
91.44822609044232,2,2.7395014741659622,94.68500953552297
60.45671933816295,4,2.548454401513988,91.76469068509137
81.8572126431139,2,1.9011888710246672,95.2114339869261
94.50561884596715,3,0.21185296517173907,97.07105738409227
94.6118303563565,1,0.5138316607915813,98.31399352486793
94.85656136763417,4,2.6831194112893764,93.32308477483446
96.24348241925043,0,1.6813785013343039,97.79451991936136
62.07343196478916,2,0.6530172745186757,95.72005086881705
84.8516979619844,3,2.2970484728750002,94.08612673064923
71.43033298370824,3,0.7024181892782211,95.32861482205155
97.77794330777213,4,2.0850909571480107,94.186788016811
64.05491590212637,2,5.895948199919484,89.52760795520294
62.70010186735288,3,0.7752680651696081,94.8046834151641
89.51539939338424,3,0.46035088240505906,96.52334891078314
68.21331754827199,2,1.6039708490747762,94.88590085852387
98.74149326799568,1,0.11788901173282662,98.9956078493204
98.05692883382264,1,1.370857571638236,97.45781735572525
84.94595113161064,2,5.029269661811945,91.6121739624062
70.0357218276441,4,1.3657175448305383,93.66292503758555
94.64382534446766,2,4.343457389548378,92.92004239976532
89.4614091333917,5,0.023271935196622462,95.44514413443363
83.31704227217053,3,2.747013410271663,93.46943602128253
67.54162422997004,3,0.8526365352376033,94.95391736921337
63.70501932205469,4,1.9280336279340893,92.67161061258183
60.36216646321484,4,0.143761433408754,94.64559460307024
67.97081345867203,2,0.4282791397255212,96.28460570526298
68.57625931972657,2,0.9213390830132032,95.72320606637048
89.30933899144661,2,4.538999934951021,92.4186670276311
93.53967335372099,5,2.037327279352253,93.23219093246334
89.51669573416102,1,0.6957053861344417,97.84098832334672
96.83066433853429,3,3.3856446900885087,93.3787595888205
86.65852190107343,4,0.8368793419835434,95.12867088467343
77.70182059258983,2,2.6122547478107276,94.15038533225662
71.69532441648772,1,0.5372556878544582,97.14005939539904
80.10524970520521,1,3.9282186766868676,93.49140007323602
64.21572872431221,4,0.2623564051923284,94.69595874998481
62.81967782572578,5,0.5120197822266446,93.52656015261431
72.39227501289876,3,0.6549441731772482,95.43368074283224
93.14222391624325,5,1.0567191836562901,94.38904817542462
97.64483250134694,2,1.2090411472022606,96.83139224842463
80.1252989020616,6,1.4145171891405748,92.5088443181344
66.41461624478973,3,0.18758193351924424,95.69563249201639
66.6113796057183,0,1.9027116177693961,96.04731503896264
89.29604196233517,2,0.028971438475724497,97.8300363719459
66.62992707860883,3,0.3772398969925246,95.47880847753942
80.7689828312082,2,0.7439864775350638,96.54566536851833
69.36813483705336,4,0.8404028766952081,94.25992328981842
81.63620015352323,3,0.7964356000111084,95.72608728766284
94.82107865077538,2,1.3957285936991037,96.46617962009985
64.68815622720933,1,1.7668419574744327,95.31419746239115
68.2500845534461,3,0.8152083099513607,95.03425425573067
60.72496164182919,2,1.2337849813989792,94.95570610441268
85.13705826458349,2,1.9280110889840978,95.34323960644826
81.42626397390315,6,0.30398636207314356,93.90652956420739
94.19896078245898,2,0.7361083050527243,97.22661807305968
92.14150637850413,2,3.1476363042062143,94.22991175387774
75.57619755915502,2,1.5675419129771244,95.2977595823852
62.964216902994686,5,0.372906142505505,93.70072347414313
74.02082137144647,1,0.6920397209560821,97.07059340342502
78.569540789569,3,0.3682129629455145,96.08662148394383
86.46737153599426,1,2.4482512432371073,95.58546708491518
90.9123829316135,1,2.181956483864969,96.12727136594272
83.34854350925455,4,1.6682644279411538,93.96550986193334
84.81895140207882,2,3.316507116272188,93.66113903057732
89.99911193808283,7,0.9634564587250345,92.7438078464341
88.65588447832396,2,0.41461996220151853,97.33525026927437
68.59650548145584,3,0.1201430263326696,95.88565364247359
87.84624580551701,4,1.768232262303623,94.0704335755115
70.56247938774875,4,1.7794005161362207,93.19284335002398
68.74862451991709,6,0.13880620350761969,93.4708637817867
87.95795313949543,2,0.4507993360173712,97.25693845375393
61.34705615497856,3,1.6487319144217623,93.68887451044282
72.92109383016376,7,1.2895196977659982,91.49863105418899
62.690236558694714,2,2.068584401443668,94.05221054620233
92.26660212107265,3,0.7944814591370741,96.25995235508914
65.20322679315788,0,0.6704313637879993,97.4556437031123
91.34953004300945,3,0.021728792058059016,97.1414019516808
90.57413545745709,2,2.7221088910393503,94.66217610362564
84.78104800145213,7,1.843407806484327,91.42696303229141
75.56921886767154,4,1.125139788730609,94.22829319690685
68.46543594279444,6,0.9098057681856778,92.53150487531691
86.99145208669643,3,1.0407994972772097,95.70061320760217
87.6353590620329,3,1.5156562312385844,95.16298047561534
83.97208464557751,3,2.7243894613841855,93.52933687861785
66.78913714307693,0,2.265085315606359,95.62135447842621
84.38789700610464,6,0.2503061826909567,94.11902743107608
82.90428931528089,4,0.08008431704875328,95.84911328530553
61.269750614919545,1,1.4003344752195386,95.58308616048254
95.2389202255863,5,2.005833987854461,93.35494522585397
71.46078195708492,2,3.4148770642185475,92.875186620792
84.90522134394632,3,0.612581925856551,96.11016275616946
62.680661510048395,5,0.11052614453526155,94.00140170206011
68.43172406200114,2,0.15967183798546997,96.6299799975175
66.69964356376431,4,0.4893609491732813,94.54774903918027
91.93172788836748,2,0.20833971727038253,97.74657873369391
70.25852244067065,2,0.3545463529122623,96.48747049853881
92.36094561166706,2,0.2524953995275481,97.71505280115029
63.3094734247276,4,1.3037496623045444,93.40097407647093
80.22035041559455,2,1.0036606645424835,96.20662472332874
63.29089297108248,3,0.8134932055426083,94.78835280190299
78.33725696525752,6,2.749885773359454,90.81699992023152
99.57804523860226,3,2.030110405896105,95.14276977485478
79.7027628301319,5,0.9076767386275694,93.89592605515351
90.49787834699474,1,4.537581768657821,93.27979579496035
67.0196650952543,4,1.206662124874423,93.70298870491341
74.88693020987589,3,0.48993180915771195,95.75642833950454
68.74839201294333,2,3.928489378560806,92.1232323463742
98.79706101380764,2,2.397244545325931,95.46315959629926
74.69562914788281,1,2.7976652298722,94.5775831815475
91.8370554857401,2,0.3692489446676165,97.54875404068586
94.96287093220741,2,3.0680707999330834,94.46645858669066
91.7037925283654,3,0.6489909877265141,96.40640044114646
63.75106105028066,2,0.5168250801057884,95.96736295638709
68.30163744822813,3,2.1442766203557975,93.44194992798445
66.17968816019703,5,2.6364984588427616,91.14518625739854
66.82833453249921,0,0.34307930074641935,97.92972156572925
73.61646224457039,5,0.05330328984707247,94.61685916441203
82.04639847665489,3,0.8941362472865666,95.62935642708887
69.4991422700903,0,1.9342867081651285,96.15381306370637
64.4637199982899,2,0.7164526676170017,95.7634427987741
92.05783104891815,2,2.2226982094782954,95.33565370107195
69.47733299626594,4,0.029011993459337273,95.2390522576621
93.07434243891012,3,0.04584944695894082,97.19869778559477
98.45969298296448,5,2.8268905018622927,92.53071604691347
97.88645851600991,4,0.015506620176117678,96.67571498158915
88.64199892968578,4,0.12334417506737075,96.08408693640344
77.7119254617495,4,0.6990387624432541,94.84674975815557
97.14522248461577,1,0.2665222881840972,98.73743437840987
83.80851336507499,3,0.4248551826855704,96.28059944903106
78.83841009738934,7,0.010352586632242151,93.32949740091078
68.49789108781891,6,1.761891963225723,91.51062419852008
70.86532725097479,1,0.6280708778659042,96.98958130910965
77.19830479119287,3,0.5094009069180114,95.84863415125803
79.71278338131299,3,0.18593703085335345,96.36251473204163
81.8678272828852,7,3.42986782469315,89.37754997451248
75.9807513834774,1,2.627808148013366,94.84566779155783
92.03922801613459,2,0.18955126423396046,97.77449988372598
99.22272908242894,1,1.3552371631893136,97.53485185829427
89.55466708532131,0,1.612567658115046,97.54265216452801
81.29167503805817,1,1.2589052933315745,96.75389739990501
71.85430454053153,6,0.07749192782025735,93.69972491364227
62.110610314384104,3,0.437250264714922,95.1808301980613
83.1052701737769,4,0.6754422073094735,95.14473285991748
92.22858102672872,2,0.9429873934662641,96.87984417917691
79.28528395679368,4,0.7282512214075647,94.8903627321506
78.36496093146724,2,4.071466657112937,92.43248805803783
87.35465807341373,1,0.9682398977207982,97.40584502640573
76.3099242001093,4,0.10635884900447565,95.48786559120009
76.70667983267978,3,0.11986902770118475,96.29149115839256
74.18664819940331,5,0.44223400645534405,94.17865160222375
64.23497272852518,4,0.7544333000740607,94.10642867633739
67.27115468869448,2,0.8149789983998796,95.78558293635487
66.72814623066073,4,4.7593490273910035,89.42518847866383
68.81784016981676,7,1.6971902009731283,90.80426376732308
77.13831615395182,4,2.7932655846524006,92.30499710611471
77.25206825364059,4,1.082614587326708,94.36346590788997
72.33873125957936,2,0.4761784725772672,96.44552239588624
60.25516173626363,7,0.766769219172473,91.49263502380622
91.33191931824192,2,1.3877278387559184,96.301322559405
86.38023926605308,3,1.4622843038310567,95.16427079870539
68.9070431649234,3,0.28118761615663235,95.70792701885821
76.72579152651198,3,0.15845010220311997,96.24614945368185
60.663699225303915,3,0.03598995697321298,95.58999701289734
93.39788822777615,2,3.042090949690826,94.41938527175982
97.05855191824739,1,0.06028303279628125,98.98058795655683
82.95799464276041,1,1.3129117466546485,96.77240563615244
60.4521014635609,2,1.3313808008572021,94.8249481121494
75.90737657732218,4,3.51891688462074,91.37266856732123
74.98887882029506,1,0.8330056813746789,96.94983712336514
93.2945415864398,2,2.54990833826153,95.00483707340815
97.21593680677302,1,0.617498565928285,98.31979856122472
94.82753821829758,1,2.0943251643182164,96.42818671373301
62.05175395924862,3,1.132344272220697,94.34377457129759
66.45469433553532,4,0.4683195010477279,94.5607513155195
74.44298905364148,2,0.052932102813044495,97.05863092930642
75.67642251775636,3,3.258468684705641,92.47365870424105
95.82759777066465,2,0.4127048169275558,97.69613410822016
86.89535373166814,4,2.008835353607839,93.734165262254
74.41898020566215,2,7.355727345851312,88.29407619526154
66.24806031722397,7,1.4489699545143826,90.97363907044394
76.44761903477965,4,4.087025024152877,90.71795092275553
87.56350614992918,3,2.5587615383399482,93.90766146148852
61.60555436341466,4,0.43758803512073574,94.35517207602585
94.62249532688814,1,5.805713878020535,91.96426811271976
86.95355593080018,5,1.284767370918273,93.80595695143808
77.16249477210664,2,1.7682097542300288,95.13627303352929
69.33331290597306,3,0.2105729084649559,95.8139781551407
84.23987869084101,1,1.987241662429352,96.02730393962683
73.65274583800209,4,0.12768128954227737,95.32941974444937
70.34366364539136,0,1.496964444518347,96.72082584884755
77.0559342720649,2,1.635182788723068,95.29057736713557
98.612108945216,1,1.2901534371033296,97.5824213227368
82.55678267022495,1,0.1412630412971342,98.15832348395469
84.03648022636344,3,1.8814200538763646,94.54411994666654
71.7341368576404,7,0.0016690695476742974,92.9847039594248
70.87818237592795,4,1.9572267090337911,92.99523706795584
72.94121649941965,3,0.14876765896335098,96.06853963421496
93.26073332448894,3,1.9581181941157355,94.91329483328556
91.19283536040273,1,1.8679061487789275,96.51815438948542
74.26384703944822,1,1.1657698285203741,96.51426855774797
94.04602941703928,3,1.1940089141300456,95.8694907738959
75.19916315861579,3,0.5673260832188378,95.67916685806819
63.865793371510094,3,3.102675594188022,92.07007895554987
99.82275601962752,3,0.7730130134317381,96.6635221848633
86.90029050694596,2,1.5011245572526892,95.94366505664406
65.13303448755057,7,0.30987208349762735,92.28480522418037
61.02758579477633,4,0.2012398821298717,94.60989143118297
98.5391978989731,2,1.1692817004544889,96.92382185440327
63.44128628131773,1,1.3213408021408248,95.7864553514969
81.77379550537285,3,1.0341210667314247,95.44774449519093
87.5724164841076,2,3.4232224332419303,93.67075390431506
92.39697681211598,4,0.3159632858161702,96.0406928976264
88.06953095509029,3,0.5691986491849937,96.32043816873252
62.27525591110586,4,2.1174415856680957,92.37283289275358
78.16734650946825,3,1.31756464864143,94.9272897471037
98.77287249136715,1,0.6216950584419911,98.39260955443797
80.23726617278234,3,0.6571263126553488,95.8233117334527
76.02816667337866,2,0.7347571447412132,96.31969975997947
86.38761091721898,2,2.5207834665132167,94.69444038604509
97.62015811517611,3,1.3812266976869767,95.82353586853444
83.26946589684746,2,0.7457353284910218,96.66859090065314
66.50643260421941,2,1.2056694789440765,95.27851825547808
83.80918930877607,5,1.2515497096119053,93.68859981390452
96.3207418168665,2,0.24633148683745015,97.92043930663839
77.31085937367276,1,4.2093693899518385,93.01429970074143
90.20534469780785,2,0.9717986837909794,96.74410881434122
85.20372507446653,4,3.120766593573712,92.31526634143488
98.83760998418475,2,0.779857134810017,97.40605193743721
80.65133196790697,6,6.070156042394757,86.94837934752164
63.44528556254721,2,0.8693411133732107,95.52905494207951
85.75826317790454,1,1.3724167314218045,96.84101308118906
96.09613104442698,2,0.0743569736852278,98.11557818379907
92.819503379211,6,2.3015337393430424,92.0791346817489
83.9425197287104,4,1.4738492986534715,94.22850682805135
82.86430597931775,1,1.3908732789852631,96.67416736418357
90.54769077401282,3,0.8746475113977059,96.07780752502339
66.53467033593681,1,0.733368859637592,96.64669088523173
62.04600822481591,3,2.7408929069837225,92.41322892286033
65.81306769682017,1,0.11072119656588243,97.35778794896196
82.95463398708385,4,0.1547239180025694,95.76206299775112
61.76263446281526,3,4.377348451101432,90.43531358181905
93.68661506601524,1,0.27929029662560895,98.54918239735004
65.0777765501989,2,0.6650769389532043,95.8557965007661
99.58021333537289,3,1.2136177336604832,96.12266938637606
63.07032247554952,0,1.6649694816687948,96.15555274577493
85.67278067205741,3,0.6127908012881778,96.14829007205705
67.0832902158916,3,0.5683013907361121,95.27220284191125
75.72588517976061,1,0.29590605828575295,97.63120698904513
91.90056181185943,4,0.4940083172405859,95.80221810990427
73.99751414282856,5,0.7645708134785647,93.78239073096715
76.38691477170076,3,1.968843044303989,94.05673408542025
76.80044017182652,4,1.766729464088734,93.51994665168485
65.59949506887051,3,8.493806255408169,85.68740724695373
65.40869254851418,2,0.2592759955104797,96.35930343281314
97.97092424982468,5,0.991898868019786,94.70826757086749
76.73558133513333,3,0.9572495769836392,95.2880795743763
82.138871048394,3,0.657366460619236,95.91810379967662
91.20850594142534,4,1.9921807496076929,93.96980839754204
84.40431688144939,2,0.8147636199425723,96.64249950014138
83.97197148025555,2,1.0284806553296033,96.36442178761726
71.42503954248973,1,1.3185928984315023,96.18894049900669
97.65896950024262,2,1.4739740115967144,96.51417966109608
82.02126722384902,3,0.03423447889500124,96.65998198651845
94.46659538796405,7,0.2991133471594103,93.76439375280691
70.75190460120793,1,0.548823191872106,97.07900739981388
82.20535147012754,3,0.13782467947952257,96.54487795813095
66.87317841430634,2,0.7670207300408511,95.8232340446663
92.47464496041519,0,1.5720733474050768,97.73724423113467
86.75506124162742,2,0.2504704272167284,97.4371885494213
95.44685176223973,7,3.1773035215433376,90.35957836225998
61.96883658163046,3,0.22296805583076337,95.4308801620846
94.36447030587667,4,0.5622540619379184,95.84351864096833
76.4273053204113,4,2.284139913381134,92.8803973699632
90.63434575538969,3,1.6707816600712995,95.12677929568392
89.17239201908825,3,0.8365261187676469,96.05478825843323
85.80874303378656,3,0.3321517947765318,96.49185499795749
91.33548879983354,5,4.6953321246132775,89.93237589045575
75.0670576171785,1,0.9988048785955466,96.75478702654426
64.36054462563715,4,2.935285039744956,91.49568518358791
94.28923749479165,5,1.041459730736841,94.46471019785537
85.82900173404215,2,2.4322356083682046,94.77276735666027
94.4567218438207,2,1.6284570534898415,96.16868762800323
90.07300583826725,4,1.8313778967940202,94.10599681576053
89.67910918055944,3,0.08269009343353682,96.98472734690773
88.69859962447649,3,2.7158831823870586,93.77587016235935
81.95638526560288,3,0.9267766709947374,95.58568725808647
93.14835935272026,4,1.7911533486647961,94.30803394923825
74.51931361615486,3,3.2623483763493297,92.41114762918855
61.88786806789516,4,4.272474835276018,89.76742360106354
71.93089816936491,2,0.01615967988538706,96.97715329260578
81.77029348061004,3,1.1026542176830083,95.3653296128109
77.62659533697175,3,6.0890054928139845,89.1745231754718
69.99891563475319,1,1.3571598584405717,96.07135395160897
76.60582615970984,4,0.8144287485113854,94.65297680977183
78.32114466335474,3,1.3596966864433995,94.88442120943566
99.82937808205293,3,0.3426904396965941,97.18024037646673
76.74780573310737,1,3.69768317070427,93.60017048181024
93.75517644923715,2,0.10499769847159987,97.96176158429594
88.96116755091685,2,1.0773677367004268,96.55521709350533
73.9532762983452,3,0.05435850436723798,96.23243360967658
99.77321210742859,1,0.3158506926943637,98.80963977413819
61.55831385393857,3,1.688605778377651,93.65158875864375
80.35576280279521,2,2.2579297599442034,94.70827242820671
78.42934400966695,5,7.268121078980791,86.1997219057064
94.30122431007695,2,0.010510127902086691,98.10244906202135
76.13923876107998,4,0.5518620204239136,94.9447275135453
69.64660857231047,1,0.31076555287675284,97.30941176516342
82.2219827954248,2,3.1300609099433014,93.75502604783928
96.21195996042061,2,4.599324793612379,92.69140824568618
62.4090777960119,2,0.26920475810506667,96.19740818007452
91.32645723694789,2,0.10972021974197012,97.83465859815703
96.37718014743507,3,4.666653794492823,91.81887445398037
69.8784466796757,3,1.0754851353263366,94.80334017159218
90.77770317686227,5,0.5115578721179626,94.92501571230156
75.08215724006796,2,1.7628188783203171,95.03872520801902
66.70266157218026,5,1.1879448888092277,92.90959921203795
63.49786007199542,2,0.48028330856557133,95.99855303332109
98.22597869065957,2,0.29602172229322177,97.95607286778112
75.6887117373416,3,5.965448603673032,89.22589726245944
75.26465996436539,3,0.23677304738456315,96.0791053413568
97.52256558272525,4,0.6114765875903643,95.94235637402782
72.54812499028625,2,1.3612457956693618,95.39391129471107
92.57535682676325,2,0.4066963138206526,97.54073226475337
71.99590371978145,5,0.9496049970104714,93.46026918957651
92.03754886165721,1,3.2271665638329656,94.92927756648331
73.71718651036784,1,1.757001368814798,95.77745768294064
72.64405246187883,1,0.41324258720842966,97.33631151844382
75.4722896820752,1,0.5306841711202587,97.33679347875945
63.590380022406286,1,0.9920664847677382,96.18903921939904
64.92989832530206,2,5.064712654096988,90.56883973134872
68.23177507957686,5,0.2726953933458438,94.08435428196383
96.65956604462056,3,4.556784130077663,91.96483734613783
89.517110759952,2,0.4457154223943803,97.34099703112435
78.6014533688364,4,4.887623436751322,89.86492454434023
77.79409731310163,6,0.8529319438246941,93.06618653306545
93.93887097625058,7,0.07893620488902547,94.0022201029457
76.07505084946958,5,2.075662924863472,92.31295703263731
81.82783875252103,2,0.988412096169422,96.30529742222275
68.64125761572289,7,0.43587517104952744,92.30901267552672
77.86905874810563,1,0.0014157908458543756,98.09175398839025
61.57060206594641,5,1.9535720741694917,91.73424361429393
84.01005640398333,6,3.415336814055797,90.30209864333222
64.77524045352787,4,2.89185745785967,91.5685330732448
73.60017544239568,4,0.8440905818417757,94.46710007390965
66.61999098654623,3,0.3569020965505419,95.50271703346667
61.659893020396254,4,4.590249860796522,89.37469481806399
88.76980802303328,3,1.9424053462533513,94.70760398564764
64.85211992022137,4,0.7164185250011434,94.1829037660097
84.68776908467866,6,1.464776107445538,92.67665712529929
84.09876681829066,3,0.33013963620225084,96.40877077747183
92.20697589441508,1,0.8597060093995229,97.77870158344133
86.33229758024248,3,4.05163474899781,92.05465318021476
96.90580558414288,3,0.9658756870031727,96.28623945480334
73.45293577081334,1,1.207173932734798,96.42403806925891
89.62654324266504,1,5.388249390013884,92.21542789411659
80.72041725504391,3,0.11677341685182341,96.49589276253
64.24641414189868,2,1.054527969072524,95.3468871442079
90.74988525450053,1,0.190404824594968,98.50900847321107
61.45844203302474,1,0.18829803864206013,97.04696445528077
61.806054576491675,3,0.06111195379477332,95.61696838427086
77.96314056539504,3,0.1691209613231961,96.29521187468191
74.67193282585073,5,1.8102939500131456,92.56124390127677
71.40823210721656,4,0.5741755567334984,94.68140093728063
96.98567164514546,1,3.659340190647855,94.65807535347984
84.41452031272628,2,2.8663052888301808,94.1811596690401
82.36872527073832,2,4.973294393671193,91.55048299113149
75.07944669147366,1,1.7238211393416838,95.88538696736366
97.30266834823843,2,2.180878623385734,95.64807906934904
76.25666146296075,4,0.555925478511742,94.94572249893395
68.07179793009828,4,2.1186562289238298,92.66120242179632
78.96631783516318,2,0.5921667038151086,96.63771584718003
78.74227978364539,2,0.20950206949992808,97.08571150578236
68.14139495547586,3,0.05255705052290107,95.9440012871463
77.83302199308065,3,3.666736085459316,92.09156779710285
75.51891017591545,5,0.6774299110729656,93.96302961550822
97.5272469009889,3,3.9761617230087074,92.704968277439
68.19209636224838,2,0.7346316365104272,95.92804685429991
71.31061828240394,6,0.8551496081686683,92.7393513843178
94.78134687259919,2,0.5922785749375031,97.42833305370496
90.24768936427122,4,0.09035446298839578,96.20395911262749
71.99717589892265,2,0.7661959819836842,96.08042361656571
62.29567374753094,3,1.639269835832958,93.747659884377
76.77338721677154,3,1.7651207824545168,94.32052442189315
86.45370715778898,0,0.6888925540651519,98.49601429301127
99.16127363166669,7,0.9668451706347544,93.19784947682163
75.44203742607343,3,0.9825057853242662,95.19309492891455
62.7501562568995,3,2.627060580786216,92.58503511590152
82.3075476474181,2,0.5155891172326311,96.89667044169175
78.77627367957032,3,0.5304324117265452,95.90229478990666
91.20192348160174,2,0.6068395992744456,97.23188865495075
97.59697491542835,3,3.3265402038026526,93.48800050120823
78.41421492539308,2,0.15254179837027795,97.13766058822532
88.81826965851025,2,0.033133327528092935,97.8011534898918
90.97942412479163,2,0.8388472691610926,96.94235448324628
61.08426609344932,1,2.152533125436415,94.67117355414877
95.73217975152491,3,3.2761972282699547,93.4551723136523
95.75734042679963,5,0.4900383887822889,95.19982095480124
98.35487492761641,2,0.49069146024784827,97.7289139940834
76.19874349504754,2,0.12927202275926095,97.05481074744127
66.18083319962076,3,0.13647491497106887,95.74527176201576
72.12879135377003,5,2.4965031493002856,91.61063578852816
97.93478211155676,1,4.856564463422741,93.26886174947055
81.50160574561386,0,0.44686530033273864,98.5388419268814
77.99774697075438,5,0.780418397337654,93.96338527173253
66.76647575369681,5,1.7810183744656554,92.20110173832606
80.60668113546356,4,0.72801903921455,94.95671120971572
73.87835801510343,5,2.490929006593629,91.70480309284281
69.53158682212367,2,0.013692860832984835,96.8601479081066
85.93190109195206,5,1.2631895046512138,93.78076764901614
94.71918506923612,3,0.9184580056956588,96.23380964662701
75.7791756335543,4,0.6416856098182738,94.81893604989578
95.82222963495539,4,0.4792225769348889,96.0160443894259
89.45892698476291,1,0.7323435537093748,97.79413408478689
74.13892768242883,2,0.3202687161644928,96.72262392472405
72.37878196354404,5,1.715173389763935,92.56073103046049
88.63938774166897,2,0.09936149194313444,97.71273559675168
83.84570598199588,3,2.78505059810126,93.45022458137828
78.4131620257106,1,4.596246911262027,92.6051618077711
62.906623503246266,2,1.1805311705205954,95.1286937705376
65.02573969649256,2,0.7943612682113248,95.69805346297103
88.16125810366628,2,5.623360133050134,91.06003074552315
98.18665427516275,2,0.5716801117978934,97.62331657960067
70.67178197735323,6,0.09425881784883947,93.62047851744906
88.0626106241177,0,0.7893723839102236,98.45588367051361
73.17517077208302,4,0.8867697949043967,94.39463478471887
89.08074108056536,6,2.090269510971716,92.14571364086221
82.73074465075074,2,1.298800720795609,95.97797636758281
95.56002443258663,3,0.3976261256458832,96.90084987085427
79.68006917728331,2,0.5847046357575036,96.68235789595516
70.32430572693659,3,1.844554434381461,93.90274996508907
64.24855310353824,4,2.6965890122544085,91.77652084047162
83.09413604878671,3,1.5281623405321627,94.92091199380074
63.25788851564637,3,1.764747569887128,93.64519734191776
91.80046147713881,1,0.23588534356477187,98.50696066157921
95.08510247594006,2,1.5728315644622113,96.26685724644236
94.7199836758036,2,0.1788461079687909,97.92138385422763
61.97235948439299,1,0.45175502122697064,96.75651194874729
75.40232222875846,4,1.9972570954009985,93.17340759695672
71.00395526236498,4,4.003365150406601,90.54615958263032
60.985776185452906,5,2.587604182047318,90.94416379081586
85.85239734629525,4,0.8674009613204953,95.05173871373017
61.59791893144377,4,0.8350287870986804,93.87786140205377
78.76099758871534,4,5.394080481271919,89.26515330190946
74.40239607722904,5,0.5689692031749882,94.03735676005147
65.01004924384831,1,1.36576993841118,95.811578536099
94.78783539406535,3,1.6664753621435504,95.339621335131
92.85037681491383,4,1.1996648664990537,95.00292100094683
67.69972602543308,4,2.7842434093819546,91.8438942100133
77.52176303621535,2,2.1198605445462846,94.73225549835523
83.29740307553183,1,0.3054685357787615,97.99830791084207
62.28009550207736,2,0.07536915112612533,96.42356179375251
82.91081106747782,4,0.040453164474497705,95.8969967560045
89.40914072406385,4,0.6519108220603137,95.48816404973081
65.044405667145,4,0.3051976537700201,94.68598309883322
64.22601381795722,6,2.064638644943855,90.93373431696523
94.03411029288381,4,1.3005111904994917,94.9410920860448
66.6601418819806,2,1.0229275597472287,95.50549402240236
96.59339799987512,1,2.1342933250893523,96.46851790988653
80.02478129335724,3,0.25575625849349204,96.29433155447568
87.33717660629083,4,6.2111606183877495,88.71346608824925
71.68995826957551,3,3.702781375076017,91.74116026338756
70.62742259465054,4,5.178434154414392,89.11725014443526
78.11533441662047,3,0.543037515565757,95.85412170215211
63.720696370507,1,0.8247227591876869,96.39636750750013
91.82313505030345,1,1.5468326383406588,96.93495758650639
67.88731927872266,1,3.8602408571305094,92.96207693537951
92.85885011104763,5,0.4640765462687359,95.0860506500299
61.56025683051273,5,1.76540070847798,91.95953199135207
86.97174294800098,5,2.275967175917008,92.61742653629963
96.40784496578786,3,0.5574020195299307,96.75150982485347
90.48518481801298,5,0.10448276405287266,95.3988799240372
70.71989067537513,5,0.705776872056985,93.68906228730037
85.07013394169326,2,1.5845413816582918,95.75205703909471
76.20788570301319,2,3.6046763798332293,92.88478262935078
70.78520035068732,3,1.630884562091486,94.18219854302458
98.61794538402485,3,5.687244552270621,90.7062038064765
98.57412936143946,1,0.15829912491189335,98.9387475181777
70.86870395592719,2,0.6283397238474739,96.1894275291794
99.2553333696512,2,6.422110113693035,90.65623453205092
92.83396037052515,1,0.08743799881617659,98.73677241994685
64.81512598022135,7,0.6722835033647157,91.8340160949734
85.49208626152095,1,1.1479300665740424,97.0970882331872
99.84897972178555,6,1.390665150420493,93.52365080558468
85.20074722475309,2,0.025218127560310014,97.62977560816529
94.94137056980858,2,0.5785292652142278,97.45283341023335
80.24178769647347,4,2.1555051942644847,93.22548315170629
65.75504621559121,0,0.030262631820901435,98.25143715259448
83.46406949618242,2,0.8240550595989723,96.58433740329035
88.72272644803444,4,0.3550331234933396,95.81009657420971
69.46881903415331,4,1.6596716720606794,93.28183494523485
77.92341949132306,3,8.154706856495164,86.71052274677196
79.20734061047551,6,1.016994944058997,92.93997309765298
67.69263091137402,3,4.563104629823226,90.50890598978083
81.32221160378845,2,0.706977665472291,96.61773738162267
63.96584449110496,3,0.2697059979297502,95.47464502703954
76.2532892385507,4,6.257735734174277,88.10338158091841
86.65629218779677,2,5.06490359621081,91.65493029393687
66.99139951533463,5,3.3449654619198945,90.33561142146286
63.14506843959032,3,1.9785856604876808,93.3829506293943
87.38900655524019,2,0.7943178162045059,96.8162689483166
69.37300262602108,0,3.1728276363999317,94.66125696762114
98.62439325523536,2,1.7103269868595934,96.27882727853026
93.01759582994515,1,2.3415663829479176,96.04100013195976
84.65162993416578,0,1.4614637941303077,97.47882494375192
72.35670891375064,5,2.2165361471400793,91.95799206911944
79.35509058257037,5,0.33642506291055424,94.56404445363586
92.2047683501866,3,0.243618261465892,96.91789650375026
81.50324552206058,2,4.842131231718725,91.66460479804056
61.78352370936576,1,1.2550359907809148,95.7831329965312
97.29067535683889,2,1.1713792473299995,96.85887867104594
78.38251910022088,1,1.7300876103504763,96.04302082259048
80.12881659434538,3,0.28381328159737074,96.26586489180042
94.89578253419259,3,0.11353826176404899,97.20854321259277
85.07331617660269,5,2.1004414900350237,92.73313602078811
65.29882625367706,2,0.8118862307020707,95.69067783584137
94.13139194268808,2,0.45713141919451783,97.55801189410099
94.99064250215974,2,1.4638137273187966,96.39295565232543
74.2426919647658,3,1.8758645276665051,94.06109716503849
94.94712138242994,3,0.8367234840375262,96.34328788827646
66.43441173940391,3,2.52806217113138,92.88804598161254
97.44652166203986,5,0.9577115598558454,94.72307221127498
79.61249957639313,4,1.2756579653102968,94.2498354204473
69.53348842511988,3,0.4093777098422424,95.5854211694453
97.97124687023936,2,0.5502778524058345,97.63822892062497
61.406370010847766,3,0.8894173605639542,94.60301766786564
98.62071672939067,2,0.9180826168754721,97.22933669621897
90.38080594867776,2,0.8143337587100246,96.94183978698186
91.03460260811147,2,2.0321667455520465,95.51313003574312
62.091164130750386,4,0.576785791985647,94.21241525615474
96.2364668493859,1,1.018955543423215,97.78907669036144
63.27753756152585,5,0.47153703086988735,93.59803244103243
88.09594884322394,4,0.1809583549513467,95.98764741621957
60.15673499804373,5,0.5025268935365814,93.40480447765829
75.03884887716556,2,0.027290267633043958,97.11919412269863
64.09328718136253,5,0.17210714325257404,93.99813578716504
95.0373208874482,3,1.471610134974418,95.58593388240311
97.84747575965045,2,0.09745988506091824,98.17542192590942
67.49387165307155,0,2.0400799083205268,95.92659769266895
88.93321215975853,2,0.5375336485871964,97.20162022968329
69.9590759664546,2,0.784873415326349,95.95610569993111
99.46277963117306,1,0.08140852881767305,99.07544874697744
85.03364779929504,1,1.0759711863545776,97.16051696633926
81.08030498326136,2,0.5758871406807496,96.76295068034617
83.73985663287405,1,5.26569258192382,92.06816173333512
60.879272592384915,3,0.2360840096784847,95.36066281800507
87.8972646894877,5,2.769580714578379,92.07136637698034
68.37224303336833,2,3.789344139753787,92.27139918396387
86.01020284374647,2,0.6169512577758043,96.96016863285635
76.09041654734168,1,0.19741726843408008,97.76762010524618
76.03881306753408,3,0.6848641250997602,95.580103703257
74.93412644127326,3,0.6852684455931446,95.52438418735188
64.23220099426057,4,1.296130786575127,93.45625310582288
96.45367264865635,2,2.7786489101789793,94.88830494021805
85.76852063958472,4,1.1783082416185526,94.67445614203697
89.62038084873274,4,0.13510989767201254,96.11888716523022
78.55239298697505,2,0.7670633334531047,96.40714364920503
81.99507684624842,4,2.861131001826842,92.46639664012021
66.264512595706,4,0.5415963323414807,94.46331003097552
85.52897660162446,2,1.1958022646794286,96.2414861124659
83.63465069580458,4,2.630550130391813,92.82507237832006
82.5062169161097,5,5.098384614832889,89.00724930800602
78.08860400406871,3,3.0385459025793393,92.85817511710823
95.25002726727558,1,1.9340668036009472,96.64162119904265
72.46049196055944,5,0.7078652934304375,93.77358624591145
74.6936206110912,5,0.4876041350586653,94.14955606848416
97.3365250809382,3,1.443906375096193,95.73413860393148
80.38035492896807,2,0.32227809438205646,97.03228403318994
98.02978852850687,2,0.05743503765529893,98.23256738123898
88.68725788187031,3,0.27631084272905704,96.70278988281865
67.5973897464408,2,1.5544607024192698,94.91451664441891
86.03886980874178,2,0.479618767207502,97.12640096978808
99.20021852787268,2,1.0953571294555369,97.04558237104699
61.50114630127212,7,0.9402685087859999,91.3467351045204
69.60980073857216,3,0.26917533355510675,95.75747963666248
80.14877738359826,5,0.06032324446679008,94.93505097581976
89.65234833403049,5,0.42485086401102556,94.9727963798883
78.38459006931706,4,0.1384069045536478,95.55314121800147
76.54662094332828,5,0.8713440975212086,93.78171813014096
94.27800519477552,4,3.291932238357438,92.56358157370985
73.16295117842911,3,0.6513316337717718,95.47654959839532
94.26287954733343,2,0.7305476870501612,97.23648675290647
96.61664805866815,4,0.4562748498889051,96.08330258306673
77.4428192087725,3,1.3403434859164904,94.86372877733884
88.85796628438288,6,0.20224862877382138,94.40019995969055
81.1813446008983,1,1.9247361748196181,95.94938382026137
61.2994638676066,4,1.2033986828685066,93.42089477393812
93.64384682464406,4,1.4334399461199987,94.76206440588821
76.22857696723791,0,0.6399300225151856,98.04351282134367
70.60914090010698,4,1.1586785230533527,93.94004281734132
62.82200254839579,9,1.1267293391097133,89.58902492048813
65.07491312252372,3,0.3250723112701949,95.46365888260195
79.65321727648524,5,0.7935261324141953,94.03042950492723
68.7079919542893,2,0.0392679941124904,96.78827800477947
68.87117967734186,2,0.9649739943587423,95.6855901906366
60.39876938938074,3,2.891527930098107,92.1501049533513
87.32702252959272,1,2.8014467372559424,95.20461504177251
91.96328583087818,5,0.3836252160506487,95.13781403228313
68.47192599526011,2,9.815508676850692,85.04498588754217
60.99268845780597,6,0.11761085466726354,93.10850139728959
70.01434918283422,4,2.4518784783341725,92.3584632851407
98.6931244541388,2,1.2285304952376315,96.86041962842178
80.11133767386723,2,1.10668618757418,96.07754345860434
83.42617341715197,0,2.1469751409385522,96.59493850173133
88.52057167446964,1,2.1093326377838126,96.0948294183829
98.20700641912529,2,1.290348154043213,96.76193253610441
66.1936557858982,4,1.2386843359939363,93.62326158610219
60.23458911548645,2,1.8403688616428637,94.20328682180289
96.8015265643621,4,2.018092863481588,94.2183648920402
63.46479043418776,3,0.31804976241503075,95.39157980681135
91.62054430134592,3,2.0734476377050925,94.69289004982119
70.89261588724331,1,3.802843906289363,93.18121810681492
83.26355351399022,4,0.1862169274465378,95.73971736276367
65.16260499316252,5,0.0555262803226827,94.1914987132709
64.07389060569531,3,1.9390320942381396,93.476856017199
64.52924893036501,4,2.4740736554611344,92.05757405996489
87.71513710786608,3,1.643867489172472,95.01311586838634
80.98689226742489,4,0.8962210255600173,94.77387938269922
90.25424218974537,4,3.4329775807913263,92.19313901253767
95.85026865886316,3,0.5798617858148873,96.69667928996529
67.13326049712865,2,0.5797462720111786,96.06096749844302
65.39913944286569,3,2.058303949468109,93.39999223278156
95.7403988557327,3,0.20944145654913,97.13569019492768
73.82508148144636,2,0.2118434751617621,96.8370419038782
94.3497987411832,3,1.5982130500877496,95.39963427695386
69.32750217686466,3,0.6993930683083187,95.22710342687324
74.06839271835233,1,2.3419102997987515,95.09312727615911
68.71123207070275,6,0.5237009655651451,93.00712044485697
82.8485167100607,3,2.5553220472796467,93.67603937876746
97.1968705258266,3,0.39610179899834513,96.98452136749331
88.35600025006329,3,0.8637970113535263,95.98124359887893
69.22938360828215,2,2.6367434690387395,93.69737701756762
77.10676343296676,2,0.14097310956750156,97.08617044016734
98.46174891524439,4,0.26328902533702236,96.40714061535779
82.5265755381582,1,0.4079588595141885,97.83677814549088
97.53790561641631,1,1.266608326024937,97.55696528959089
94.4737529317932,3,7.407220461434324,88.43502309286848
76.31576947120762,2,0.1356380815251496,97.0530227757302
60.05713372316707,5,0.26108275498451583,93.68955738017694
66.56254353061341,4,3.1967029505417637,91.29208363588056
73.13020357109349,3,0.8427343837705508,95.24522891803001
71.49030779508271,3,0.6577929463421335,95.38516385414357
79.27600668439909,7,2.6220867137188772,90.2172962777573
72.14015636591809,3,4.889993758752238,90.33901530779322
72.51378512022673,2,0.17571645268117952,96.81482951279392
68.77557556784986,5,0.570724429708481,93.75390946274231
90.95980349176037,1,2.3811066037492425,95.89066225008892
79.08585503956198,1,4.043529370836423,93.30205750697439
94.38011902499592,5,2.499842516853698,92.71919493102536
67.88970664668068,4,1.074702446609579,93.90484239640254
96.74086121772484,3,0.26044990682754077,97.1245031726932
98.72088688182956,2,0.1339166140267399,98.17534440725939
96.37774656146524,2,1.3707320906018499,96.57400881935104
62.869413749897,4,0.594030009883094,94.23063467563514
85.11834941371632,3,3.5954357851924046,92.54139452845493
98.31066632704889,1,0.5422389718635631,98.46484655011616
75.7135630592561,4,1.451381303128406,93.84402058920872
73.60891977805028,3,2.1964758397609883,93.64467498118933
70.6235039322944,3,4.302218830720722,90.96851259974986
97.26925699015298,2,1.0699791569406751,96.97948786117884
78.42330202778666,6,0.5786251185543276,93.42681495912414
76.87096967744503,1,0.05777527167621935,97.97421815786079
85.73478900279042,1,0.39395610818036525,98.01399212032308
92.07655811344506,4,0.3637940267019886,95.96727507362986
71.67468708145599,3,0.7964061472415443,95.22804697738295
97.37643178284858,0,0.354107980385301,99.44389201268007
82.63554420407036,1,0.7738546332217143,97.40315165033746
85.96615859323491,3,0.8355987346422185,95.89558944809109
65.15017749472221,5,2.5067126217648323,91.2494537286183
94.68608604004487,1,1.2531824779159173,97.43048532850314
90.53179647989126,1,3.2119129309065775,94.87229430690667
60.80486887412296,3,2.5671912641015093,92.55961392678434
74.39299602546265,7,0.5310541209402881,92.48238485614479
65.05856981614285,4,1.3807742520302893,93.3959993883708
62.427322758027294,5,0.0593793685146434,94.05011089568379
67.76515081783889,5,0.954316704558599,93.24307749542163
66.29486333399642,0,4.403449434001945,93.03060384589749
69.62850342654028,1,3.9572493809310347,92.93272591420977
83.18948459759088,4,0.3101166232432009,95.58733428198771
93.24983220359769,4,0.41411320766552945,95.96555576098125
68.32927234432857,3,1.0525659964982528,94.75338442141853
94.62580145490928,1,0.6610278333978418,98.13805667266806
89.90607298259911,6,6.233243207848245,87.21541179971206
75.3392449030017,2,1.3220308065990078,95.58052527723127
83.47071631378364,3,1.1572863322609188,95.38479221697608
86.54498883069198,3,4.04673626060876,92.07116592880409
75.32235225684013,1,0.3444728878784493,97.55275014738787
79.48330177294312,5,2.434212176047223,92.05311047739049
69.8786164986825,6,1.3780298807076155,92.04029496808499
61.37191605213247,2,0.6813077866087924,95.65102645867607
77.29748666866013,1,1.0508371442380406,96.80386976034735
67.30500521012405,5,0.8504779034514796,93.34467677636442
79.36737993290387,1,1.5919497044494895,96.25802935130581
84.74340596288462,1,0.14300876269354573,98.26555978291198
96.92894987940915,2,1.3465089216227826,96.63063678802312
93.42286820362594,0,0.4050248092423917,99.18511363909043
95.5899596118152,0,0.3373409413198912,99.3746888510069
98.36096703891863,2,0.042894519317421595,98.26657492876502
69.7898031854771,5,1.0919742276106663,93.17912108614105
96.32334748239418,2,1.2725890178292756,96.68906055272458
96.29852705385701,3,0.98665533816641,96.23093994689316
62.81842710667833,3,0.9266943058502244,94.62888818831365
86.85217694257119,4,1.6586978915565425,94.15217137726071
65.05133890338276,3,4.067932455478751,90.97104799859464
88.79838157477919,3,2.204341909780977,94.39470878700179
64.15837503649558,5,0.5662659883028379,93.52839956586138
83.2387434652637,5,2.946469633443677,91.62617361313077
78.33013259060192,2,3.2683166538764943,93.3945266448783
75.13390326730588,2,7.18474698689815,88.53499877908752
90.81751211169347,2,0.7903332416621328,96.99247571559012
91.20336094939859,4,1.0455387816922599,95.10552150943921
84.20285013750976,3,2.5128290429683195,93.7947476553135
81.67041279764061,4,0.21843523850726418,95.62139835367331
80.73598506532261,2,0.4370650537016592,96.91232118882414
76.26546107539882,3,0.46634395406832896,95.85366030888795
80.36453540750088,3,4.163801908603408,91.62166448005095
96.49018244404623,2,0.5398990107958811,97.57663030924725
95.80340691065258,4,0.01403085363292244,96.57333332117312
77.69574962992775,0,1.177492182818326,97.4717968621144
73.54216109748205,7,1.1387156744412472,91.7106492455446
71.38047838969777,0,1.6564025090254282,96.58134090865437
94.51083109836902,4,3.5143774540756016,92.30828861002773
72.8265101894573,1,0.06730948367149389,97.76055412906707
88.81492850928811,2,1.6627825464930286,95.84540736967277
60.016061761013596,2,0.7322181504004281,95.52214130757017
79.39434958864415,4,0.8436413656344339,94.75734784067089
95.00034798975881,1,2.1306131751137913,96.39328158935139
84.24055327744325,1,0.2271049531342907,98.13950172011101
84.90197584852456,3,4.4470818537908166,91.50860056787725
93.698564273423,2,1.018219646817026,96.86306463749072
66.42853396763942,3,1.52992247024677,94.08551973408585
65.161456355577,3,3.6753664770806957,91.44763304528202
93.31976554212002,2,5.110772641795478,91.93306110695143
81.06379770359158,2,6.813224637018357,89.27732032075755
61.5716778060277,4,0.98770190194026,93.69334160797307
88.11465776200406,1,0.36227601824573274,98.17100166620533
89.5260301936676,2,2.966681290835017,94.31628396068136
97.68741817958553,2,0.0765941943625557,98.19245787574421
70.74000304789982,5,1.07793201168603,93.24348173837176
70.7109725841647,4,0.06467517045061708,95.25793842466749
79.85180502002558,5,3.1235275368998323,91.24435720672147
88.17974545646739,4,1.019598819751372,94.98546868912172
83.16519216140196,4,1.3901706030456227,94.29005488441535
64.8384264895397,1,0.7732184859712059,96.51405914131153
83.55241080624893,1,0.2881700982628026,98.03181642239709
99.48400343696466,3,5.586502733433151,90.87039689172845
71.45036141532734,2,2.493143973798475,93.98074530220819
81.4631276011448,1,0.2659981849708337,97.95395855809224
95.80135435413747,2,1.7597547489775476,96.07836201893382
82.8963090387106,2,1.6612279610087541,95.55134189872503
98.82672111175482,2,0.8877518185030913,97.27603387338404
70.16589120511257,4,0.1347400031882536,95.14660655642973
88.56476563699664,3,0.9499913718221058,95.8882486356633
74.70834032510173,1,1.6347807573004407,95.97368010749456
86.63137605875484,2,0.35429015062444813,97.3064206221884
60.921883536264296,2,0.4919259815435948,95.8557829989609
65.09632286781716,1,0.21615621958188092,97.1954286798926
85.79026906360372,3,1.5782857495696536,94.9955705536966
64.65094721171522,3,3.0757983167922287,92.14158938043508
99.95618799052306,3,0.9793183460355921,96.42262738428344
74.69110805122837,3,2.717516685999917,93.07353537936152
86.03153283387607,3,3.0695577029178183,93.21810739819242
80.50999599175718,3,3.0783450124503435,92.93148578464745
77.86958101245571,1,0.8682963930490074,97.05152337896398
79.85291085137516,6,0.7594819077765407,93.2812672532369
73.4739080578861,2,0.11301469881698091,96.93807776431393
94.01270832630397,4,0.20851895063699238,96.2504126755508
82.2727344111323,7,0.1796255736246221,93.29808603220707
84.37871053466488,3,0.08705055130769374,96.71447486516401
74.7753059033034,4,1.3205727021153602,93.95407805262674
81.90464402614988,2,0.19050910261515497,97.26662127816931
68.98329530615604,5,0.7505257350545933,93.54853388324229
67.67492737618007,1,6.794632650586568,89.43018718810512
66.67318819801051,0,2.2680019142394587,95.61205711281318
70.10344026738898,6,0.895662007100531,92.6303776048488
67.545289856963,5,1.9127537096132206,92.08196004131229
80.0122062541806,2,2.5775535288958777,94.30754607803398
61.50789561690682,2,2.0574858875351953,94.00641171580311
60.33418816688554,4,1.6711034105875002,92.81138531563927
75.77364585402657,0,0.19202154558588236,98.55825643799827
81.38218179024156,4,0.3198199998710962,95.48532508966676
93.59992892975771,4,0.017774713153756262,96.45866679070338
99.89691756214216,2,1.3020672601166003,96.83236516596719
96.16139945818237,2,1.4704256975736314,96.44355913582076
73.45801407270041,2,3.482898186054549,92.89342288036956
75.88747545268515,2,2.0463253308363116,94.73878337563069
98.84879647541977,3,1.7597907710443177,95.43069089851781
80.5373798850328,7,6.165463961445862,86.02831224051661
86.69404652201584,0,0.5931724542789003,98.62289538096611
84.9325773503623,1,0.8968216103933186,97.37044293504613
73.3076071877068,2,1.7526351419939723,94.96221818899258
80.58284465071202,2,0.11245607891352474,97.29419493783936
65.89812037064718,2,2.0994520144118884,94.1755636012381
88.65301373904111,3,1.457167822348775,95.28404930013353
91.11510822147508,2,1.5441977542976544,96.10271810591657
87.71204794519635,6,1.2936880967286408,93.03317668118545
89.97261420569737,2,4.16009166789725,92.90652070880817
81.19502502072825,2,2.1921048500234486,94.82922543100827
89.88898580354348,3,3.1942736641648213,93.26132089317939
70.26646759583657,5,0.4870553145754756,93.92885700230126
99.86733111738718,3,0.04732404661911103,97.53657769992643
82.16725021795196,3,0.6853399036566742,95.88595462650959
69.48281564696713,1,4.6229696377193985,92.12657721708507
68.93021604277443,5,2.0689114265156383,91.96381709031996
96.12202612410061,1,0.8289633336582796,98.0113453058151
97.34715624531741,2,0.0011847343818608032,98.26593613100763
92.40560362981844,3,1.6416592732781634,95.25028905355713
63.14794306830038,3,0.9337283779040331,94.63692309993019
83.97722168110487,2,1.6287152495925468,95.64440278454418
66.33132202797495,2,0.425945638411122,96.2054313353054
89.9350099771273,3,1.4272783244120923,95.38401650956186
63.50870566879857,4,0.712282948017483,94.12069574581895
64.11784578801145,4,0.6101834849149518,94.27367210750263
61.02969638988865,5,3.1704823519347953,90.24690599717268
60.52040853703491,4,1.3063484137135517,93.25840233039548
81.9573009799735,3,0.0010756736589646303,96.69657424060792
97.47413720364061,1,0.45871498350419004,98.523248879977
61.51280546208141,2,0.18376186039928546,96.25512604062493
64.27965044698493,3,0.37864618377163894,95.35960710182329
62.26062763187029,1,0.3918881368278883,96.84276561740005
80.63783514101694,4,0.7198309855309369,94.96809457441373
76.47409132577988,6,0.33559504945336194,93.62099050694496
76.5386306684064,2,0.9122741049346358,96.13220260749875
84.22796961839502,5,0.9373624014889878,94.08656359913297
92.82943363262922,3,0.02060058473798736,97.21675097994587
72.12878186874364,4,0.7927788150764061,94.4551045153455
69.25394852800602,1,0.08538321871311877,97.56023756394455
67.92522967294308,0,1.4803047937630442,96.6198957311315
72.65501629550732,3,0.012731118695036583,96.21747347234133
93.56831812157836,0,4.224618694474657,94.60887347270933
95.68297404374482,4,0.06870216445845417,96.5017061048371
62.16190509398906,3,2.5944276152595114,92.59478211638805
68.40189349168278,3,1.0504694133331518,94.75953137858436
92.06570359325468,5,3.243279554175368,91.7113497146523
83.08081606762234,2,0.06772445868219959,97.47277145296248
99.6836874811528,2,1.0165492194472565,97.16432531072093
95.22602309858311,2,0.0035253502557917316,98.15707073462221
69.79199492006904,2,0.7938933272566913,95.93692775329542
85.91348154432906,2,4.230074910202141,92.61958418497389
70.42665530248406,6,0.6169275959957042,92.98101964992935
70.50034417066176,2,0.6678822124627601,96.12355855357778
79.01436270723474,3,0.7204659907685702,95.68615894643945
65.63474415803445,5,1.3857808788277488,92.61880015330843
62.2853087737332,4,0.05903392006887914,94.843424734604
95.15524583651408,1,0.9479687290453473,97.82019981697128
83.93224302784076,0,0.482159572256257,98.61802066468454
61.31199497107584,4,3.5442893173046324,90.61245256778824
80.64991292800242,5,0.3554961591357692,94.60590025543719
87.5317199370902,4,2.3566961718819113,93.34855059059622
93.54487184792228,2,0.5671568665319509,97.39665535255777
64.67216430935808,2,3.5861010039118657,92.33028701077366
64.17921267015832,2,3.8376180542427107,92.00381896841667
82.73888808627278,3,0.06078182147037184,96.66400621854919
93.57632150437088,3,2.2191960710196104,94.61578078999501
78.92852747537594,6,0.3922117497602735,93.67577227405647
76.24328530239083,4,1.5417120634787234,93.76210978894507
69.82526296195257,2,0.47490728935468995,96.321374400872
94.20437687989761,4,1.8314917025785622,94.3124288009006
78.03946010593376,2,3.062602467088629,93.62685004479033
65.54610116453215,1,4.838335585465387,91.67130235566815
87.72677441015384,3,0.9827601792945775,95.8070265053542
82.07314934136674,3,5.056868532965592,90.63541522750963
60.594244900300154,3,0.8579592741453048,94.60016111604064
76.5938740120638,5,0.6924290594319875,93.9987788292848
79.44230167610723,1,0.3608184088306619,97.73913299320857
64.22054585604805,4,3.234421339449958,91.12972168546246
94.50700651782904,5,0.31803071786357295,95.34371346445516
77.63019773765271,4,2.4229689771712324,92.77394711427715
84.17522876331233,4,0.5462282362681892,95.35328755464379
98.94970328153974,4,0.2825878965886458,96.40837968817061
81.1933555584828,2,1.596060247681863,95.5443954807059
71.33186111990808,0,0.2036197221979421,98.32224938935788
97.34461511340376,5,1.7160137190745401,93.80801429278074
62.541428896956745,4,1.8237054712686165,92.7386248793255
85.79424173718907,2,0.54301339866194,97.03809600846512
96.84277945198326,2,2.6042182454609573,95.11707707804601
64.12587043513444,4,0.7719861287801225,94.07991016722058
91.33160369755466,3,0.708157113249511,96.31679164897832
74.527564948649,1,0.8596219079497669,96.89483195789273
67.79175210575707,5,0.4037968048115218,93.90503143951403
89.22058616105306,0,0.14934680233646244,99.2818131452489
60.27152696094359,1,8.20985200468063,87.36175394243043
71.55239879816358,1,4.126254267433587,92.82611481898788
80.80640892097583,3,0.3484325870718634,96.22220134156255
75.11187295637646,3,0.10224508862973278,96.23289954146314
67.65156626786057,4,0.20378727649889128,94.93803358159435
62.341464003202006,1,0.2867597317066347,96.97296152211214
90.430372335478,0,1.2240238640449996,98.0526899799199
75.1784552237386,3,1.9830192120025043,93.97929970678392
94.85107952484628,1,3.4211738530623776,94.83714535256746
73.99581854589594,2,1.3349539683549734,95.49784616526883
81.00563407078519,3,0.152911764180398,96.46678758652278
81.9208598891654,4,1.6967427948085978,93.85995164068795
60.97707531762533,3,1.3405905377960177,94.04014512052605
96.5282384725669,3,1.4622360860304515,95.6717286203918
76.51357591035625,5,0.3040151815383521,94.4608605776718
90.33614692136813,0,2.5464039068486386,96.46112265785004
60.55796074767646,4,0.1713705731366888,94.6222533496198
62.785834709930626,4,0.7614639877587364,94.02553495018604
61.0578761039067,5,0.873145034561635,93.00511976372137
60.71831455000604,1,5.23206432815738,90.95743853371144
87.72838168875471,1,2.2131680665884796,95.93061740453156
93.6575903982498,2,2.64502270297821,94.90885227633864
91.53100832683319,2,0.061748957153286446,97.90245166775772
68.04546170361509,2,1.0655587060501428,95.52360263792059
79.07015502033312,1,1.393690228001188,96.48107947741524
75.82979319389418,5,1.7871843769316884,92.64686840737669
68.242951197487,1,2.617099738942797,94.47162787314299
65.03762564190002,7,0.9311192727952815,91.53453815474066
97.63863151371174,5,0.9459861596786481,94.74674818407121
98.72290011638714,2,0.9462714848187113,97.2006192240369
85.86484534630222,1,2.8702692815756765,95.04891912942429
81.93603746967646,2,1.1352779837217626,96.1344682930177
62.06742719644527,2,0.39867788955027017,96.02495789236194
78.1348242241663,5,0.2549933415456137,94.60074920135358
77.48134901799084,4,0.3858982773265246,95.21098951810771
83.02004073876236,2,1.6310913065425023,95.59369246908712
94.10154963423868,3,1.355973975500925,95.67790871111083
63.607828008009776,3,2.327884509178972,92.98692998938571
88.16417443086547,7,0.909031230898897,92.7173712444646
68.37151046120479,0,0.41463103449260774,97.9210182816691
80.3889268641426,4,0.2149666759613655,95.56148633205349
61.9183092974795,4,0.43882580500536816,94.36932449886753
69.1224726760008,0,0.20948067049397454,98.20474682920727
72.37072445998781,2,0.20945173380800464,96.76719414242979
67.9632925131183,1,2.975478634599234,94.02759026413683
98.45998716948588,2,1.535439063932078,96.4804724817558
76.55704232210356,2,0.8073389905573156,96.2590453274364
67.18637156119648,3,2.3103338121641928,93.1869180034628
86.94067147269035,2,4.3502182586193845,92.52677166329126
65.66445402471598,6,2.440958212486578,90.5540728462519
99.82416807214024,3,0.0230738200498336,97.56351981954721
68.80516976790106,2,3.0983595141337124,93.1222270714346
88.19644530925345,2,4.692907492506531,92.17833327445484
60.12083485424645,5,1.0819368055750764,92.70771757602223
69.26331965155998,2,0.9485061329898286,95.7249586229902
97.54312958344133,4,0.5699260770914315,95.99324518666235
76.9797133070614,3,1.9826032468161823,94.06986176917366
60.016411577567,3,1.581949638911658,93.70248101218436
88.50405629193573,4,0.9168438066176658,95.12499024665559
93.84775464617493,2,0.8337503227353289,97.09188734502635
81.49667754399228,0,0.8807853781609873,98.01789142340643
91.254248735808,3,1.2214393991218395,95.6969851578442
91.49395393638828,2,3.2780442793803894,94.04104456156294
78.83049569550411,6,2.437174000012158,91.21691598476062
74.94601185491936,1,3.6903404061568246,93.51889210535778
63.64145259781767,4,1.3510165639430212,93.36085275315926
90.88127143889419,5,1.1714383551112753,94.13833754581118
96.76153108114684,3,0.7359569797409226,96.55492817836823
71.47467499931176,2,1.6979954293243635,94.93613923477635
66.9128020582581,1,0.47201194739274593,96.97922576604161
90.73684284468968,3,3.1021626757888647,93.41424693128785
90.51196211503222,3,0.7734809699347749,96.19742094182988
96.28972669108315,4,1.597983303514924,94.69690637033625
76.73452153715172,3,0.7864238739833904,95.49301742807752
87.49859216198912,6,0.39800673825240696,94.09732152219657
98.01519005928373,2,0.26349569527861316,97.98456466862984
99.84051133528993,3,1.391364951613304,95.92238762482853
71.08101795478497,4,0.05312867437716684,95.29029648848665
76.36998295141589,5,2.6330673830064626,91.65881828796304
77.0000965649279,2,0.8944342147262301,96.17668377057493
77.60483083939745,2,0.32901423151476483,96.88542446415215
76.51033281109574,2,0.8937904043725977,96.15296815530768
81.48677286416115,1,3.1856783829471675,94.45152458367146
77.34894811325684,1,1.033661931605051,96.82705308773679
82.16678886444001,3,2.4968747549391614,93.712089737295
97.88682467373576,2,0.09292986813478143,98.18282539192505
73.02013352504542,3,0.013926835229193565,96.23429447397724
92.32628196096852,2,1.3209725707967226,96.43114701309236
72.62614507929297,1,0.3124906014411556,97.45631853223526
77.12077409758575,2,1.0976366962956763,95.93887466932448
84.23037957435888,6,0.40624601453254927,93.92402376127889
70.50534449464294,3,1.9287545471691652,93.81076176812915
92.23880514683816,5,1.7640771187554118,93.49504771483541
95.33398804088415,3,0.7378368933032875,96.48129513008027
94.62908948427174,3,0.5013308736249703,96.72985742586363
67.04357151775416,3,6.032537400959448,88.71313369473637
75.64368976592883,1,1.3401572338152796,96.3739958077181
83.97454206953063,2,1.0902002459049844,96.29048680839055
80.18957901521406,1,0.19785192399169882,97.97205664197067
64.04112985965034,2,0.28596398142062424,96.25889971527776
98.31341217794012,3,1.0155445303794424,96.29701717244167
60.784421298970145,4,2.3550446795928437,92.01316744943709
65.08724756867548,2,0.4582521981411198,96.10445974066442
82.2494557610309,2,5.456830994071451,90.9642755951658
69.22554560857056,2,2.926722210200287,93.34921062818819
72.35443596945854,5,1.6547469310494276,92.63202548121362
95.83248405594315,1,1.891512973997969,96.7218086339996
77.4912659297847,2,0.2029485358549725,97.03102505346327
79.06481825242162,6,2.1906279264609836,91.5244874008679
61.62036691765287,1,0.7711262019642976,96.35566690352549
93.82979513303053,4,1.2907638168438993,94.94257317643884
73.69062371158985,2,0.11264854544656593,96.94935293104362
95.14122996828624,3,0.45594681706940515,96.80992531793103
73.72176023172041,4,1.0489540986299253,94.2273430932301
83.36899155326873,1,1.2782129082939564,96.83459408771068
94.14519714111827,2,1.9776991744699766,95.73402084769194
97.32452884674612,2,3.790728485687983,93.71735225951173
78.81184890766299,0,1.7559089381258102,96.83350171963218
79.27349014305032,1,0.09999625682705658,98.04367899896005
82.97174158834295,5,1.7822951334952095,93.0098329192229
76.71996867681406,4,1.6698815770804414,93.63214054134417
60.174383198263214,2,0.6074650154826493,95.67976114133398
74.94265144156323,3,0.5777264077771301,95.6538608827456
92.41731654292681,4,0.47714425964329654,95.84829271557439
93.27141200740637,2,0.22631249733754782,97.79199560356525
72.88322301265063,1,4.30648820769731,92.67637530139577
74.60334693137602,7,6.448075182975526,85.39247712699817
89.29162269702785,3,0.9892623611815634,95.87746630143351
80.56322782477093,4,1.432605410264819,94.10903489892077
93.12173143097009,3,0.19766552505899115,97.01888794147771
99.20207771905939,2,1.6521320567975293,96.37754541779593
84.37781189309115,3,0.563938261324505,96.14216468106515
78.49445788990957,7,1.290429799170901,91.7762071354904
70.98178338961779,1,1.2479904251662433,96.25150065928139
73.56813725087672,5,1.099397865978062,93.35912942337016
78.02146156268304,0,1.2206423140615124,97.43630230126034
86.46097296584699,3,0.18570349486433183,96.70020445445515
83.8589831017581,1,0.842133329379031,97.38238915983307
82.17290392334621,4,1.5691509120506506,94.02566410170652
85.49781514871609,1,1.7885960063247124,96.32857554984615
75.04167164436626,4,0.6241480521201817,94.8031059196741
79.06271774320075,2,5.70561499771256,90.50639788990496
64.31698219859976,6,0.5374980881190159,92.77085140418717
83.12919144678055,3,0.13144128572824085,96.59873002946514
62.09105489088823,1,0.1643451845360872,97.1073385231011
92.51713621575749,0,1.6135575840698202,97.68958770990409
70.90230995261602,4,1.2462056841695581,93.84966867662733
64.58131473305393,4,2.6871080431558942,91.80453608486562
78.170828974417,3,0.356846753256045,96.0803253448136
65.81144038983146,3,0.04572008843562731,95.83570791336882
75.8891011826493,5,0.5675227820428435,94.11342772068106
83.02198031324413,3,0.33691625421400556,96.3467995106054
96.89995585210013,5,1.0548812653575301,94.57914027417597
61.219861914110176,3,1.0920749743089664,94.35050312653475
74.7999554383991,5,0.951880024269109,93.59774174279703
73.23171965710623,2,0.7638414819193203,96.14497620455212
99.19657731129521,3,1.0037845186040495,96.3552874432399
88.0865731459325,3,4.136623742573486,92.04038016620844
75.12785398112877,4,0.5164712254461294,94.93662722852108
65.7884254454608,5,0.9271529827306942,93.1768376929962
73.0356057357457,9,4.895907004783005,85.57669188104768
76.63144248276731,5,0.46910426383045756,94.26864700754182
91.06427359185562,4,0.7785659890285992,95.41893449275847
67.93490159390805,5,0.7894080713173857,93.44945539411454
81.76720463767815,2,1.0279931715830728,96.25476842598422
66.76415601682606,3,0.7707293274814682,95.01333260786355
96.35923567659457,6,0.4740466184018336,94.44910584174752
71.42506398734308,2,0.11872713956786692,96.8287806318857
70.95659482519615,1,2.398809569702343,94.86925825761699
82.52506375568188,0,0.8413972396174534,98.11657650024316
76.31539707401436,3,1.955529196224953,94.06913481823078
60.002113077291874,3,4.073945046816954,90.71137159768425
92.39154114752418,4,1.2679147732091398,94.89807932952525
97.82518710995987,4,1.043083640130435,95.43955898734147
87.47809765541753,4,0.7721765226336494,95.2472930556105
60.938360868846175,4,0.1464694780020231,94.67115466983988
83.57069355026668,4,3.31504383304811,92.00048207785561
75.35795577051891,2,3.9452635583768414,92.43358151847373
78.16386373510147,2,0.15892496518692353,97.11748322853076
79.84877917959697,5,3.695648262549636,90.55766104392029
79.56786071922463,2,0.06488507864706303,97.30053094158475
85.3414117446468,3,0.4159955392114128,96.36787594017865
66.76230996534824,2,1.0606565439096751,95.4653276455758
87.49559650742859,2,0.5274047225678743,97.14189415828999
71.2053647510152,1,0.5560854221841884,97.09296573092973
80.87537847709913,4,1.1686722909363778,94.4413621747313
60.948654412231626,1,4.29476070513126,92.09371987445407
88.86047119373694,3,2.5746409694170724,93.95345439638636
76.16439390971829,3,1.2488683468044681,94.90957767932055
97.94819672956723,5,1.0249614589772176,94.6674560857057
93.8613797249362,3,1.9738997715024365,94.92438926044389
66.58936035550896,2,1.848167775099867,94.5116666876556
74.71388724571204,2,0.6927880358034205,96.3043487193215
85.9413663613337,4,0.3019541793442233,95.73472330285362
97.69203751604826,3,1.7845017314186942,95.34319979809997
90.63137170862898,3,1.5022707057850169,95.32884373848943
99.04055702395178,4,2.1516061859801443,94.17010042802141
62.33188815449428,5,0.6409630577589815,93.34743873841394
95.05683774417972,1,2.327595298841981,96.15972752859861
93.41944622573185,3,2.660144472333358,94.07879894448656
76.76996997275863,2,1.1367871113833807,95.87435396497787
92.22323305764934,4,3.1028571258175326,92.68773310190143
63.02217975051078,4,0.017913560684888002,94.92961271470367
72.02622562242976,5,0.9302367834686448,93.48502714095912
81.96576060965805,5,0.013943389351663638,95.08155596326091
78.42264030249024,1,1.741980330053658,96.03075561906012
71.76013554379813,2,0.7842808580584774,96.04686974751974
69.29093459162003,3,1.6674309904609546,94.06362954102785
90.15750737765697,2,1.3676357070204128,96.26671252045836
70.57617191718582,5,4.46623756855496,89.16932351359334
91.08743637758438,5,1.8116757425102534,93.38036092786692
71.62571877226125,3,0.001359368644143687,96.17965469624009
88.60947413930532,1,0.40676086873014355,98.14236066448909
75.19602089290817,1,5.288780943406183,91.61326391255798
88.64252213678233,2,1.476231453351208,96.06064836281767
65.85492266355871,2,0.7175255449135991,95.83171547928161
94.85087403800469,3,1.9956802957651747,94.94772734698202
79.48064162064958,7,3.2312188847337815,89.49656941935194
68.27945212000478,5,0.17858257547197598,94.19967351543387
71.64893274313104,4,0.30927622359646917,95.01131516884078
63.98904815413472,2,0.6426661164146092,95.8282530680092
67.1671869850129,5,1.0905656289219923,93.04968059454426
89.44069473461343,4,1.4085681682123143,94.5817529348759
71.52847873792425,2,0.11835645084638233,96.83439619588056
87.9286181397789,3,1.130734128486779,95.63954995280481
75.81956304734281,4,0.9261831210352143,94.47955840712488
95.6329652604251,3,4.063876092284827,92.50499695227946
74.52530361037849,5,1.3489881726061195,93.10747937339158
67.46931976389484,3,0.1703597517827608,95.76903428605543
65.82514954101806,0,0.9530225328389665,97.14763043764414
98.17790779411953,4,2.629335953471982,93.5536922455396
64.27679457519285,4,1.7601704401632108,92.90163520056379
81.36110921538871,4,2.6120829531223646,92.7335559170226
76.0862552737587,1,0.07904832473718254,97.90945477400332
75.2060056783068,3,0.3748537167571793,95.91047582380672
70.97047400635599,2,4.317961261045095,91.76697018706369
92.16811629191125,2,2.34816078051486,95.19061287797773
80.40851665912488,2,0.4575969109727314,96.87130953978897
75.0199448808288,2,0.7624981747211845,96.23599943437601
60.76691642999593,2,1.5906690796838263,94.5295429258792
90.95744515294689,4,0.42408305887550013,95.83897258699675
96.13631023451171,5,0.3169280765957312,95.42650181981071
77.68624552451247,1,2.029887290147224,95.64844752804896
75.4577340372327,3,0.7303473575375788,95.49646987281653
66.32962967261051,2,0.505688503768267,96.10965527910861
67.95667254948899,1,0.863785791354132,96.56129067784948
60.86507969847175,3,0.7083392364124921,94.7932469012286
86.89051759730265,3,0.5081058995762935,96.33479880037358
66.47582440209433,2,1.2406651621344666,95.23499302554336
97.79789683286018,4,0.45683595238402,96.14169169878218
61.57012212284,2,0.3713374248394615,96.03290119633465
88.24929994127127,4,0.7616192889344808,95.29852185034218
83.19871280812572,2,0.5982998903759433,96.84197577195515
80.33246777106778,0,0.5631868407717084,98.34079917962734
92.7947259010802,3,0.72457599994715,96.37024509511743
93.42282839858242,5,0.3938826803615382,95.19848220349527
89.74010143116301,5,0.6372178765531251,94.7223436196944
66.90436451609098,0,0.8992220363902558,97.26615178213625
74.09730926155366,3,0.3851079072299612,95.84273597440173
79.22856225937423,2,0.2789617615328826,97.02667399912926
88.73840713292667,4,5.07996680238989,90.14096019377847
92.84127788385723,1,0.2014309097675358,98.60034680247182
65.53514250167673,6,0.5604649582189757,92.80419917522107
85.51288717037642,0,0.0502994110080364,99.21528506530917
94.07551929881532,4,0.055054137694054296,96.4377109997079
97.31116498750939,1,1.01548818279214,97.8469724300249
90.73871182656535,2,7.182387564557814,89.31807051385888
67.8961493492217,6,1.5079085747331789,91.78531717778127
90.4356589184496,3,0.2896972999575217,96.77414618597345
76.8550776485542,5,0.6817723852924135,94.02462702007682
75.7114258531482,4,0.3557839186902552,95.15863059022911
80.0852656367813,0,0.4372439617334542,98.47957052775892
80.69605159299864,0,0.4609015088512195,98.48172076902847
80.56123277903478,6,0.21034615171165824,93.97564625689775
87.03246542970932,6,2.6427788421927207,91.3802886608542
70.07413449382835,6,1.517438779036318,91.88278018984784
90.05092467750984,4,1.1538223575763416,94.91795940478389
90.84544192683289,3,8.111009731833157,87.40906041814185
64.75410313904949,0,3.3111701348686258,94.26430099511012
69.79814033463825,6,0.7833589979265352,92.74987621922007
93.91886773250361,5,1.2798384034341983,94.16013730250414
94.5211511700114,1,1.233310657388311,97.4460847696346
73.28295563295282,5,0.007557260512445919,94.65507906903271
77.11293826553,2,0.5054346392175654,96.64912534621543
80.67347070937997,2,0.13970253330944507,97.26603049549766
62.32671034883699,4,0.6822622986351052,94.09762075907972
97.44585341728452,1,3.328506030546756,95.07808543420812
92.15538834941015,2,0.1320514923346192,97.84930762666896
92.47446799330336,3,1.708299128933095,95.17376444494545
93.23689963287401,0,0.03507286067952666,99.61975754882828
74.92028399514243,3,2.79601510000579,92.99079607975017
60.00963498071466,1,0.5965739716060243,96.4845929831085
96.32758382786011,2,4.182302048402142,93.19761673331044
64.90076570148375,1,0.8535702110663391,96.42075403179459
71.11331598258617,4,0.8832312452585545,94.29578830481904
99.98020758834066,4,0.004689800810495787,96.79338261844444
72.14040499512446,2,3.113237569258274,93.27113516664629
89.96868660363593,2,1.6241295829043318,95.94947883069659
71.57409640888984,2,1.074428451598771,95.68939067852597
77.6059378889653,3,0.2726435360184132,96.15312465122616
73.97896478130502,5,0.9932468016390297,93.50705207709842
81.99915945535457,3,2.0771977336359404,94.2073206924046
65.43544600510377,3,0.8784677313431428,94.81761102264342
67.449797531991,6,3.60898196962182,89.24171151305336
94.81601852423347,3,2.5377695389753443,94.29547747944126
78.01532852156032,3,2.924262799760525,92.99165106636539
95.90035340433417,3,0.6072501779880067,96.6663174566311
67.0461565001144,3,1.5486804403742942,94.09389129655656
90.51795514046245,6,0.01047285625593635,94.713330329516
69.6050648180608,1,0.29227752815117525,97.32952020712163
61.14080099354593,1,1.9981760655688274,94.8592287709947
66.08591547678066,4,6.28676890053311,87.5601730931993
95.11330414303258,5,0.1575924610612286,95.56655425387815
96.87822520531,1,1.2251234522317285,97.57376311758743
90.56372000851925,2,2.12297054964711,95.38062134084943
99.40829303644375,5,0.8902891119707812,94.90206771745724
91.00763077175623,2,0.05771729779745182,97.88112078123086
83.32780647532184,1,1.591237785921769,96.45690498065997
87.24837031286195,6,6.1069609011229895,87.2340654342955
70.96544668767754,2,5.759167379788363,90.03727147863785
83.53734225665698,3,1.4213288282882304,95.07127251888697
88.64695507825722,3,0.2640625524753629,96.71547269094242
74.87979039156647,5,0.2761386403995244,94.4126231510989
98.88383972849243,4,0.454092393726373,96.19928111395298
80.47608485078496,2,0.05460452525273191,97.35827881223597
88.17694485909946,1,0.28255892903404956,98.26977652811411
64.10138152450575,2,0.031086284266534626,96.56776553510545
69.97503151983568,2,2.581611323617106,93.80081798765126
79.72140486160819,6,0.060376912559112844,94.11361794800948
60.5788256601146,2,1.2092372000340281,94.9778566429649
61.2742705011304,6,2.9273847989548822,89.75085176631066
75.65512373454987,3,2.3813813434245166,93.52509857461807
76.68220944930823,2,2.692897814892663,94.00263309459422
82.14123541428734,4,0.813079208988924,94.93136671992765
73.78247631951501,3,1.0796726334625382,94.9935166558207
69.69675255548843,1,2.1573453218426035,95.0960232415633
77.0976768342624,5,1.5326802056208662,93.01566759496808
79.79177419767494,3,1.4930046670896053,94.79798310937622
72.04902992249117,0,3.2925165798837597,94.65143160026405
69.07603068975233,4,1.104920734320779,93.92789665330268
66.88399410599449,2,0.3444647548356997,96.33084199949688
91.54207368033026,1,1.4887655894977598,96.9905849766192
99.03932477569799,1,1.2673068493324071,97.63119801958601
96.25416844382585,4,1.7042162287294271,94.56764894771598
89.00384075590603,2,1.1831940591739332,96.43035916678659
88.27162017587258,2,1.0779772789632445,96.52000827403774
73.22403239880008,5,2.670487239354012,91.45661693271519
70.98289262204086,3,0.4653075933714525,95.5907755190563
98.6794007211215,3,1.8011041423991894,95.37264506517705
70.11647222225149,0,0.7734798342312943,97.57764781003502
97.40871240683501,0,1.3296817820122115,98.2748174819271
80.05585914381297,3,1.6588180134238888,94.61221134108199
97.69337979740148,1,0.9553852154677871,97.93820673130872
75.91812224805334,3,5.813671548641094,89.41950025403335
63.54531898998323,5,0.7902254097280859,93.22899545782546
74.98924090143039,3,0.8375822890973597,95.34436329815469
63.94629506931236,2,0.010869205435914214,96.58427170694252
72.66385393650587,5,2.8025684901495778,91.2701105086458
96.44937241258685,3,1.9321456900797607,95.10389379253363
96.32139505342886,4,4.60038570770152,91.09560690342963
62.141786035707,3,1.8342023867981057,93.50604643762762
67.63237965785228,3,0.33420593868181786,95.58057185647444
69.69242425549791,2,3.089052817682008,93.17775783155649
88.48253685636683,2,0.27302811572933894,97.49649310394314
91.45469543846792,2,2.9365147569523256,94.44891706358061
65.06177834853632,4,1.0044162990148193,93.84778935860903
97.09691345931049,4,2.5814807059093416,93.55706882587431
77.42020109813038,2,0.15865339039462564,97.08062598643296
85.35116158173003,4,0.7176372820510688,95.20639334062521
92.74170319622013,3,3.5225340839929027,93.01004425901952
80.1291338154447,3,1.0794505772130636,95.31111599811656
92.56066942079721,6,0.20967888704525295,94.57641880658555
99.02419874356448,6,2.052699849387978,92.68797011791266
80.21328133343522,3,0.4900787311931206,96.02256958924002
66.35410767775824,2,0.4705677377492047,96.15302409858887
83.6235863095434,4,0.5109204361289286,95.36807479212246
97.51951461837987,2,0.8126080222206309,97.30084610425423
82.37207488307308,3,2.277647418962538,93.9854268413986
93.61798326555223,2,2.7277321644696633,94.80762056591402
66.11001726670466,2,3.5771674236538544,92.4128999549506
74.52756784363396,3,1.7749876576698065,94.19639320297793
90.38247335655633,5,0.9693429797848719,94.35591209208597
99.75092411071726,6,0.6938157056736032,94.35496735872754
60.809449305598015,5,0.6903948833551132,93.21199860525377
76.95824717853048,6,1.8771972835517907,91.79527561866438
77.41744515608141,1,1.0019490368786181,96.86853341354973
74.21746722898126,3,0.07606772681565292,96.21959208927028
93.9501080226094,0,4.149611649761297,94.71797142141692
85.10479495930824,2,0.4027437997364529,97.17194718828166
65.50913206068564,3,0.5308219141126749,95.23847030609907
61.40259796074875,0,0.04005096424962547,98.02206874093788
89.56498668546185,3,1.0788751835126866,95.78359911405786
88.52125825500416,1,1.2180897873036585,97.16435516798582
73.07910492970957,4,2.01943615445202,93.03063186114305
88.2374647084648,5,1.3103995410073648,93.8393937862144
62.840271208903545,1,2.0698504076812836,94.85819307122763
90.35176570817251,2,0.8375064056374677,96.91258059864366
73.22531819438169,2,0.16565080867930296,96.86248493930393
84.49958028388333,7,0.8574284731914892,92.59606484636438
76.07594831823866,4,2.9309729816109833,92.08662983797875
72.39058332740748,3,0.3940669560148874,95.74664881915251
61.863197683461664,7,0.6560507897171864,91.70589893651245
96.23807676778577,5,7.033048786826208,87.37224529419784
78.89123857315204,3,3.3900246549517714,92.47653234271547
92.10703250105146,3,0.4395870437614452,96.67784717253883
94.3891513400893,3,0.9634522981232114,96.1633148092566
67.74801171142808,4,1.5693725081418723,93.30415357580115
94.84748185401271,4,0.6421979924818821,95.77173650172237
75.5819665792609,4,0.6639108605504159,94.78240529630254
71.62975463562695,6,1.1156770731970558,92.44267524394488
82.20330405750605,3,4.8074444292226115,90.94123188780817
77.75779841306876,5,4.35384131467929,89.6632803430383
68.57832917296646,4,4.139518854093705,90.26149383373587
93.07796100336444,5,0.8861954161122153,94.59046355083356
82.59273255840789,1,3.206218640870901,94.48217425887532
77.7757527566308,2,0.42213275033992403,96.78222833742363
88.18344128533401,2,0.34335317691416956,97.3971482519697
67.26031846485982,0,2.216335208061464,95.70341367356923
95.00138124981035,2,0.969185570879974,96.98704637743455
98.17383806493203,3,0.9129772747971969,96.41311917348996
62.8482687016493,3,4.654927992127062,90.15649984452999
67.72059941622794,6,0.8779895597753449,92.53244249908099
66.6299606155382,3,1.1585438601698095,94.54124539857314
86.48743542847335,2,4.224524128304059,92.6549428174588
90.48286613758903,1,0.5034885189457323,98.11995708414457
67.81690346553395,0,0.416252563466072,97.89134209711742
87.15103934081716,4,0.6989431641894147,95.31882017001357
78.22943256033939,2,2.8695219499058613,93.86804528812993
90.26210640231265,2,2.2451811327095603,95.21888796086417
79.45636395964345,1,0.27120569186939447,97.8473713677389
91.0864478482238,3,3.1452466048079235,93.38002646664168
94.70989560326922,1,0.8338490436117869,97.93487592782931
84.24774149696562,3,0.3025347896474666,96.44934532727132
90.02095922786995,2,0.7860183431817616,96.95782594957538
88.2013808905333,4,0.9879779717971291,95.02449547837011
83.89397203911412,3,0.3610713664518215,96.36141296221352
60.23215075371765,3,4.792885324320694,89.86014514850105
80.09611173920507,3,0.3726749753850562,96.15759561649818
60.352593331778905,5,0.28560285472287716,93.67490624092149
73.63506158335746,3,0.6489855135201501,95.5029704629437
93.48959998061838,3,0.5164263028173407,96.65476843565011
74.89602664141424,4,2.686524730154199,92.32097165588567
88.22479216720576,4,1.021954995821515,94.98489361337447
62.20870507001622,3,0.03894971961938164,95.66369558995756
96.98989903457446,3,0.6774029258349326,96.63661144072681
70.21713124184362,7,3.0445853750423555,89.25735411204136
71.6630707830306,5,1.0426314987029235,93.33199574070802
74.99858196298118,5,2.523552569092949,91.72166601523752
84.24438399411892,2,1.0593522807355054,96.34099646282334
63.43243086837755,1,2.100613667426641,94.85088514250691
81.00409592568977,1,1.459954168858035,96.49825979365485
83.40881317563822,3,1.1771125126526012,95.35790564359878
64.00927512705144,2,0.7347981805982593,95.71870593963466
84.00810188370323,2,0.5022456592333244,96.99771030310517
92.76922307360408,2,2.697761212867067,94.80114769823973
74.43153604314907,2,0.3649011605026257,96.6836954095543
65.11415271634782,4,1.407644723460836,93.36653396766438
76.47128109943098,3,0.00860603813012109,96.4132368092154
86.05279588904958,3,0.1687260842556096,96.70016849334574
79.80686368986665,4,0.038548340947594656,95.74408517535622
90.0060112519407,3,3.0947468646308556,93.38660432504001
94.54492003679813,3,0.31986779105720226,96.94340465257126
96.17701369268602,1,0.030732653477621774,98.97197150046115
84.89261425817057,3,1.7098947968850604,94.79275695664646
62.32535164107314,3,2.2146336053945856,93.05870725558016
68.936501797185,3,1.8179880213202164,93.86523946427499
82.28263730735668,4,3.3308865602768005,91.91706799303567
66.63511698650142,3,0.743209723271705,95.03990418139902
97.86255371914976,5,0.9185252035125158,94.79089744174247
82.77340807104376,4,0.3608902985409168,95.50560204530309
61.51131872258381,0,3.0609682215866663,94.40240407022519
87.13572585623629,6,1.799259093039955,92.39767538116386
70.2870854409771,2,1.34195130143923,95.30401271032179
72.59142494867832,1,1.5386996321528177,95.98313168885053
95.07675727483388,5,3.118887041268798,92.01117341421914
96.96311221177078,5,3.5606839801102135,91.57533483445629
79.3789123613277,2,0.9499590237155711,96.2289947896077
93.24508866870983,0,0.47807229098384296,99.08856768425488
60.09818345775377,5,3.8684558027166176,89.36276220962775
91.01263015521505,6,0.7326560861607165,93.87144420436789
76.25292127382318,1,0.21473417731775052,97.75496505090986
86.1848598318822,5,1.896888316679774,93.03297701157838
90.19914932596653,3,0.1432545821573433,96.93805196770951
61.96507575567409,3,3.6387721350785167,91.33172722568949
74.73051159487653,0,0.5354991624623113,98.09392658478906
81.24437690176622,2,2.565251251909095,94.38391734279739
99.84580968496768,4,3.5297051039487037,92.55664435950993
82.40015956915673,4,0.6058967269974052,95.19293190606095
78.82178739804891,5,3.1190362581095314,91.19824586017101
90.66490660697944,2,2.3362183212245817,95.12978334487947
81.2932241034841,3,0.04630349614260535,96.60909700980308
77.34490347606695,7,0.6955904168921389,92.43253667353278
85.3691199525446,0,1.9226923999680783,96.96122511766553
93.42142005072668,4,0.5872902873609555,95.76632265770318
87.15512929562387,2,3.4536268136432513,93.6134042884093
87.52697746889054,5,1.6664525652331426,93.37660579516475
78.77129112480965,3,1.4105106411849464,94.84595178681855
74.71328897283826,4,1.630273527193111,93.57933621601018
86.88420268055059,4,1.1452146034244586,94.76995260991818
62.46721185012382,2,2.7804429413925495,93.18682906283513
88.72024840430592,7,1.9299601365423518,91.52006025636447
96.21874768549662,4,1.650522420795193,94.6303104793206
71.33590778282375,3,1.4578224164035296,94.41740848945695
65.12919789215097,3,4.248898845213086,90.75778128035185
69.08596355347785,6,0.03768340225911487,93.60907809496295
75.35095721422495,3,2.7172740388003866,93.10681901415079
69.94973065164729,4,0.7698516570966243,94.37366454406641
90.59391572879935,5,0.8701140601344808,94.48555891427858
91.83892974209205,2,0.31006821757946795,97.61986462600925
80.40863736313617,4,3.110211591067131,92.08817795887626
66.84043417672913,3,0.6488159847096474,95.16344252718488
74.44398562505867,7,0.709417272027025,92.2708985548205
95.83195430035366,2,1.4213369379344405,96.48599338949636
77.53331102457415,5,0.24359186818827505,94.58435530940278
63.598691154438434,2,0.5350777328919593,95.93784127825157
71.26612038737855,4,5.062923011827014,89.28779840517652
60.3294496636784,4,1.8419916096062885,92.60608255165637
83.5067620589304,3,0.016893734498084578,96.75506562154882
78.32267756291566,2,0.8507001172249536,96.29529373747584
67.90683747497076,2,0.07872780365230186,96.70086850936578
98.1703376606124,2,0.17170339446294977,98.10247280967508
80.35505005637339,6,4.408674841398638,88.9273426931403
84.11635245698741,2,4.355785062287503,92.37887554810436
72.54941035378616,2,0.04203116018405234,96.97703312546844
93.35963048396385,3,1.25143719225262,95.76625689349505
72.50625257420877,3,0.27928957670125504,95.89016513666893
75.32262704343114,4,0.29276601550359665,95.21481213356724
94.50696281327556,1,0.48004308429302733,98.34929643951214
83.9051597278224,2,3.8283525370153173,93.00123494197274
90.0459347129033,5,1.9585289765927214,93.1520619637339
76.78689168629073,6,3.742885131857906,89.54788242608505
78.00497090540955,3,0.8312031338358687,95.50280478466743
90.2197862805686,4,2.5517741151367854,93.24886037586428
99.59568648959498,1,0.27911966629192325,98.84484072492944
86.10107511001675,5,1.1827969332333415,93.88569743562083
65.89095233993307,5,1.3052069377675564,92.72829929167558
80.23933316628253,1,0.8086027477367147,97.24164336103007
62.91049504958509,1,0.5465887185509415,96.68961829021812
97.02177303448894,4,4.268512814712819,91.52887327406907
81.20353987657695,2,1.6799606585634643,95.4442242035527
60.31038593349698,4,2.5514933290818074,91.75372730177668
80.31136747804484,6,0.880255758445043,93.15926146376819
79.36852263039162,3,2.968296139732694,93.00647076384035
66.97114714005443,1,0.7650051309528725,96.63055119985927
99.43841208461399,1,0.5504125223188256,98.51142557744811
96.20352493553057,2,1.479821936761987,96.43438992266215
73.4547484753484,1,0.21476533068197456,97.61501902694906
87.45488931090574,2,0.3640286108683884,97.33591013250322
99.94240993940275,3,1.9425215375671545,95.26609465188955
72.57906543466042,5,0.7730849615431593,93.70125131788123
73.73722352077972,4,0.8060202802422005,94.51963683974834
91.47827241916166,2,0.7627416714008336,97.05862361527709
70.8293492968693,5,2.7539045020836066,91.23678206234314
95.33473192123648,2,0.06443139315048912,98.08941892428123
83.92951039407586,5,1.853318291515101,92.97249356988567
94.18260675764961,1,0.3654650429020915,98.47057228639997
62.77919939534128,2,2.7333696500185787,93.25891638974477
82.22035913581934,4,0.7487379395471938,95.01253242933433
94.05754785324457,5,2.4916440802859174,92.71290449631913
79.25104602046467,5,0.2982072287341273,94.60470362654227
88.96543915330533,6,2.831622623619284,91.25032480932212
76.5627447776177,4,0.005905592231640902,95.62105052820291
79.81836771611778,2,0.8795247922274179,96.33548863513299
63.48134260366217,2,1.5626090081432384,94.69893632041122
96.69703411218005,3,3.374118992364809,93.38590891477124
88.60422454472356,3,2.301784709596951,94.26806957571984
87.14852944861416,3,3.0929486064128486,93.24588814473529
91.87950619035942,2,1.601664906224102,96.07197742204905
75.40164951361646,6,0.050945234492890734,93.90894819428935
75.4286685104408,2,5.250902766856093,90.87035010529473
61.00016451402369,2,3.747946320285738,91.9524726413583
65.58569320838335,2,0.07681755551642207,96.58710359379945
64.62226795345356,2,0.6298605441931207,95.87528074464093
76.73475640528028,6,1.4657577136212308,92.27782856391853
79.26799352049363,5,0.15832301043318864,94.77341206350485
74.09724102210963,1,2.5294136549872137,94.86956566512083
74.36773609556727,1,0.28855207307423686,97.57212431708928
95.5877490131024,7,2.3781479802525034,91.32560987435211
91.26983435261099,4,0.615804673489957,95.6245261094426
65.77902786378421,2,0.3723088416715655,96.24218078318333
72.38277408952926,3,0.40534887545497067,95.73272005393049
80.10118506806623,3,1.9599299834670758,94.25314327324281
73.15381152835958,5,0.611629725269504,93.92373490609458
78.57065681143759,3,1.026308445445083,95.29696270603777
64.26477091221695,2,4.478537229272217,91.2389938704842
99.86935081177526,3,1.7546682631940649,95.48786562475588
76.35374646900273,2,1.7831689613593782,95.07788456981888
70.10970674993813,1,2.99993790136557,94.10555985585822
79.73777117130955,3,2.0505186775806186,94.12626614546873
65.08225061430697,2,0.5495961201307562,95.99459718655844
79.00909868006961,5,0.5836495833703479,94.25007543395907
77.51990991582217,3,0.00841479266011455,96.46589774459898
61.71133072989071,1,1.1432254474466372,95.91369599955857
94.31980890909435,3,2.4927228188733963,94.32472306280664
93.56486412424658,3,1.2496106165679437,95.77871046633079
69.9476723788454,3,0.01542987352831894,96.07886777070829
60.88638142178086,0,0.17539925370950105,97.83383996663764
69.57954858280519,3,1.1830424786460254,94.65932645476502
94.31829821590034,5,3.069711567010204,92.03226103038277
94.80421833376417,4,7.241909901047756,87.8499190354309
67.31575089316797,3,0.21335175576873827,95.70976543773591
75.80305301552771,2,7.479819329177765,88.21436945576306
99.79252117215088,2,0.045985771554065205,98.33444313274266
64.21335576979857,3,0.4127117323116606,95.31541370971594
80.6218797630057,3,3.8290972978132283,92.03617723077441
86.26890825826922,4,4.12225757703543,91.16673632047095
66.58964153453087,0,0.90785644774727,97.24005433942982
92.04839600974515,3,1.3326083958585913,95.60328972545695
91.13582457412846,1,0.018550223955258207,98.73453095996011
83.74610317787241,3,3.4995832315052366,92.58780528108734
92.56273149546723,6,0.19175474411911783,94.59803088183043
81.27886937985993,4,2.4840335988304676,92.88310315039644
97.53848212498676,2,0.031598353613059044,98.23900608191367
85.14980903312284,5,4.141558307497491,90.28762048265915
92.12496664716154,4,0.2789946428534212,96.07145476093397
60.00630978312227,2,0.5304685868246595,95.76375318496652
82.41519440547073,2,0.19847966627186198,97.2825841207473
79.96846014133067,2,3.3910016642087824,93.329221010016
87.67274344500203,1,5.525690618295926,91.952808430295
87.2469020175802,5,0.01663401659170143,95.34238428096897
97.06228460567351,7,2.770111722123594,90.92898016373536
92.92113235183058,1,5.825190763389893,91.85582770152365
71.84098206082442,1,0.03187346417780804,97.75380094602785
78.63485234785473,3,0.26623082497252865,96.21226562742571
75.52197080233657,3,0.9934699105376126,95.18393464747169
63.633527242456566,1,2.944117500039761,93.84873536207512
96.98450129331889,3,1.9194091578278796,95.14593407527249
99.73491152640699,1,1.7780008347197351,97.05314457465667
93.28903134015621,8,1.1915081473900233,91.83464179013978
78.12059001520754,2,2.09027423051579,94.79770042414142
63.79946579909249,3,2.9556599897285407,92.24318130228038
77.90168941865097,3,0.005628187705568619,96.48833064568586
81.28629939939343,1,1.3347352541143798,96.66263266503242
71.02743587610802,3,0.2536762567581234,95.84696028569566
98.40050629010875,0,5.700208438669451,93.07977518810209
60.18577932339955,5,0.4162606432278618,93.50977619429655
90.94717385917002,7,3.2563312453411264,90.03976119854914
93.90445496862597,2,2.7183478961758594,94.83320527302027
66.98183534013987,1,1.2902985710552741,96.00073348174067
94.19667834239084,2,2.0741443801617208,95.62086066092547
82.6069302489575,3,2.122114012951093,94.18380969690656
81.75574785970565,5,1.4652869632994445,93.32944303702595
74.3086705976971,3,0.7563320854609836,95.40783502733167
99.32965745889595,2,0.6003040383357938,97.64611802694185
86.01462241981783,5,1.2466904216353303,93.80470261502849
98.09205538404427,5,5.674229149638096,89.09552778963649
94.53772534041335,3,4.748689609619843,91.62845873547685
76.17249724879035,3,2.167287246318753,93.80788016685702
83.23655592985114,1,0.3555563100935589,97.93516022438028
62.973234894143204,4,0.47830261671107727,94.37469860465387
69.78029989377701,3,0.2925802817224265,95.73791865662194
94.92142406104547,5,0.538829890500188,95.09947533445205
93.90259185113979,3,0.17657555663949837,97.0832389245896
88.91048131358787,3,0.9609320755121493,95.89240557506481
92.08250237243212,6,3.8487304153814472,90.18564862016387
70.77427672721976,5,0.1808035238084565,94.32174960779084
64.56201190821595,3,2.868213638006787,92.38624422980266
84.05470507960266,4,0.04300775668846653,95.95112594595398
60.59641056619232,1,0.8419923292063746,96.21942973326196
79.49761895039154,3,0.02063105708045461,96.55012367902303
63.10591661413163,2,1.4840286263488836,94.77446147908792
81.88949711517134,2,2.958358388466048,93.94444478959932
90.12853754955509,4,6.6321050636469,88.34790080110147
86.57501643406249,1,1.3953155235482488,96.85437219344523
79.39112240361789,1,3.315206549861156,94.19130826034751
81.99953663463812,1,1.878282719180808,96.04603756871494
88.1140329358413,4,4.251927632603556,91.1033884876678
83.55178116720919,3,0.5197382100799575,96.15390320626452
87.18032090946221,2,2.1575577577453764,95.16994673617866
62.73406859402265,0,3.427464347014034,94.0237462132843
83.25356867729195,3,7.168888185498034,88.16001261126695
99.32863946614984,4,0.5970314926708197,96.04999418210251
63.01088964014416,1,0.9961203836429721,96.15520002163564
91.39097284651157,2,1.1987469452045207,96.53105230808015
70.85074345932708,3,0.9611012035737194,94.98921572867789
98.74455261383719,4,0.08164136385830655,96.6392579940619
94.22410508216112,2,0.05060535126119284,98.05047883259462
64.18030250570897,5,2.3954414443050456,91.33448539211939
83.83230129559878,5,2.162017395372626,92.59719419033279
63.99052016152534,2,0.6770582455016282,95.7870561134743
84.4257100368658,2,3.9890340587362556,92.83444463135979
88.28550071742745,4,0.7393916663600223,95.32700503623934
79.51253927230397,3,2.1729665849469977,93.9680670616788
90.56050502662883,1,0.01724779820618127,98.70732789348402
77.09802132969942,3,3.3277718683412334,92.46157482447549
79.64271798614314,2,4.329608660022316,92.18660550728038
83.58021536701702,4,4.779999760620577,90.24301105560616
66.89584573193811,4,1.7290152002078452,93.0699740463475
68.62173140418182,2,5.262707593195,90.51583745837509
77.26811914625677,3,2.341501194177198,93.6536045243002
91.34811955043901,2,1.4239080582023567,96.25871630767912
99.42534480350815,3,0.3130233209152164,97.19563925507715
80.01979580306455,3,0.6260076395867689,95.8497806226491
86.47670920631705,3,0.09958675123313426,96.8043313588361
67.7621552098242,3,1.1554335815170047,94.6015874626708
68.4629122595721,3,2.236334532111394,93.33954417444494
73.4931812441366,1,1.4073780401510814,96.18580541402554
66.10611920002428,4,0.7577843029262983,94.19596479648966
74.80014162300125,3,1.8812550464489686,94.0825010254113
81.09196532515176,4,0.9134997000157525,94.75839862623869
68.22517902129125,6,3.0750910177656143,89.92114972974582
93.09923839028025,2,1.1502741658611686,96.6746329204806
69.21687887257349,3,9.966335822227082,84.10124095695618
62.86842083539731,0,0.36742705994979263,97.70250856983012
98.84289834511279,5,0.1599172603678842,95.75024420481418
64.48846156989092,5,0.940945758969367,93.09528816773131
87.16148661689759,4,6.400043926734632,88.47802161876332
61.962142903511754,5,0.30041847678289163,93.73760497303611
69.77808841026649,4,0.009159203301889605,95.27791337655106
80.31448150463976,5,2.5462605228087973,91.96021144786144
72.02107028953984,1,0.948303362723135,96.66308947920923
76.99471708272044,1,2.1546821702354753,95.46411724985344
99.60439134939668,3,0.22048097746739118,97.31564239450897
82.05322198769204,4,1.7162676632893823,93.84313990343735
73.97790563134514,2,0.13868736567466278,96.93247044275766
93.20555609106614,2,2.0138608958326794,95.6436447295541
68.46114503453654,1,0.3847976501770304,97.16130007151439
91.71609113318543,3,0.11560123126358796,97.04708307914296
99.68686857793638,5,0.3101818646359189,95.61212519133372
86.19621208471324,4,2.992176710117301,92.5191985520949
72.85409223260902,4,0.9469047149948518,94.30641895363662
99.45423182022964,2,2.769736128405297,95.04902823692512
85.92672195918175,1,1.3435150794122976,96.88411800266434
60.50631313936649,0,1.4360541474064767,96.30205068008055
67.56068269338218,2,0.564017247018827,96.10121343824652
65.97727608568076,4,0.12292773584573422,94.95135052126916
77.04606193802896,3,1.3954714329635567,94.77773737734518
87.194914957887,3,0.5124792234958592,96.34477067969932
86.49719893685408,7,1.7006563907204661,91.68407227797815
96.08776473530702,3,1.3066473674734274,95.83641139579724
65.2075739680321,3,1.3538548970011026,94.23575282200028
73.79556696692734,0,1.1701555005832116,97.2855917476465
75.51380398743387,4,0.36595826704820206,95.13654027891386
70.54291803674404,6,0.8320659958175309,92.72866670685616
63.012857286696196,0,1.7835061161536583,96.01043552495042
77.53715568044723,3,0.9544705239743476,95.33149315525314
75.53708884911428,6,0.05341354646516985,93.91275818669752
70.44267199581317,3,0.21819532666703534,95.86029920779022
66.22704502167902,5,0.41229266858768354,93.81660104877874
74.35046269864552,4,0.0995230153185688,95.39809551655
81.51692125071543,4,2.0581093478784678,93.40611484508162
76.1611980131384,5,0.34237181889268375,94.3972137179857
87.7358001039351,3,0.9105965400405667,95.89407415714807
71.62601317461474,2,1.1622861305325969,95.58655730209162
91.75067228119016,4,0.6382981376900364,95.62157584883147
93.43696292111254,2,0.11177427198615134,97.93771901967224
63.77103911595744,1,0.6163050010595126,96.64898595452645
90.12798807656918,3,1.9574707668948315,94.75743448355466
89.91106553088403,2,3.8150293394961157,93.31751806914886
85.58466929728247,3,1.986749598526346,94.4951339466325
80.5978940605778,4,4.121097079989676,90.88457820704127
65.4786049523718,4,3.143688998650471,91.30150344923803
67.23892255912008,3,0.2751889667505281,95.63171936785537
86.47562218803601,2,0.1125874099532615,97.58867621745789
89.75069389494176,1,1.2323918230531923,97.20866450708326
63.3870462097076,8,0.5944608046206425,91.0559993449406
85.13981720356249,1,0.946839299903961,97.32078370029338
69.32200394098462,6,3.3765617348625847,89.61422611521414
69.94144008051344,2,0.6975742805983749,96.05998286730762
61.13139713163919,1,0.0839195141750464,97.15586643957191
86.26627826491381,4,0.24507953434273433,95.81921847203441
84.82236781675994,6,0.6674724139070598,93.64015149414952
88.70813446837347,2,0.9462110240691801,96.69995349453566
76.77559351873558,4,3.413661679738863,91.54238566025015
65.44696569446285,3,6.204452381878701,88.4270054264687
78.19626411529589,2,2.352256169799933,94.48710580200488
98.21656658984386,5,1.2271251118145563,94.43827819531472
62.32185348074015,1,2.5481001370925735,94.25837250952591
92.9978771784223,2,1.3619739111718525,96.4155251655149
71.49414646967986,2,0.0037961242179502643,96.97015197442245
64.04604231673714,4,1.20120333221011,93.56085811718472
65.78619608027907,4,0.7061992980103793,94.2418706464015
64.42994031322036,2,0.8106978696370162,95.64865957209659
72.02364491123673,3,0.47355197251935516,95.63291987853862
94.16003293985476,2,0.8960119808665068,97.03278726995293
71.13968013429547,3,0.3824513054968105,95.6980424401186
76.43108358097163,3,2.4165952951007954,93.52163982492763
84.98072061457388,2,4.822453701590367,91.86209158882025
80.80359750423338,4,1.3189842583268572,94.25739876521943
86.60816413924269,3,4.767629856731282,91.2092523788846
77.400477097499,3,2.1106216754784466,93.93727784430081
92.15007897216327,2,0.13152921661787498,97.84966888866671
73.58259382254116,5,5.756533686738944,87.77128926704032
75.0016279296084,2,3.2744190282958634,93.22077856252538
60.43863664225789,2,2.8237438634118472,93.03343919601868
94.55467023952833,8,2.8411244973440777,89.91838411516352
79.99289030994356,2,1.059230454778893,96.1285679697625
94.83562280106668,3,0.6656096630138695,96.54304954443668
77.62146592493514,6,1.6092011622388536,92.15003190156013
88.70889018973966,1,0.2792827108246624,98.30030525649738
71.41190883560913,2,2.113925566483725,94.43388476199999
70.61369899227734,2,3.2373546188203406,93.04585940702945
63.41475117306261,4,1.8398102146226316,92.76296530110598
98.93042973455597,3,0.04202795608086279,97.49608793943077
92.95362060684775,1,0.4060370005237881,98.36043662971385
77.04400615923441,5,0.5855465662055822,94.14954442851503
99.29058245422786,1,0.05369060067131093,99.10010040190582
66.7363179604012,3,3.80530113553937,91.37045453537282
73.7584245433427,2,0.9358100469688129,95.96494917080456
60.986242228275714,2,0.17526719287910358,96.23899147995886
75.34036097970956,4,5.492926192828583,88.97550661759118
60.686919626494785,2,1.7527020943374396,94.3311034681198
99.22161216125417,2,1.250473350192009,96.8605125878323
85.49219305713298,5,0.8023620557976863,94.31177518589942
99.08731626379983,5,0.061263680749015004,95.88084939629117
68.03404864204465,1,0.5456240870418778,96.94695352765198
74.40261974202913,1,0.06492805789301309,97.84221731762985
86.95777796292094,5,4.6047860619175145,89.82214562384503
93.58497983446243,2,1.233252061061906,96.59934651844884
99.2531316455377,5,1.3255712243805848,94.37197111302018
70.98290782718387,0,2.5793254228870386,95.45395488389475
71.02918547923024,2,5.470775830319206,90.38652827757846
74.46581311020078,6,0.29962199696358477,93.56374425915374
81.7694703044167,7,0.992445881923659,92.29753845691245
88.07449707296863,1,0.6299587607015804,97.84777434080654
98.75437341871154,3,0.2792042145710388,97.20267361345033
64.25223285251806,3,0.600114471737889,95.09247427654043
78.46636723045661,2,2.2325608538138644,94.6442453369462
88.50311772989043,4,0.3784967973902942,95.77095972962617
81.02524112001478,1,1.3076619068083,96.68206776783077
80.88294284549332,3,1.595583247699885,94.7294472450348
61.73586776624207,1,0.16629541211291324,97.08723889377661
60.89387153707429,3,1.6551030793815094,93.65856988159591
67.29905324396917,5,3.249968684826613,90.46499024040652
62.65963180699066,3,0.17863611518047745,95.51861825213297
89.06962260917278,5,0.0028117495447279213,95.45010703100496
74.02597131816074,1,0.2968137765929215,97.54512203399653
64.9799559307179,3,1.1762152282137563,94.43753952267939
63.96225736863952,1,0.7554520957251595,96.49157035356178
67.54395725086368,4,2.7648169672997396,91.8594175017835
68.77472260261081,4,0.1467730764731295,95.06260843836279
61.8372012891636,1,1.052303862649246,96.02909542927908
93.96546544644488,6,1.2618400520217834,93.38406520989611
82.34725775748934,4,0.0072170714545139805,95.90870240212905
80.36454769955517,6,2.900013551435568,90.73821112325507
87.00575417775394,1,3.9157174427537584,93.85142677758319
61.288614418014916,4,0.8350480493890804,93.86237306163385
99.27671138005657,4,1.888657121316922,94.49744702342252
64.37721619343917,1,0.8493693946880718,96.39961753604628
93.09782943918452,0,1.6873890893367167,97.63002456475516
97.29983498054958,4,0.15859263034306909,96.4746805926158
65.93130151583664,4,1.303971502924431,93.53179927228251
79.34721783031466,3,0.35637784838979186,96.13970747344798
70.62985504746646,1,0.05588287619693848,97.66443330093699
67.45655388665307,6,2.0128573736767446,91.15739884592055
98.35146575761632,2,0.28393196081908495,97.97685493489791
84.05233455258816,4,2.8863825538716084,92.53895766298348
90.86199741151269,1,0.4024576388110923,98.26015070400233
82.300730586691,4,1.1405816065875989,94.54633860142943
64.56993813032226,1,0.5870096819252083,96.72408528820586
68.79737255322325,3,1.0909887946442947,94.73068207408801
68.53791525304169,7,0.5474052273023,92.17000948988932
78.38348023517776,3,0.3303113877955496,96.12280034640423
79.18527824798107,5,1.6143807745840304,93.02200698289822
62.02302264316042,2,4.8631180969459855,90.66540941582284
67.30779250845531,4,2.910814896127224,91.6724117500701
72.40065423287396,3,0.5531670276746601,95.55623227843411
87.1763423038052,3,0.8450654100338626,95.94473862314962
80.06811936705397,4,1.9344667290226183,93.48204589352555
61.42207510196221,4,0.6604737741042717,94.07853522617299
74.89351273541524,2,2.806021809484539,93.77744946538931
92.49609936125262,3,1.4482526817140793,95.48690175000573
78.31637627858862,5,0.2628084554731878,94.6004486673616
89.32819219811907,3,0.3071545439434006,96.69782415717387
85.07665117255583,1,0.6015173593245712,97.7320117274383
69.2456136803939,1,0.29149469864239164,97.31248704564882
81.94878422332198,1,0.010918282080863833,98.28433727266906
99.52271767844599,3,0.634391047888368,96.81486662645625
85.96177869072855,3,0.36309248248795317,96.46237795555088
61.48701152198584,3,4.818104982268,89.89262459737769
95.159692310346,7,2.2334779117900037,91.4778111213693
70.49825211939562,1,4.1018211175503705,92.80272726490934
71.64013453601126,5,0.8580053568920873,93.55240029853006
75.12687257811726,5,1.2878445535394119,93.21093016465856
93.25742477170844,4,0.8188562078269865,95.48024378919304
93.3137237146735,0,0.1785154891209293,99.45146759878855
99.62260851026939,3,2.096757775848657,95.06502109449508
86.31113628952714,4,0.2534310778740205,95.81143952102754
83.83766382922818,2,0.04070316633176874,97.54303939186329
63.677517436833504,4,1.4384542156936484,93.2577308130093
63.74899464238866,5,2.9079063420955658,90.69796212160475
66.69691790985004,3,3.941066579313829,91.20556600031591
63.778282050748764,3,0.26907932848368893,95.46601890835701
62.23921139446745,3,0.6066710662938625,94.98395529017074
83.70634591541787,4,1.1966608449507985,94.54932428182994
78.67965815607259,3,0.4183208065835037,96.03199793990342
65.16735671234999,6,3.702107645130156,89.01583866146132
76.17050860260612,3,0.7046509404751199,95.56294430156017
91.99788194339527,4,3.2992978426648083,92.440736685972
68.76737382609326,4,0.6393316026451883,94.47117076813043
81.53010985379062,4,2.134353125031355,93.3152817426519
63.63595605898191,1,0.6610584103207235,96.58852771056422
84.0430719602557,3,0.9128853379671125,95.70669119245225
98.13019422883337,2,4.066378504397109,93.42685550616514
81.0699899952299,5,0.25040187624343735,94.75301724826937
65.32906991937413,2,0.03243135444977224,96.62753587062898
97.76697454022647,1,0.4060046141429095,98.60114319003983
69.40115148472535,5,0.4184879356223818,93.96787205148941
62.08739967865451,2,0.9592968157434928,95.35321380504054
79.66453379361323,0,0.24017344508864324,98.6950185555743
75.12619274242967,3,3.2918408708076408,92.40610059215231
73.04282009308493,2,0.17456437848683462,96.84266375047004
76.98733966787842,0,0.05120282273951788,98.7879235961065
79.31813452866663,4,1.0314798902923135,94.52813085808256
61.617553248506454,3,0.23248711074423867,95.40189312953224
86.4410823293747,6,0.9683966342609208,93.35997815535563
85.80389782570613,6,0.8953433438499182,93.4157828786654
69.66684903890405,0,1.2313486074450062,97.00572412301119
83.62620906434564,3,0.10971805340608956,96.64964878912997
90.91217971446963,3,3.1354760609055656,93.3830377126368
77.75179363918915,3,0.03945593087485399,96.44024256490964
63.59942225398483,5,0.5680272960622441,93.49833835742454
97.6487811498263,5,6.188374208871914,88.45639000684503
71.63833722071847,2,2.159665482780258,94.39031828169962
66.74276577568452,3,0.3851759438024028,95.47492715622134
65.16545616265337,5,1.2309292063012136,92.7811577605712
69.87665980435162,3,2.307991787400818,93.3242428453366
64.88215068325263,1,1.2209080098041372,95.97901792239767
91.48226615961465,1,0.9369393284758171,97.64978611380975
89.92440964639742,1,4.4126341513387635,93.40105950071336
98.16614908476711,3,0.6237851658647552,96.75976525520065
72.72530125333964,6,3.0738962248778923,90.14758959281352
70.88990145481885,2,0.14961781582851136,96.76495369374673
72.7540723574633,4,0.4863151359077209,94.8541254547839
69.95593540772768,1,1.2826371445521256,96.15863219692383
73.12413903367288,3,0.9857504213800248,95.07330644602762
62.233528835058976,3,1.346370701448725,94.09603160001448
90.3505500280751,5,4.163259914531081,90.52161560396645
76.22084620814144,4,0.6580672783365762,94.82136157640318
71.2411170508081,2,0.13285256627058176,96.8026327730157
89.66435335773353,2,1.4867662593300304,96.09909815669064
90.48684421934712,7,5.0678184548132865,87.84296006519142
78.94120651385913,2,0.47507048636828453,96.77697574205101
71.66635082003748,2,0.5620520803589011,96.30885504457119
66.9764217286566,2,1.0051369644275943,95.54265672911971
86.10756157363703,1,0.4258832139719041,97.99431822191556
98.94992856471842,3,0.11551462598887888,97.40887887704926
61.38968583689308,2,1.7452131525556474,94.37522850877788
99.71613963597058,6,1.0764790715271524,93.89403209596594
71.16241108719746,2,1.800893311430571,94.79704858064319
78.24960176213342,2,1.3134987020910605,95.7362816455974
99.40038991317786,1,3.054103227071635,95.50509562317293
62.890880490209476,4,0.5474983433971092,94.28754601243395
95.39212323840783,5,2.287932180816042,93.02408754494114
72.37024441893142,3,1.0886630739259713,94.9121165322354
73.83889951228105,5,0.438551928940044,94.165682660886
96.75917302001594,1,0.3434132573444506,98.62586274218745
87.31349064115597,6,0.1964278914735647,94.32996106228953
98.52458637539519,1,2.520014939894027,96.10221139089693
84.74387846004406,4,2.9082700448198384,92.5472698692184
69.23271140751126,4,2.0589817553640426,92.7908574639387
92.18686471422234,4,0.42445950558594336,95.89999182900799
65.72790015520968,2,0.05498015019171047,96.62041882753043
93.26277993459446,3,5.892386571660901,90.19227511073665
84.65167161017844,3,2.9667642867224857,93.27246643644193
66.02929629185881,1,0.3552512129900048,97.07516335900493
69.5491524764458,2,1.1402088628768778,95.50920698837004
95.94772215208644,6,0.771046601054917,94.07213018633843
85.86389135209882,4,2.1995084262121423,93.45378445615037
88.90909112178508,5,2.174503101297045,92.8360508345328
95.82676850551573,3,0.013872452097106296,97.37469148275926
68.00883743154664,2,0.502575606519801,96.19735114375356
98.39746287195537,1,0.5007903877389341,98.51892467831105
64.7719832240725,1,1.349369723549281,95.81935549294448
67.57390894519435,5,2.081776921280212,91.88056314172346
62.927003950720085,2,2.3439406325082945,93.73362143852606
96.65083349374126,6,2.2210817896593293,92.36724352709587
70.61892899990596,2,5.045362749730145,90.87651115031912
65.97047587955225,3,1.3210742746522248,94.31323466439494
73.92382190031496,1,0.09981059896294252,97.77641837626021
63.98644610924995,4,2.193888585793367,92.36665600251045
71.55317719678435,2,0.03948869486779957,96.93027242599786
66.11223237273133,1,0.31551936502157985,97.12698838061067
73.51415542781214,1,3.6332322749268147,93.51582904147843
60.77196528907939,4,2.818031243439523,91.45696077232654
79.67761530437427,7,3.1840405175756112,89.56303214412799
98.56583183462232,3,0.29739865650241326,97.17141320392822
73.89589447001356,4,0.591741114333071,94.784705386301
82.51926018061063,3,0.3103738363593336,96.35351440539932
78.1974028718978,2,1.168778783364907,95.907335603557
98.2640227106923,5,5.510053204703648,89.30113728989024
87.55465937702225,4,2.2916807829939168,93.4277160292584
71.86825156679598,3,2.6530606019199903,93.00973985603581
84.10919202030408,2,0.5861618202700318,96.90206541669116
74.06112166387521,2,1.6292707561099409,95.14793117586183
74.84910591029723,5,1.6045704165331323,92.8169707956751
71.1995019781639,0,0.8037810358054642,97.59543785594164
77.34172411215204,3,0.0936946245110661,96.35465265619432
87.47284863969185,4,1.0740850474717711,94.88474037501847
85.45392501068227,2,0.2555316995146822,97.3660582111165
85.57563543612007,3,2.68006363560667,93.662705409078
95.22329772483866,2,0.17014918306116072,97.95698586656854
63.70304268208395,1,1.0288533504239192,96.1505281135955
78.90827594545156,2,0.6518685168432401,96.56317157706069
90.96686000091717,0,1.676465157575323,97.53658481095547
92.65590905446282,4,0.44734628067805937,95.89597991590946
63.768895149900295,4,0.9212725697178374,93.88291767383362
98.78288207346233,3,1.0080499776803333,96.32948413045672
92.53373316180434,1,0.25020068866769574,98.52644583168899
90.57600445557225,8,3.00014449059195,89.52862683406828
97.04029670413003,0,0.07939701593974603,99.7567384160788
98.3497318763375,3,0.12579519655606092,97.3665323579496
66.26031596321826,4,1.0952924045544863,93.79866491269553
80.87262805533022,2,0.002589466992250246,97.44052404237581
63.906652725044914,2,3.3766137256657496,92.54339616545334
97.14425318308078,4,2.4614676015866035,93.70345153725012
95.53726820576384,3,0.06161549463829549,97.30292481672224
90.12945657235043,2,2.9030396569241743,94.42282524030851
79.19932262115967,5,0.128285816405928,94.80602315137087
77.26462069489396,4,4.460416883101941,90.31073077502236
62.43124674517614,4,0.6650936479922789,94.12344995966808
67.71737745171181,1,1.0071295526652266,96.37731340938731
91.91725470045262,6,0.10838473663909366,94.66580105105572
94.39405887662653,3,0.3674063099520972,96.8788153718888
62.60548954683584,3,1.0434235172272959,94.47816625666904
88.19344790069346,2,0.3001037175027793,97.44954793403134
79.03187259978404,2,0.3430755196038516,96.93990300646458
69.54803218795914,3,2.243989132672625,93.38461465019081
88.7707402379446,1,3.1548830479726897,94.85267735433
63.19324266251493,1,1.4846490623152915,95.57808325834739
83.29482252633395,4,0.24803192534163457,95.66710281590673
65.52334626408036,1,0.41266621916075785,96.9809678502111
72.26674521252465,5,0.30296801906075926,94.24977563775332
65.72658831110317,2,0.24438888563676142,96.39306275279104
76.9409636920409,2,0.9146208062365067,96.14950321711824
70.86778464677037,1,0.838260266312537,96.73747691276347
99.33030443846279,7,0.9321628266939822,93.24791982989036
99.57024954460235,11,0.05442004262075449,91.11320842608521
97.42620517638179,2,2.653733789293621,95.08682971166674
93.46080777790316,4,2.690109264653855,93.24490927131053
63.4973078997457,4,2.2268019266646606,92.3027030829897
62.08209593469228,0,0.8426987121981296,97.09286634209685
62.523006973718665,2,0.062015518488908364,96.45173172649925
84.50674118957917,5,1.4241975431409706,93.51630000770979
85.13117836260854,5,1.6719119423011972,93.25026458736899
63.9784638980876,3,1.1864518331987508,94.37518099506588
63.53112771873638,2,2.9347698236036517,93.05483259761243
96.77718402233631,4,0.5841497462938714,95.93787950556417
76.97735555430316,2,0.7666123670179492,96.32893293729362
95.76218450808578,4,0.9614442601744011,95.43437611319501
98.85184909714182,2,0.1821046252712417,98.1240669045316
89.61219163023927,4,6.3439464111103465,88.66787388817954
73.61802782174423,3,3.298638757911037,92.32253488159397
99.73443420218973,2,1.1137344523163808,97.05024036732983
96.59263903059923,3,1.23761242720879,95.94449703887942
60.54417581802673,1,0.7793601188407406,96.29197664829245
61.597287570624374,4,0.37084387345290476,94.43485173038773
62.87597674629984,4,0.9000465858501656,93.86374293429479
89.94235942682707,1,1.1138576737786243,97.36048876280701
61.313417163355105,7,0.3942917486009395,91.99252075984663
75.76681818334025,2,4.694210893362044,91.55528783713257
77.34911531583911,5,0.7658852150835453,93.9483935076917
74.43227304983004,4,1.0040218838719035,94.31678739184522
90.96246827784464,2,3.030673832256926,94.31131481518392
73.08398661600317,2,0.5029754979449093,96.45062873326627
76.66527400477646,4,0.5517111279599551,94.97121034668687
65.05704908620112,4,1.143189215635579,93.68102539554737
86.37960684350608,0,1.9173824021881347,97.01812145954955
62.47884027917641,3,6.30294594145057,88.16040688421813
95.57141848297053,4,2.8694214801651676,93.13526514795032
73.68380023037703,3,0.3720665501370151,95.83771015135443
79.27777117570884,0,0.9313346243851854,97.84628700952322
76.7576336832051,3,1.341011352568659,94.82866806107786
63.58797188033019,8,7.052104528053134,83.31687316035274
66.23705008695326,1,0.47564267193329324,96.94108129802771
90.71750206472045,7,1.7950226653446353,91.78184790482246
81.43743972516285,4,3.300232481422732,91.91159300855087
73.85597279051409,4,0.4858344742262585,94.90979727045419
86.23794843353568,3,1.7763530423811655,94.78027377081938
84.10531685142539,2,1.8021776534389744,95.4426526584445
85.54893635268024,6,1.4314176428846674,92.7597456461724
92.89454055249722,3,1.7935062222931277,95.09251956087311
79.03175166938944,7,1.15061578510061,91.97084864134874
65.48412752297314,2,1.569265507560064,94.79108776707658
75.6078386899961,2,2.3534007822731553,94.35631099577202
66.83018203984786,0,0.30790867265648736,97.9720186948046
90.6017275988196,3,1.8919453692606987,94.85975193682815
64.4093163488493,2,2.148642091864325,94.04209530720527
98.16925429905686,3,1.6071994142895911,95.57982341780533
67.70974028849474,1,0.7242491847533398,96.71638799272073
68.14594564493109,2,1.167795578188731,95.40594258842007
82.94666390196039,4,0.08648996220803298,95.84354524044838
76.34630728839345,1,0.5507236458187603,97.35644698943716
81.34409606101711,3,0.6311215792866417,95.90985890790688
84.53971087407919,1,0.4337493335243916,97.90648634347468
96.62066914866787,6,0.26252650224436863,94.71600165474015
87.06946794719546,1,0.09596807436958915,98.43831170811626
95.5232152903522,6,0.8530186433053419,93.9525383925512
78.29199191987591,3,0.3320035363506728,96.11619535237298
81.07211675423747,5,0.038015330264118616,95.00798744139493
82.82576730180179,1,0.7792499656346829,97.40618840632847
97.0490980082332,3,0.10122257473643642,97.33098781072793
94.37690363445218,5,0.02555651321076808,95.68817736586969
79.18800650134183,9,3.9071851070020367,87.07077819666465
78.22410150006648,3,2.720444944987133,93.24667114101877
71.59748374649512,4,4.2288508999889105,90.30525310733806
65.62423216306107,1,0.5143640804258434,96.86397471164204
93.12219891877092,4,0.4100314008599891,95.96407226490656
83.60373597952031,3,1.1075157101237942,95.45116794682747
73.40991342801324,0,0.5521319690454505,98.00793730854612
71.14513332359027,2,1.7686293524933883,94.83490144318745
85.2074227621829,5,0.8553390347799921,94.23396429637316
76.70944778046251,2,0.3807371843445986,96.77858776780961
74.36439771870388,4,6.73246882013663,87.43925730177124
83.75417458823203,4,0.9475823637587175,94.85060989290113
94.4731252329841,4,1.2851775550977724,94.98144319553188
64.92938672039216,2,1.689550195856055,94.61900910099234
76.58760616663145,2,0.8056505319345413,96.26259967001012
75.37356111834112,3,4.010957567415541,91.5555289750184
87.44933120385791,0,2.5625031972744505,96.29746272346355
68.01064618871985,4,0.11750044452592068,95.05953177600489
97.8655490885981,3,2.3463248675796478,94.67768761333433
63.01911657696116,1,0.2617590985290443,97.03684491061321
60.30921069361396,2,0.12004384959139797,96.27140791517103
68.2037501489444,4,0.10775364020625114,95.08088313919971
70.30270902598068,4,2.27647294161822,92.58336792135717
74.55144206396228,7,4.118624166202987,88.18522310375454
78.31676668798484,2,1.0473351170407261,96.05903619395038
82.45102059424849,1,4.31036583055088,93.15011203305137
90.93412453933718,4,0.19930891777186432,96.10753552564063
73.80203477288228,2,0.8727940874970377,96.04274883364766
78.08374089561536,2,2.2981069621805443,94.54645869016412
73.29790872990553,6,2.196285219584481,91.2293531729939
95.10182170237891,1,2.2449448369212828,96.2611572808134
77.26607050375844,4,0.3507276288160731,95.24243037060863
66.51386301116379,0,1.22744408414589,96.85276024958313
81.78288365955336,3,0.6326198713753532,95.93000033732724
99.61886689389027,6,4.200704592529497,90.14009783365911
83.19933281808335,3,0.29365437570284997,96.40758139006074
62.04958164585699,4,0.1304667477840779,94.74591898495196
67.42320947134222,2,1.0516655435243323,95.50916182133791
68.12640153456836,1,6.238930758875005,90.1196031660784
78.7418779916589,5,0.4769739578806067,94.36472515012622
93.28248387016603,2,3.195334916436958,94.22972229378395
72.16818072540015,5,3.7672367674280265,90.08772491535638
84.36326620084054,5,0.030602442311145023,95.18144037926865
66.34392023352169,3,0.8842769011864533,94.85606373025234
74.2037906545276,3,3.3151346400242447,92.33202796469729
78.87068604599294,3,0.8653971176798864,95.50505776108378
60.674514803284175,1,0.41115043168320875,96.74034522214436
64.00072360097289,1,1.4424833749077077,95.66905613015939
65.62831323302296,4,4.027714106684315,90.24815873362996
80.9194923276684,0,0.6289657564443089,98.29121570865024
63.07397847444937,3,0.19031389081660155,95.52532225474255
69.79756182774625,2,1.357185794690027,95.26125513775928
73.70961654355384,3,1.3478678029371234,94.66803946365314
79.65070513960003,3,0.9406788912438191,95.45372058748742
62.30733138334175,4,0.8147781148426836,93.93763283135587
83.32025932018205,4,0.3663290998480504,95.52641804619144
93.08746856981287,2,1.3630939589056053,96.41866067780391
82.76186299574697,0,1.0808456361679704,97.84107838638579
84.38081245239697,2,0.947516461022049,96.4820208693934
94.32054630273308,4,2.2092733366357233,93.86489931117379
64.41339095300812,0,0.47967892887800945,97.64505483299679
70.77383516244417,10,1.830073471790016,88.34260359197418
94.03223831869795,4,1.3762103839499007,94.85015945519501
70.30315129991997,3,1.0194449855651568,94.89182358231781
71.9435502515317,1,0.327194318386123,97.40454433051323
83.27774566023132,2,2.075189736621716,95.07365959906551
72.20633322149159,4,0.12367849868545268,95.26190246265203
64.70706050581197,3,1.6790639275137962,93.82047631227404
76.94760714641988,4,0.5009396326172934,95.04625279818025
69.71990371443319,4,1.1744435236743564,93.87666295731243
85.47595888661921,2,1.0047887725253104,96.46805141730059
76.04859310845316,3,3.5814620991113197,92.10467513648908
81.42033555857991,2,1.1629242878256734,96.07550763253819
94.428081301686,1,0.7826739342741703,97.9821953439553
94.63365901679768,3,0.07332589063740456,97.243691882075
65.90427276630355,3,1.4500509075990922,94.15515254919626
96.69447940261107,1,0.918218276403979,97.93286203844578
75.0317960915223,2,7.673427175051413,87.94347719451441
81.74160950922284,3,2.475505091910514,93.71647436516852
70.43324320100035,2,1.091653665047588,95.61167776199291
67.86745736507446,6,1.658236225314503,91.60348939787632
93.29051543880595,4,1.4379670914296692,94.7389652622247
69.3539347634191,1,1.4059628562167565,95.98054131071085
74.48595133920948,4,0.6604089994709464,94.73180676759534
98.55070599769235,10,2.6846219206984894,88.70598899504643
87.90539291330657,4,1.4732325456663744,94.42739059086568
75.685393164111,3,1.5912742972772445,94.47474050147285
63.04357485398305,3,7.528729920320869,86.71770283831411
87.94907694815517,1,0.281814177598263,98.25927683428985
93.52703682742954,0,0.39819082156870245,99.19852285548903
90.29222381339501,3,3.3455559917823665,93.09994400053091
69.08127337129075,4,0.08905615842994144,95.1471962784486
97.49048179111361,4,0.4687376866663535,96.11203886555606
78.78593425610768,2,0.4775583315889017,96.7662267148987
60.13515387233649,4,1.460076140798501,93.05466632465863
60.48549833260802,6,0.7621880981341953,92.30964919886937
72.76381359491953,1,0.21994299949070417,97.57425908035714
63.29617738336178,1,2.967030441510105,93.80437233935596
78.05071181485067,0,0.770357027774647,97.97810715741296
67.47203364180142,3,1.6012321845384698,94.05212306064391
93.68155134422085,4,0.02024320475034055,96.45978572151063
93.73566585316283,3,0.9427054600280129,96.15553674062453
95.91324318405678,2,2.479976313806779,95.21969058263471
96.81084790406155,4,1.4625858625926977,94.88543936009184
66.11555382579185,3,1.985717402083623,93.52291680878925
71.38621573974368,3,3.217762599672834,92.30799566737979
72.29490876816179,3,0.9890391866599815,95.02789841441611
74.22749559577497,2,1.8536635219745088,94.88697855341934
97.40176785562923,2,2.99791980027433,94.67258463245227
71.41791148799462,5,2.3962591913860996,91.69538454473641
61.399953650559425,1,2.9740738542748177,93.70110905739818
66.30544143331922,3,0.9461441748319772,94.77989906186758
72.45663015524634,3,6.718672841025672,88.16042409853151
80.03479813528662,3,1.7070628128730014,94.55326453131673
81.91871187175713,3,2.6414833902303867,93.5261555253114
85.54100184766659,4,2.2444917260960575,93.38366002106807
84.54825927398306,1,0.1290855127899259,98.27251034835125
89.4378880689289,4,1.428129416859789,94.5581391032147
88.90598809443426,3,0.6307169624458556,96.28843904978669
87.48490081439223,3,0.7415386110549281,96.0843987074537
92.39014869742655,1,0.08972586810643214,98.71183639314361
94.24976166766481,7,0.9771507136015781,92.93990722706134
67.44528617472398,5,0.08795070046408165,94.2667234681793
74.97302258451415,2,6.866754348385623,88.90854591116296
74.55755533616171,3,1.855917360501202,94.10077693420664
81.09744339716912,1,1.6000119225049758,96.33485786285249
96.44980623017199,1,3.4889030021234175,94.8358067089605
71.37375639279173,4,0.07462612297374863,95.27913647207109
89.77123757176656,4,2.4809893369854397,93.3113746742058
79.64554142783308,1,0.09716236905600545,98.06568222852445
73.95466887180709,8,0.466338593614886,91.7381271312525
69.33017287290194,2,0.905435325592123,95.77998625293455
94.95628955140668,3,1.285537463576131,95.80516952127897
78.53315606185092,5,1.2008067665215953,93.48568968326663
64.42972480764742,2,0.17685253435945997,96.40926319915101
61.273669781923914,4,0.5160165238034349,94.24446366053208
65.1810643960141,3,5.099472524936873,89.73968618987645
83.76637431518606,2,2.2981385348397794,94.83055247395157
87.4348982092576,4,0.6525767857062068,95.38865276761543
94.8654708208022,5,2.7733366762130807,92.4152695295844
92.22012445039454,6,0.8388432892123632,93.80439427546489
78.58887824794998,3,1.2499425984443342,95.02951279426429
63.843039025534246,5,0.4295643124090518,93.67667477638585
97.56789731303049,3,0.03956147163167345,97.43092109969352
69.4816603567472,3,0.7545156083198112,95.16866428785359
99.32649159645634,2,0.17416881199581044,98.15732200542784
79.595765685233,4,1.4471282028112467,94.04323444088816
62.21562920083757,6,1.3251655241017664,91.72058283111976
96.5926059676491,2,0.005480052322157773,98.22305423559587
90.38846641355869,4,3.5108186583168206,92.10644093069774
67.08944791089414,2,0.503762343384377,96.14995758348346
80.81488865763872,5,0.7891018859112511,94.09382216978844
61.1407397564517,2,0.06795966289400025,96.37548539234979
83.56240614101165,1,4.301353019815769,93.21649668327166
63.9753111580344,1,3.2091834866678592,93.54774537390028
60.7887892881725,4,2.188340777653192,92.21343053122479
62.8501074128546,1,0.9789446486110321,96.1677717923095
88.92137723403182,4,0.7078043185129244,95.39670367948608
80.25006937989308,3,0.838316375942477,95.60652381786367
76.14694630496112,6,0.1508307733488942,93.82635038722938
61.516677762945335,3,3.603228771075904,91.35195936285618
93.4761378126662,2,0.024283744294777566,98.04466639747957
64.28042690417684,2,0.21966926587231234,96.35041822616206
67.24322809231764,4,0.15253375551463338,94.97912089799831
69.0584241503222,5,8.599470154393954,84.13355702224337
63.95809206746139,3,0.8603482433192362,94.76548671138998
70.02184235724513,4,0.3343795901872385,94.89983660963757
92.44064441050624,1,0.6835911713163956,98.00172281494564
95.21392783407961,1,1.0217537710343367,97.73459186646278
71.05642164374699,3,0.22806630794228616,95.8791415126566
92.843143097874,2,0.08234441115574431,97.9433438615068
84.33190454967587,5,0.320331493883695,94.83219743482336
62.74103950387953,3,0.47888782206851344,95.16238658871175
71.90879392234068,2,1.968240979985811,94.63355052013407
71.96320846621646,2,1.2504490523705034,95.49762156046621
96.06342504839452,6,0.06981680452705707,94.91939108698726
83.56803627055413,3,0.29194932850287214,96.42806261932427
86.48509395416995,2,0.5167009272263787,97.10421358503685
94.03625288603999,1,1.0235668209064854,97.67353245921421
63.38173341520492,4,2.413341872113835,92.07307642422364
97.01312215456655,3,1.5807467623086162,95.55375999295799
81.3961913675918,3,0.11421471599344403,96.53275190918745
68.93485751309476,0,1.0482762552189793,97.18881136939196
72.56361820934312,2,1.745230784332716,94.9339039692679
73.97059623390555,2,1.040514503238974,95.8499124078085
94.17691841310473,3,3.3220247158370535,93.32241626165077
61.642654949864465,1,0.39747191343698607,96.80516645136883
70.59723544889624,1,0.2099692919173013,97.47789862214405
97.35816527180953,1,0.42407308824155465,98.5590205577006
97.32059492521682,4,0.4573909325442268,96.11716062720777
83.03000334081241,6,3.1719399211229318,90.5451722616931
66.1828860589907,3,0.5937447917904863,95.19665055280095
95.53454731205056,0,0.7821411196011938,98.83815802208109
61.25598519250965,2,3.1506714267410407,92.68199354753624
77.44196882487564,2,0.450424917647824,96.7315885400664
81.84991870411554,5,0.6111969311681226,94.35905961780404
72.78196251513626,3,1.157541538475048,94.85004827958676
62.38176552009985,4,0.6729232245362207,94.11158040656153
81.79493137142941,4,4.0684605555620825,91.00759390189697
80.460605443329,4,0.2600442712650146,95.51097714664843
86.29885475424615,6,2.0449576203826263,92.06099359325316
81.27927199620004,5,1.2753001428681825,93.53360342836818
88.68747558901086,2,0.0004953206610661034,97.83377939465726
78.89053843180861,0,5.505531384891943,92.3378892597201
68.88260698165568,1,1.1073687610229621,96.31528783585523
75.19824500589634,0,0.6122326845007559,98.02523302889391
75.65744080891423,7,1.7879470361150869,91.03733559710761
64.41772507764604,5,3.1275783536525177,90.46779222949928
78.39289723636716,4,0.7215889835965965,94.85373808150244
92.39505660154278,2,3.387067546830969,93.95527177387997
61.41878341366666,4,1.255354773827789,93.36451344208999
90.57731449480768,6,8.582797957975638,84.42950817516962
77.38010774877218,0,0.6755767083698894,98.05831333739474
65.11131818295372,1,0.08227916038424551,97.35683091668659
87.54048753638253,1,0.14625339992328934,98.40152029691117
62.52670923612124,5,0.4616377805856699,93.57237012510326
63.05573267181223,2,0.42728025957676163,96.0400503220985
69.73782536114979,8,1.7574101614689996,89.97799907429469
75.71749220111226,6,0.06870842027830207,93.90342450572165
81.68679641782859,0,2.2612385861272086,96.37085351753878
73.13249094169855,2,0.25892793834192634,96.74591102107462
75.9184150578046,6,0.5287617955703369,93.36140659820583
69.362499702883,4,1.1266096034134168,93.91619346104805
95.54910914206859,6,0.3454491939075293,94.5629164244144
79.076217021291,3,0.9018331724224473,95.47161104415761
67.69644151548557,3,2.307733100705346,93.21554235492786
87.88565401969596,5,1.3174307877417097,93.81336575569475
77.58569282099387,1,0.4369486283644177,97.5549462870124
67.91418598710658,4,2.6958072693942654,91.96074057608222
79.0493125406865,3,1.5891158826632141,94.64552656783847
94.05705577660024,5,0.2569886717266048,95.39446638275808
94.24598290383766,3,1.726903675210377,95.24001473493944
72.4892735848294,4,4.030661358258516,90.58767004933125
85.1174997319784,3,1.4984335302975809,95.05775475024183
90.5859844636143,5,4.133807990370105,90.56872963473658
71.57796777217477,3,1.0329764066084768,94.93932670067856
77.12191167768299,2,1.8916743351840895,94.98608638166324
99.22368495219149,4,0.07020762187692402,96.67693510135726
97.8143253782613,2,2.5942331036552195,95.1776365445268
66.07850103512861,0,1.9067159163648766,96.01586595211857
71.21061200697713,2,4.035243372435139,92.11823855342669
78.0925669905391,4,1.173197784170261,94.29679100852265
77.60875891884008,3,0.620422454338094,95.73593100073629
76.4705820090551,1,0.07953449559598734,97.92808770573757
99.84968394468083,2,1.9056380014944225,96.10571859544073
77.56768662730667,6,1.7185438032226543,92.01613176749815
73.49898780146692,5,0.35730791183334787,94.24617989587333
81.2813874733356,2,2.3519590416412717,94.64171852369725
92.32441386457373,4,0.054645432532372265,96.35064617418983
60.6917590306833,3,0.4488604609822471,95.09595539835547
73.0257910779957,4,1.4954956506949886,93.6566947730658
75.43421506886945,3,0.24262904114279998,96.08055590407211
74.74306775352551,3,0.4188984107901408,95.83447529472811
67.74863769118241,3,1.3539455628368664,94.36269720915487
95.35429054399837,5,0.009763834320811255,95.75599792601494
88.27377429716392,6,0.6339317196926183,93.85297065122705
73.99714135085631,2,1.9738770111160657,94.73120465420354
90.06868165913934,3,0.024249561772745475,97.07433460882967
82.49795765085675,1,2.112804241595054,95.78953279262878
60.38024809672422,3,1.3139096483226842,94.042320826849
73.97308143903645,4,0.02546491575550549,95.46809617304521
75.61156403357336,3,1.330435765680265,94.78405528286235
90.25179695441575,2,0.3383588694845466,97.50655920433933
66.18701212511651,3,1.3739410788329083,94.26062131165634
81.05994109312965,3,1.673354670845758,94.64497144964157
73.8062985654392,0,0.4342736435317917,98.16918655603381
72.37307096867248,2,0.9880474568520359,95.83299660021117
78.36949565456364,1,4.522928903210353,92.69096009887576
83.27748855976134,5,0.3332945224251663,94.76392100107786
79.84940695479804,6,5.117598515981823,88.05135212856172
84.4532301321141,3,0.4217488583408008,96.31656287659675
88.58888807237705,4,1.3630802671244298,94.59374808306954
71.63518928976877,3,1.623315522144705,94.2337808379148
87.82340697214177,4,0.25588660299598126,95.88410642501191
87.70309517587623,5,2.8130448174658254,92.00950097783482
66.32245201166597,0,2.304918355945378,95.55022057344884
62.99186591987757,5,2.7286255786054627,90.87524260166732
66.7849637212629,2,0.9852045893736414,95.55700267881477
66.77144841091157,3,0.5031425553713664,95.33480135409994
75.11952464839847,2,0.5970442478950111,96.43952313494592
76.97507068055512,3,0.8478370203774177,95.43134910957485
75.29023658625619,5,0.27167712334763583,94.43849928129565
75.8049953909827,1,0.8501950462823469,96.97001571401032
73.52463086638251,1,3.263083817648032,93.96053096214149
72.08195461957361,3,0.6907090680460793,95.37524684932339
83.68428853884171,2,3.1774848535712645,93.77123260265657
77.61251903007623,6,0.17741520495717267,93.8677277055552
67.10817844787256,6,0.17224322762793934,93.3487170492401
98.45116969469545,3,0.789779611603423,96.57482295081067
86.46306962296234,4,0.8984502252187963,95.04501321088556
90.34220913867165,4,1.013092987201337,95.10139887229198
63.65666196458071,2,4.973376067925923,90.61478181671792
97.87159106900637,5,2.1606468194164883,93.30080337015053
89.87392485184472,6,0.588713550590062,93.98723998188416
67.31095610653985,5,0.07402297308714592,94.27672023762241
80.19843675768671,6,0.4738878841030668,93.64125637696065
61.73382479709303,4,1.5838205664547558,92.98610656010894
62.111334020627645,4,1.9231939613405715,92.5977339474227
87.35921330240757,5,1.111043936251131,94.03470794161902
73.84741230854556,2,1.2749311662903535,95.56245321587886
73.43417263443328,2,4.506924452595096,91.66339928860755
83.24591659893042,5,1.982324206172402,92.78350678253963
82.6662431040825,1,1.3975801910328398,96.65621592596472
79.56719846188145,1,1.0847182630496728,96.87669800743447
93.0757293530236,1,2.5944969325141507,95.7403901486342
85.93695727086315,6,0.22724478299406892,94.22415412395027
73.02666929112377,0,0.03147985849077663,98.61355763436725
75.82088545005676,4,0.36406527022240254,95.15416594823596
60.99096507737535,4,0.2574647323651822,94.54059057503055
85.10498803692212,4,10.604646999228892,83.32967300277144
89.95356753847405,4,0.754009724402487,95.39286670764072
97.21923278319468,2,0.46975594373256924,97.69725450668065
69.7507797233091,3,1.8963108408306402,93.81196597716868
72.66150925339836,4,0.9853773607016283,94.25062262982796
86.68006130723458,2,0.2415591717733691,97.44413205923368
83.07158833988944,4,0.9844808870636608,94.77220235251808
89.65579889118999,5,0.39686469278185854,95.00655231322126
71.90658023717256,3,2.156543663148132,93.60747661608087
89.42232793071668,1,0.07336597588548478,98.58307722547325
91.57531842754517,2,0.44218853844320527,97.44813967524541
85.5341721954191,6,3.532145080332298,90.2381345133722
91.59730884223521,4,2.3746479427756455,93.53028791078098
67.31893533659478,3,1.7181085829752385,93.90421646725946
85.35411603534169,4,3.828886655394645,91.47304181529351
67.08466274713491,3,0.41300767255473636,95.45862393029105
90.38779991199647,6,1.5666887521408008,92.83936349303086
96.33154493949316,3,0.1146106588237905,97.2790444563861
79.93767361739978,6,0.06528683029647943,94.11853948451422
98.76943989068437,2,0.2322089131105015,98.05982129880162
66.70977624558411,0,3.486543589399894,94.15163650499933
81.63072931309345,8,1.7175331798470619,90.6204966498382
87.46866638419394,3,0.6053696246784581,96.24698976959554
62.489749046351236,3,0.34225041462676925,95.31378695476543
64.82753871384962,1,1.3277500888898186,95.8480768290247
61.25349842706905,2,0.044123025791706495,96.40972729040341
82.93507152006234,3,1.6732676765383787,94.73883236415706
61.48924807009167,9,0.7073138644134795,90.02568576620841
95.88229873489169,0,1.8000736743230479,97.63402652755693
98.19110209700861,3,2.6317812081931637,94.35141765501864
71.38519647757276,2,0.8468821663372492,95.95300122427393
75.15005793762695,3,1.6489475048342732,94.37876589108022
86.81280263323126,1,2.8763990152579892,95.08896131335197
80.84008691793429,2,0.38680127911088974,96.97784281096365
70.16900120330037,5,5.4018509631901495,88.02622890433685
82.40770216936933,2,1.1098159132242675,96.18860601259935
60.30791211818851,3,0.6742568083866969,94.80628743584539
97.41529042931145,2,0.8942701716849644,97.19764031544362
74.23321514670644,3,3.418508063930008,92.20945108061932
61.51798920959483,4,1.0047612778253632,93.6701859270893
78.02493658280501,4,1.988213295420072,93.31539087463617
89.08049818798895,3,0.09796717245425515,96.93646430245434
91.8180383271035,2,0.06146390022228042,97.91714523608844
66.66982274503746,2,3.126094707248021,92.98217748855424
80.60550693844402,1,0.6815813493314242,97.41237772772449
79.16677389581767,1,3.063840481044917,94.48173011753698
97.57726508399186,1,4.765364341112342,93.36042604486478
63.326469325298596,4,0.3386285174714678,94.55996924529917
95.58405580497578,8,2.0432114893426805,90.92734900303758
78.93751471353099,4,1.5712627101669119,93.86136048347626
69.76957872352705,3,0.6575663865283385,95.29939927234234
98.16552317535238,2,0.5278662714002548,97.67483663308731
71.2524188188297,3,1.1922118185843409,94.73196675864027
63.71646645318813,3,1.8234867663835401,93.59763920299916
65.4702009445355,7,4.050391262458307,87.8130405322768
88.6065893815375,4,5.203045965886428,89.98667431001316
72.77688394856818,2,0.5041696642756242,96.43384060029766
71.90687917385215,1,2.3361437598806227,94.99197144683586
72.68355149096502,5,0.6207341484088231,93.88929659645767
93.92545157212713,2,0.2280228223850843,97.82264519174426
99.09281220451908,3,1.9025214056438104,95.27161492345338
63.391224949190175,4,1.2755903781733735,93.43885279365146
63.653105774613294,1,1.0801412646086115,96.08648577120033
63.38130461174289,3,0.38080975787255583,95.31209352114007
86.94649679573737,1,2.5105737550597285,95.5346363337152
82.47255521353235,6,0.5819917829548167,93.62523762113084
82.80992499789598,1,0.7025360998033814,97.49745293013075
89.57158514985748,3,3.5223744178282876,92.85172995609892
82.74416854279738,5,1.72351638679195,93.06898876298953
98.49056312140688,4,0.6097000316423107,95.99288811809957
61.43237177670923,4,2.0979003121205917,92.35413821429076
89.06104774439692,8,0.13073956501066272,92.89616490920704
71.62819423617529,2,1.124238285644733,95.63232376903508
66.79281383582938,3,0.5886227011209128,95.23329345044637
76.40358733044611,4,6.665489998155948,87.62159136873517
98.08495512523483,8,1.662497963598861,91.50925019994311
89.3173048807009,2,1.0571175920922617,96.59732413352432
78.22909602720985,7,1.193229702740815,91.87957915807152
85.36147893654434,8,0.40848580793678524,92.37789097730307
60.167886433222606,1,1.9085833776317442,94.91809426850304
77.02137190884798,6,0.3771567716154556,93.59848046950385
68.51703801930405,2,0.32948551187292974,96.43046928671768
67.53571929614296,3,0.7787833451572382,95.04224595061847
64.12799247623344,2,1.2541472292495341,95.10142294871223
88.95871495094067,2,1.1130511863034305,96.51227432398292
80.58008659428367,4,1.459527791579266,94.07757097981906
63.21292422758133,2,2.971305285841326,92.99507986836947
84.5603335615575,1,1.1560478330347572,97.04075927843617
96.9290351394493,3,2.4001602342119863,94.56625947591809
81.02162924502865,2,1.9568462240643063,95.10286599337427
90.44846060661897,3,2.245034445621317,94.42838169558537
98.13707933603253,1,0.5620887669294982,98.43234744648623
69.01575577267319,2,2.272600707425999,94.12366693972245
92.7952852503779,3,0.6115641029785814,96.5058873389446
82.62533805750019,1,5.230138422996183,92.05510079527959
92.39526342822843,6,0.5187030268429926,94.19731953919982
82.05350170796305,4,0.6752070320512186,95.09242664693669
69.90944656140464,3,0.37578982828071106,95.64452453413338
75.18616063474693,3,1.0454261487498164,95.10479665323757
84.95628131431586,3,2.489392726500314,93.86054279391541
69.73981036740727,7,1.1890460914749754,91.46013520860039
62.482805468340445,2,0.278408842638497,96.19004966225083
91.83330635801767,0,0.4977735009744719,98.99433711673151
83.36154631306488,5,1.4066204946184253,93.48013272211114
95.91096273020204,2,1.4256489659317675,96.48476937739198
61.19087629628528,4,0.47148473148337866,94.29376213703421
89.32127123783594,3,6.847061060205408,88.8495902896453
60.29241954619763,2,1.9772130049733971,94.0419653713418
87.73703208398385,4,1.7926473021371176,94.03567484163464
85.35893633761768,3,0.2527941516198352,96.56459383493709
70.71985795181455,2,2.4548874158876144,93.9901279985256
85.52928985440809,3,2.3767589646136815,94.02435373518398
98.66690666821172,4,0.5885959373272817,96.02703020861784
60.285200808840244,4,5.05843026698326,88.7441437200621
69.68688492189108,4,2.216997782092728,92.62394690758327
84.8993327611615,6,0.7864088626871925,93.50127600283345
99.27232090871308,2,5.90208548760476,91.28111346030994
88.15943687458653,1,2.1621894342549037,96.01334452262344
90.98893716882405,3,0.9568158447510521,96.00126784473994
69.7529541040162,2,0.11948821501520134,96.74426184718257
96.79605465747684,5,0.5255122041295198,95.20918808791842
99.0315734537646,1,0.23962560570122698,98.86402794584676
61.05354806994208,5,0.12766971030556173,93.89947375113043
79.26356220431511,5,3.402062074635351,90.88070362065334
65.8748750333283,1,0.22560376814087513,97.22301922989736
80.50335867736933,3,1.1674435813551804,95.22423563624226
63.95484620214604,4,0.7369302526933443,94.11342600687529
65.82964703495911,2,0.9374584828315049,95.56653217235015
84.37846344043058,1,6.352413720337871,90.79602670761608
74.68463069362141,3,0.6290552720454291,95.57936520822656
60.87405508831115,3,1.3416287687696262,94.033748231892
95.68923439795486,3,0.9079136571149669,96.29496533135978
81.04571038756586,3,3.824426701978789,92.06297347700375
62.17547864006289,3,0.9792931339822752,94.53362217122441
97.37502718561683,3,1.4107246136262965,95.77588182292928
87.26943808262443,4,0.7682709228179934,95.24154679674963
63.01030405232823,7,1.3598764667042473,90.91866344257132
76.39918903546267,5,1.0661735233960614,93.54055122369786
85.72645804653366,5,2.8465204260425625,91.87049839107561
97.93454924085921,5,1.877344766637048,93.6439137420785
91.70364560786177,4,0.7498620975557599,95.48534776332617
89.35745818933137,3,1.7602764322844884,94.95554119072519
98.407537200397,3,1.9612459898407084,95.166881672211
84.08198174197403,7,0.9218642313726257,92.49786200945155
91.50404585846577,0,0.08785445699428383,99.46977694453015
62.686311295312855,3,1.9764977347805688,93.36251828302896
72.84079242203599,3,1.5386875059221619,94.3956146139952
70.84886081536473,2,2.287916835348155,94.19694283835045
88.31568122791732,1,2.733938238537603,95.33505817515075
91.06393928786753,2,1.0610141716631125,96.67997995839764
60.74921168241679,1,0.9669560982749525,96.07711326619089
76.86726587411577,1,0.6732237456301968,97.23549479894955
90.25935396399666,3,1.2447984279058835,95.61920958471278
98.0272774722833,1,1.4045763302728698,97.41587227728672
97.96388355713705,6,2.0574406960739764,92.62926534256808
79.87509566747183,4,0.286857235003205,95.44952610136974
79.54054559983012,3,0.16606886787689867,96.37774463853923
98.33193932285202,2,0.6405999091041281,97.54787707521764
99.7939922824717,2,2.703862085819717,95.14506511113993
67.70075487279192,1,3.7687512120791307,93.06253628914465
63.24299664589195,6,1.0583461860387544,92.09213440904809
81.1665240382265,2,1.8631730120266805,95.22251858747931
88.49577207811953,2,1.7206819739399668,95.75997023517802
63.41590768540324,4,0.18988136552059928,94.74293774564543
83.64739148464292,5,0.509282072511862,94.57123108721791
96.24077823105952,1,1.3766754069044391,97.36002842326765
64.9927067616737,4,0.719646286836273,94.18605979388016
90.9824099965835,3,3.1802164594728395,93.33286074846177
64.0321913947423,3,0.5117291992645836,95.18753453061962
74.05262181012702,2,1.4080617979790828,95.41295693293145
96.01621274260269,2,2.0309343656166883,95.76368939839011
97.23348126239642,1,1.1694615095243566,97.6583202516906
84.57734619340381,3,1.609822836859795,94.89707990543843
77.30825796994814,3,0.7937442384050147,95.51291981241138
60.92358490728803,3,6.48853720978297,87.85993459362484
70.54793021804268,1,2.012308721832711,95.31262604470288
71.75666387562262,2,0.6013590528458961,96.26620233036606
88.99482022856267,2,1.5355356516726562,96.00709822942095
92.53661657283476,2,0.5595905469057687,97.35532217235482
60.810808226922106,5,0.3070508793139462,93.67207935616938
98.87622730606682,2,0.6565059197050156,97.55600426165732
89.71266762309327,1,0.8407402741085145,97.67674505222445
60.704660285644295,2,1.4976221017398228,94.63808649219443
69.69591505007556,3,1.930330904865791,93.76839866666482
96.38455187531648,0,0.8919600290682357,98.74887555888394
84.43125424311789,5,4.737042642550811,89.53711154109492
78.34513949725863,2,0.46641985681914105,96.75755314667997
95.16996172311138,1,0.4703953498157152,98.39402366637671
84.27781651352815,2,2.8331027795774206,94.2141674901835
69.19478364809018,4,1.8790276371065069,93.0049060178767
68.7105047419607,2,0.39985276855955304,96.35570191482657
67.34646155127542,0,0.956974906754976,97.2189531894578
77.14582277260732,1,0.8412214295858648,97.04782542312734
91.52820444286525,2,5.090706423349395,91.86756251412399
73.65649010509793,3,0.659527591982196,95.49139139487626
93.69128394992863,4,8.509044813205483,86.27371042164985
82.06122611729131,4,0.5187563592901219,95.28055367471642
66.08238911112129,1,0.12773507393520783,97.35083736683382
71.93976451149474,2,4.737078876670792,91.31249357356978
98.11478081432335,3,0.4560659045069081,96.95845995530787
79.64612697241802,3,1.595655840038707,94.66751934057446
67.57094000671502,5,1.777614298072269,92.24540984264902
97.65159801577107,3,3.0848819339767264,93.78072158001648
80.66641983207761,1,0.7189510329420499,97.37057975207343
96.12826671663157,0,0.9655305978063435,98.64777661846396
97.24632364442489,3,0.27696942955512915,97.12995286675509
60.74222156279441,3,0.6935996837561437,94.80479145763235
92.34968916084479,2,4.244224308492463,92.92441528785129
82.4298831149506,3,0.07522275425436589,96.63122685064229
75.82067772430229,4,2.755274984725657,92.28470390454433
91.47838731856788,6,1.2850561841945813,93.2318519448949
75.76967951339665,3,0.458920779422508,95.83777904036282
90.43853271043236,1,0.6890502154782613,97.89506637694771
95.39653828847975,3,4.8753447942080115,91.51941316137437
69.82820369938702,0,0.8532331502778463,97.46753040463594
74.35881718748034,5,0.0730727344617205,94.63025357801995
85.64859960940099,1,1.161829196180992,97.08823494505286
67.94331912904333,2,2.410862859947961,93.90413052451461
78.47677173642549,2,2.0122676067540075,94.90911745871647
79.17409156863333,3,0.526836839177548,95.92650037141861
94.83682643399595,0,1.1820225599680372,98.32341424973815
89.11302676695776,7,1.8920045318268155,91.58524590015571
95.05224118667175,4,1.6346058085854263,94.59108508903108
99.63048622157518,6,0.09608963786068153,95.06621674564595
79.03903874638985,6,2.777679267917803,90.81873681581813
88.4350251033417,4,4.5033663144096225,90.81771167787554
78.60957260719744,6,2.7922082368062413,90.77982874619238
86.95925089266203,2,4.085687331599486,92.84513774671372
65.90913223402298,4,3.2985081180348583,91.13724687005931
77.02126579203534,2,3.33879124524783,93.24451379530437
94.76731455922041,5,3.472119146380595,91.57182275230431
93.23170891356297,3,2.8058334700005534,93.89458528167748
84.29913578012473,1,1.6982866866913935,96.37701276497657
73.1280700215047,5,0.4112206055703309,94.16293877439084
74.89707004703872,3,0.6526637974536709,95.56165694540753
81.88156574482625,1,4.519044048789878,92.87122542869346
71.01502725899779,0,0.1192857779978472,98.40760842935248
83.20779612991907,1,0.7161502632441443,97.50100949060298
84.91044769360755,1,0.8113105479560008,97.47194972713318
66.37840391147068,1,0.0714528787485785,97.43317674107524
80.7934146862054,1,0.8272438079494939,97.24697816477088
96.60562958069579,7,1.7406990207666873,92.14144265411477
99.79799944487768,4,1.0536593811219144,95.52550871489758
74.67582647461501,5,0.5550912016331913,94.06768188177092
89.07024229592943,1,0.7016917602764,97.81148200246479
88.85862401433396,5,0.2730601326072704,95.11525904158798
72.75702861727558,2,0.5692254655100468,96.35478087225172
91.19370324077266,8,0.5196899179366321,92.53605726051467
87.7424982388188,2,3.199656542295828,93.94753706118594
96.61111915651338,3,3.1452931018748296,93.65620423557587
64.30314810855451,0,0.3507119596235834,97.79430305387943
71.44351112819876,1,2.1134709197336137,95.2360104527296
66.57106263609029,4,1.2824731732327013,93.58958532392528
82.42571700583945,8,0.5798043828102653,92.02552059091965
82.87502865883806,4,0.08313696255681258,95.84398707787372
82.93254978286089,3,0.15686347944272863,96.55839131381177
88.07019089033993,4,0.999131634233243,95.0045515834371
89.35706894529946,3,1.3374427952547576,95.46292209295926
89.64343190952879,1,1.8921189137999415,96.4116288989165
71.98791325520018,1,0.5673066030467243,97.11862773910394
83.70712263654983,1,0.152896994194764,98.20187973879378
71.62012988794476,2,0.19155553151062105,96.75113985658449
68.46461309397526,1,1.6690507732471604,95.62036972680217
78.53614189544138,2,0.5489146370064062,96.66810953036438
90.63463947755233,2,0.12543815114683718,97.78120619250141
97.5773449158475,4,1.5439101057113143,94.82617511893879
66.21481423747329,5,0.6372667369414493,93.54602062754392
61.71649090640776,3,0.9681652002709232,94.52402630499527
94.26792892510275,1,5.490277102361672,92.32506392342113
93.14599639850402,3,0.9272079846488076,96.14465023834663
93.38287827483788,1,4.7410650216316945,93.17986588778386
65.91136533913271,3,3.064115940784812,92.21862913801486
76.78779693998388,4,0.6773814643295879,94.82653208980369
94.3631077780137,4,10.278426905257724,84.18404310259142
87.79706785760409,1,1.768654366012985,96.46746815366463
91.19044221116488,2,1.3670233126198088,96.31909413541447
66.87264713205107,3,0.6784405740903474,95.12950366769414
77.28170854105906,4,1.1779341368620475,94.2505644628185
84.51943448254754,8,0.46724134198940226,92.2652821137401
95.5580902276256,2,1.4823129295778312,96.39912899588788
65.78513352493789,2,0.018364478722637627,96.66721930177972
85.20955249531617,1,0.5847666232052343,97.75875767691953
66.7577636580634,5,1.515909551056958,92.51879672163481
97.84785135794262,5,0.090256069367282,95.7840852846564
68.72065994127755,5,1.9990598529375623,92.0371611735388
89.28870240211445,2,0.9180404439336658,96.76278658738532
64.58943845043659,4,2.398836158790235,92.15086853197354
82.85794262992314,2,0.07795922430541491,97.44934606232965
95.32611945487328,9,2.6668451046046333,89.3660918472181
88.35428452817098,2,1.3647135174749514,96.18005800543861
87.46323712085152,3,0.7048799704893993,96.1273058914553
65.32346556691189,2,2.1761743430021006,94.05476406674308
89.59179970631435,0,0.6921113366136351,98.64905638137935
84.26990761302122,3,5.620756247551019,90.06858788358984
69.68159971104187,2,0.8751686929481316,95.83387755401434
67.68928018108255,2,1.6346866017781372,94.82284008692037
62.49737136112043,2,1.6241815216536248,94.57585074207167
78.75004241737656,3,0.21820130727058848,96.27566055214412
74.95997468102384,3,0.4169826092383131,95.84761960296521
80.69862214614906,5,0.4555340461577415,94.48829025191816
84.30890991348505,6,0.3066619173506729,94.04745119485344
72.22949896058495,3,1.0649734367403734,94.9335068239408
85.87862736085235,4,0.20945202160104254,95.84258894212137
87.2470838428211,5,1.1631753302526493,93.96654379583788
63.52937301142538,6,1.8950490203033037,91.1024098262073
75.8115384427844,2,0.6047011358231748,96.46493555915141
78.42968869044687,4,1.097817844251022,94.40410302142112
86.90045477189624,0,0.3747431811789775,98.89533092118003
78.22734666005266,3,3.3730743326209867,92.46367813385744
71.71622701933438,6,0.933707348945191,92.66536253223249
77.5060945889769,1,3.205128445489654,94.22915059486127
94.08279351314228,4,1.3381848331109212,94.89831787592401
87.26726360449668,4,0.22421530313642757,95.89430481646112
95.24850929862055,4,0.6000334159192546,95.84238536582792
65.47663169907563,4,0.21793522052266343,94.81230932032659
72.59203304536146,2,2.6497398644073136,93.8499138149793
90.44029160743656,4,0.2572332447151733,96.01333468671362
69.45935943691018,4,0.017435360651959955,95.25204553906316
87.96555318803196,3,1.5437458309277947,95.14578266228824
73.00589784924601,4,3.8445182733887755,90.83687296439577
68.30920328807113,6,0.3726539719272891,93.16827539809081
84.32404747408367,5,0.3576334009582861,94.78704229255425
99.02306537742236,5,1.200485100252153,94.51057114856853
85.09660445081181,6,2.670128365977903,91.2506761833671
79.60805834225067,2,1.764679899562502,95.26278703763754
73.43685126495626,7,4.871082783225162,87.22654322337762
67.66379798737692,3,1.165143569478766,94.58501761599433
84.44827007432774,7,1.0573231886952512,92.35362567728208
98.64048384510421,5,0.14402600866336246,95.75919298185917
64.52636026358705,2,0.945912999665051,95.49122241358128
74.27927223511031,5,2.969773887184725,91.15023494713384
73.23407219490579,4,1.8157149857715917,93.28284562681938
61.80436025141344,4,2.6130512749498664,91.75455648263083
87.98778803829461,3,1.1501896621121532,95.61916180738015
60.65744231729309,6,0.509167089776003,92.62187160813345
61.224967289510516,1,1.0504345807910713,96.00072686752624
93.9012801384807,6,3.7227994403456055,90.42770467850931
75.51740302715477,4,3.4515994605069347,91.43395079874942
60.15704227957062,2,0.0779047371977373,96.31436642934125
82.13939814337311,1,2.216418978563135,95.64726713289289
68.69667337021026,2,1.6167413848669012,94.89474400667024
60.7041009480538,2,3.233456047805566,92.55505779003602
91.50834923545675,6,1.2720277690532036,93.248984138909
72.48732867286044,5,0.32068261074955795,94.23954730074355
63.98894400264275,6,1.355155380578907,91.77326074343745
91.0891408000663,3,1.7661492860929897,95.03507789669173
95.6039369675068,6,2.557579826085201,91.9111010570731
99.43260423254063,1,2.535503782604668,96.12902567250143
84.80920210139024,2,1.0172172042691203,96.41979945994657
63.4186409186059,1,0.3806596618815144,96.91414045167248
64.24578611285567,5,1.8340363008024538,92.01144574467983
93.15289028421527,6,3.548887899731328,90.59897903453317
61.60671255802325,6,1.5616735566140483,91.40632735996431
94.78467993799477,5,0.22442212290163144,95.46992744941778
78.05835384001962,2,5.600512694353779,90.58230245877644
72.60263501043656,3,0.2432093943637434,95.93828047728533
89.83190813674896,1,2.3624260074667403,95.85668419787736
63.73204713429014,1,0.6388248686225552,96.62001251436745
87.95925610443018,3,7.021852136485435,88.57174024143899
71.90118213581955,1,0.7876984564233074,96.849820959083
85.1923994282447,5,0.14657801445326776,95.08372635406832
72.24415840630468,3,1.6505892162064926,94.23150086086744
85.80338014119319,2,0.6606133870793408,96.89743294256445
79.6415387935249,2,0.8666150945092681,96.34213882626513
92.82592720197528,3,1.2441454286610623,95.74832184570549
99.99485753096536,5,7.857281879184412,86.57100462152698
78.28482297072176,1,0.07164632116248758,98.0282655631411
70.02006387538813,3,1.438992500106452,94.37421219364167
76.45744949706649,5,3.516387870855401,90.60320702982685
61.35286566876797,2,0.7929856637887975,95.51606048689185
97.68586412264781,2,1.8978671391745454,96.00685263912294
83.24064944993077,4,0.4496240317639676,95.42248363437977
96.06676582529174,5,1.5732902958180712,93.9153899362829
67.6537905080749,2,0.3571698210293605,96.35408574016851
81.45488094896503,3,1.8274285544753122,94.47982978207787
74.31871302238662,4,3.0079000353530962,91.90645560869561
92.89697538319234,1,1.6241348738206949,96.89588692057478
86.08443428874912,3,0.7404495220527019,96.01568228797422
60.604297823508176,3,0.38710356863308054,95.16569060881571
70.37519980884723,3,0.10079749949658559,95.99780299104646
63.1796699341075,4,0.23127990554523678,94.6814476100511
90.21368061736536,2,0.01825769760228984,97.88877479374553
71.52627797846979,0,0.39218862255579356,98.10568755185653
76.78002960845355,1,3.4013690446430376,93.95735862685103
83.41880116091556,3,1.4448389255690872,95.03713334736287
65.18342920039937,0,4.022078843501582,93.43267684781807
82.19577504700837,3,1.8364723838684518,94.50602189170827
82.63234536744697,1,1.8475090836041037,96.11460636804742
73.21310757466217,2,0.2210300511856641,96.7954193173103
68.0758422453156,3,0.006574907423034791,95.99590222335814
98.80940249712083,4,0.18786565774710642,96.51503133555951
96.64443375478551,4,0.3129003835472727,96.25674122748255
62.662877892097406,2,0.27360218602849673,96.20482127137068
77.83287128286716,3,4.1514507002697405,91.50990272381966
64.3145735377697,2,2.181249799891791,93.99822891701834
68.61687614429125,4,2.358847193783876,92.40022717467392
90.0351110605796,0,2.40639592019027,96.61408044880065
65.51804041873427,2,1.6241742851272811,94.72689287878397
84.32281790796327,3,1.3634589405004407,95.17999016679764
73.67461487746776,2,0.04400700687554309,97.03092233562273
99.26206951668883,4,0.6692148745269223,95.96004562640213
78.55786166888052,1,1.2199444260812258,96.66395977214655
93.71061744601204,1,0.4251601139896525,98.37533873551303
99.18882573815243,6,1.5243663425426028,93.3302016758565
75.12615871801441,3,0.07847557287114876,96.26213724845535
96.48543607692733,5,0.31466612415614503,95.446672454859
71.57878754690145,5,0.47008157196574213,94.01484149098619
98.34074432725706,2,0.20729682188930879,98.06828103009568
69.33030565815992,3,2.430114807420863,93.15037751400295
91.36378802319392,0,0.7255821613186667,98.6974908075773
62.75082407884591,5,0.6959963951704365,93.30234552973778
80.88973006267537,1,1.175571030936959,96.83380126600942
93.15836068842694,7,1.6953433858541778,92.02350597139633
88.51012008239726,5,0.5917831197727347,94.71536626039259
81.67523815090725,1,0.6164322491583654,97.54404320855532
94.61483206004232,0,0.8403627557144167,98.72230629614482
90.48803091704329,4,2.055141074501824,93.85823225644998
85.70984138534452,2,3.0788740486825112,93.99084321084821
74.31592342182591,2,7.234312357493234,88.43462134209942
90.12345577765316,2,1.048954523779385,96.6474273603474
79.78673128909374,2,0.309365550474596,97.01809790388518
73.27933578173153,4,3.6922116562631557,91.03331280157079
97.14896791968178,1,1.1552827969079784,97.67110903969451
85.16875888354454,5,2.4208224352583994,92.35345102186714
76.28771398743415,2,0.662570129523566,96.41930154394343
94.30469999073114,0,0.24532868950555753,99.42084057212989
65.00464638597943,3,3.69863982291895,91.41186453179623
95.28202067863863,0,2.0897123860502926,97.25644617067158
86.21862805905718,3,0.40058749002654537,96.43022641492101
75.8618394789446,3,0.786025785278639,95.44986103161287
76.6596164947628,6,3.1077567569600273,90.3036727163861
89.2847920164252,6,1.3032773040302292,93.10030683598498
73.1710291688983,6,0.5631078613166279,93.18282202486496
66.42347482892504,5,0.7207813353159982,93.45623613906706
98.91739250014808,0,6.367683821546914,92.30464903915112
99.21846540439323,4,0.38107539604905616,96.30363279496079
97.81184979749538,0,1.184467745180521,98.46923119565814
63.024063555787166,1,2.9441272799243343,93.81825044188015
83.64282838590823,7,1.5514511060386944,91.72040009204898
92.05249059421891,3,1.3131568284223047,95.62683633560418
87.09738737785202,1,0.14351532083388135,98.38265098389195
63.08106785484926,6,0.08986870154640333,93.24621095088678
94.08530878477545,5,2.229050968414357,93.02940427714154
72.38533294833573,0,2.0355118060197364,96.1766524801931
73.23647542713499,5,1.9870387902310802,92.27737722307945
83.56559263510894,0,3.478745305226265,95.00378526548393
81.82574473297254,5,3.3827961388206615,91.03193187006383
91.52576055871644,3,2.3117693451158443,94.40216481379682
90.76245893524684,3,1.267947273571294,95.61658621847678
88.51623161459351,2,0.5175317705152929,97.20477345611133
80.30153300368302,2,1.0692609802586444,96.13196347387378
74.71939627750831,4,1.7155662574767416,93.47729030490332
96.98578850329656,3,0.9160387757807278,96.35004289422795
60.324752281479796,4,0.5950770831458532,94.10214511429896
77.76258949577007,3,1.8573500509654468,94.25930941362996
95.39318780582687,2,0.373934754892277,97.7209376844206
69.40680956498447,3,0.4640486830029699,95.51348205864566
75.36060118908738,4,0.1232853358550547,95.42008765642831
60.976572592888886,1,0.6149794064410423,96.5108533419152
90.91734161439022,5,0.7684733955041023,94.62369900611459
76.21406454502086,2,0.6252875280460501,96.46035819359578
72.77201281307029,1,0.06884341564449709,97.75598854188011
71.69617974242054,2,1.55639094146613,95.11713985736168
99.86403648219641,3,1.0737459766797486,96.30470665209413
69.5860853206438,5,3.3212840583494856,90.49376339601281
96.58233110752633,2,0.8562241553797597,97.2016475689206
85.2599642669399,2,2.446708508911018,94.72694800265377
95.57350448085793,6,1.7204729271298607,92.91410771148706
93.81007183028726,0,0.3731669995806268,99.24270319201761
86.62136000680056,6,0.5168380165055072,93.91086238053342
97.00619273562174,3,3.1141249768941184,93.71335966450815
62.004281197598736,4,3.9082303762369857,90.21033760839555
82.86838607833859,1,10.12108387864311,86.1981186495452
67.8243598500877,5,3.1778375798597938,90.57781289667264
77.78669883354866,3,2.050629945678768,94.02857900686291
73.51984125247691,1,0.2382424142353578,97.59010116554141
67.4303622482484,4,1.341422572698879,93.56181102517377
79.27564925081758,5,0.11632469164731943,94.8241928325641
73.92356129006733,4,0.13568230841461945,95.33335929440582
89.41470598930107,5,0.26908602144171445,95.147832073735
62.835420232365045,4,1.7733024203183754,92.8138081072362
68.17927801002318,1,1.8074879468123635,95.43997836432632
99.93007160745023,5,0.12244714736760504,95.84956700353139
60.830563588978436,2,1.3965468939100298,94.7656719067569
71.55311120124311,6,0.5132276663444366,93.16178236044883
67.35790824642487,4,3.6315392563601097,90.8100483046891
80.30923856048952,2,0.21329399738664995,97.15950913116049
76.22100885831775,2,1.134958741263366,95.84909995339984
79.33876257293404,4,0.23702659000703497,95.48250622063826
71.88597274755966,3,1.7312110957273334,94.11684532250518
77.94963003390025,4,0.005052065730287246,95.69141902281866
75.22673055215677,3,0.2803937726379382,96.0248640004423
94.08591935408037,4,0.8385820062688445,95.4979975601814
87.83578605853515,1,4.60428804465892,93.06664364933606
93.79264210288574,3,1.0488368582148784,96.03102787528643
78.24972103385178,3,0.1021576983729997,96.389896813645
61.70978426098436,3,1.7427521803135633,93.59418659667294
70.20808496062392,4,5.714679440297086,88.45278891967469
77.07365637475912,2,1.2083430450091075,95.80367116472702
73.14789548869055,2,0.770708201548348,96.13254493257651
64.22941071705802,0,2.6099610893141474,95.07951722867593
96.64995213130538,2,1.0205757851392385,97.00780666439819
77.4652528357664,2,0.08179956639477357,97.1751031621146
90.70701732149116,4,0.7485736002168905,95.43706254581429
79.98762411544482,4,0.7018819056577563,94.95712291898293
81.46143094502841,8,0.08085717967517769,92.57604293164121
83.16500740815437,3,1.569593251322574,94.87473846882062
72.60714782063556,5,0.7526818271477942,93.72713919845442
64.01277996773118,4,6.698512844293957,86.96242358523381
88.40090926000738,3,1.4620235307345257,95.26561722611893
63.71921105779165,2,1.2068079895019364,95.13779096548726
83.13791023410786,1,3.35720513769369,94.32824934647297
84.45723228911555,2,0.0934545226849346,97.51071618723385
84.27438814411789,4,4.39234536139723,90.74290497352922
62.86991856902855,4,0.0274131301570359,94.91060017226299
84.33474362784943,4,1.168289388605335,94.61478991506607
72.66008559641163,5,4.181172319862383,89.61559749598572
80.41618754876126,3,4.033382795131308,91.78075002328049
87.1411938174777,4,0.2623811726901685,95.84220228364568
80.43544032898656,4,2.2353289840078303,93.13937723563993
94.36153478185199,1,0.25731143239376286,98.60930302022008
62.83956764605546,0,0.5479172156809995,97.48447772348557
75.69423841926239,1,1.1320969959064902,96.62619552587533
70.93277279828567,1,2.7727523845124127,94.41933577849939
98.19014715783828,7,1.1837521211377948,92.88900481252657
86.15671153093388,2,0.6592661851220575,96.91671615440022
77.36000066381908,1,0.22436482553682363,97.79876224254677
74.6553356902634,1,4.390935979502268,92.66364360911045
90.60973291443034,3,6.065663610064086,89.85169031364461
89.90687080320632,3,1.7579039300235797,94.98585882413202
63.9324584094895,2,1.4858395229659576,94.81361549291533
96.69627704370994,2,0.20969048776619253,97.98318526686606
62.48890781515371,1,0.5804031235277548,96.62796164252438
88.26243257291992,3,1.8556083129611916,94.78639165309256
74.51314898907495,2,0.3693281838238615,96.68246362886511
94.85808258475373,4,0.09784686457198355,96.4254878917513
83.73374628753886,5,0.40923946822345186,94.6955999525088
89.50444646928531,4,0.27534849233868486,95.94480413265785
63.678582692700544,5,0.2670148592477767,93.86351130353769
79.28324632929093,5,8.477724400678975,84.79089303564977
90.91379776938675,4,1.7543046824336832,94.24052426954891
96.11906894469826,1,2.0103699626846074,96.59350949201338
70.92807326691928,6,3.043985612099248,90.09362092882687
60.80645528471577,1,0.8753176559911797,96.18994157704637
95.59840486461273,3,3.388738654429391,93.31343385791537
77.03268586046806,5,1.017873327196275,93.63018630038788
96.04153990936092,1,0.5429587176845116,98.35052653424663
77.73280025916321,2,0.6384397982251871,96.52051225508794
86.53122547431273,3,1.8545772491732913,94.70106857470769
69.21376622528459,1,0.21911297925407974,97.39775273615933
72.791091561956,5,0.5954755827694156,93.9249838787745
72.79343693167868,3,0.24217296321078685,95.94906429073099
60.88556651768584,1,2.308783960532355,94.47373757324547
64.49991831255542,2,2.512806175753003,93.60962850472417
83.18522280946453,2,0.33813097828329547,97.15350396653328
90.08187711223444,2,2.928717265469626,94.38963313704816
72.5479055227961,3,2.177395924903914,93.6145201662551
82.89892911754836,4,3.6607332494372806,91.55206655655269
86.75812309829215,6,1.5310786348132752,92.70061179313868
76.62911597118122,2,0.9506958844515583,96.0906207372172
87.63671287764132,3,2.3147305610028894,94.2041589706786
76.51437082468291,4,1.1163142769201253,94.28614140892999
68.35564136973619,1,1.0384078134314332,96.3716926923691
88.27603606702883,5,1.3640199502429347,93.77697786305993
97.8899150682505,2,0.5530978919796831,97.6307782830369
71.52580994446113,4,0.9198796447046829,94.27243492357744
97.31824168568313,5,0.9300809832805956,94.74981490434745
63.12485723158977,6,1.7826813051474,91.2170252954026
62.82635170697545,3,2.674530336034691,92.53188118210714
72.41320028538252,1,0.43504483721225684,97.29860620961442
67.12063788886105,3,1.0185089987013276,94.73382109600146
87.52148534212515,4,3.231151299636444,92.29869270754253
63.11575062380628,1,1.50367687725574,95.55137527848342
70.39518505799228,3,0.5364942620311217,95.47596613846227
84.54237219246056,5,2.468630338026131,92.26476220399167
78.25198567162224,3,0.24305451525938976,96.22093386526984
75.37478702937385,2,0.5692415414642735,96.48564950171156
67.38778517976822,6,0.37831576342749607,93.11541034287542
88.34373230488012,0,0.07909054522670747,99.32227796097196
84.325717695326,5,2.392557925518764,92.34521637414379
98.12271145081833,1,1.0027288131814163,97.90286099672322
65.85883040313267,5,0.3740455735858015,93.84408683185367
61.89393618986277,3,2.107431772456705,93.1657786825451
77.5776912518195,7,0.38830170822738774,92.8129225127181
62.8014090132466,6,0.021616243187567788,93.31413095883725
64.72650554135798,4,4.164593215608397,90.03881341833782
91.16549027190399,3,2.4754790825910558,94.18769961448594
75.47844318070949,4,1.4336720576179272,93.85351568989397
62.81150456119675,7,0.18024732944167576,92.32427843272983
83.87152920057761,3,2.5944142516670263,93.68027935802844
83.73904799417218,4,2.779745375849224,92.65125794868953
61.09150602602262,3,0.3710486476611584,95.20931692410774
94.50472407037722,6,3.637960648112164,90.55968342578427
73.0380617581774,4,2.7838941604382645,92.11123009538295
71.7317861283529,1,1.410803274798603,96.09362537665932
88.69086756749344,2,2.6863569919415387,94.61091498804483
72.94189433186604,3,0.005416126215296411,96.24059536513495
91.26724831838479,4,0.7224325296905226,95.49644338029061
95.94691022254551,2,2.135178960275662,95.63513075879648
83.82197121623413,4,2.42429462938063,93.08194500555496
73.95162354128084,1,1.2016485812433166,96.45560287957207
98.78106242559547,3,3.099388907527059,93.8197864322473
82.74288612560856,1,4.399623206040209,93.05759645903218
81.20876191283975,2,1.3812382809695234,95.80295215847856
97.1985430312204,4,6.14889533497222,89.28125274959436
72.15550271883288,2,2.14401567683923,94.43495632373457
97.43251033930906,1,0.705146916411342,98.22544921727184
64.46275969539309,4,1.3073008386218214,93.45437697842347
94.25185235195886,3,0.5246044169672729,96.68306731723722
74.44550068422897,5,0.6292198710145654,93.96721118899397
60.91230642750492,2,0.859442815433688,95.41428394285482
64.7026828189291,6,0.8217501110223633,92.44903400771962
77.05859200908219,4,1.9286383779114142,93.33856354696042
84.31295088565551,4,3.3260311822851216,92.02441012554063
72.85742981228069,6,0.06439036129784817,93.76560305705661
62.776678343605504,0,3.6669874511975173,93.73844897574325
76.33546640070803,4,2.6928235178876054,92.38538509857028
66.63319904157976,1,0.4674237580461831,96.97075144242356
71.29244231416827,3,0.23884966721628384,95.87800251504888
80.35285793963979,7,1.17703525306543,92.00520059330347
75.44271733806903,2,0.6682305104014465,96.37025925442171
62.537982435064144,2,3.3286476228692545,92.5325219743101
79.30840184956567,2,0.3351203761881226,96.96327564105253
62.0811938779938,4,0.6321490182296586,94.1454808720241
93.80968415363327,2,2.7223649611911185,94.82364625425232
72.72025677577601,3,5.410745978794276,89.74311766423567
63.379604169793154,1,1.9242035310228816,95.0599359712622
98.43544516899895,1,1.3853368840070548,97.45936799764148
71.58784082395087,2,0.9982448633454963,95.78149820518294
77.05278667217259,3,0.4335368172958921,95.93239515285356
67.15801761188709,5,3.629921973183352,90.00199451277433
98.76007496568613,3,2.1760140627559075,94.92678687297722
92.75793497245354,5,1.308444074655975,94.06776385903551
76.79735353885744,3,0.6083881775139712,95.7098018639261
60.71179560051301,2,5.017405339338064,90.41470337281997
60.90486228508403,3,3.5533298731171916,91.38124726651357
96.73806687708489,2,1.2381475149300523,96.75112632593819
76.37516327080922,3,0.21399187904580153,96.1619679086855
65.58840762596634,0,1.1691326920583374,96.8764611508283
91.75870904174545,4,0.5659071869594361,95.70884682773595
88.48435731414303,1,1.3602401603167864,96.99192967332701
97.69525458936822,6,0.6145044833511148,94.34735734944707
68.94902930013136,4,1.08656775302452,93.94357016137714
81.41795998589737,3,0.2951755302492356,96.31668736299578
76.17504802864983,7,1.8143572566829955,91.0315236934129
60.660909191461066,3,1.0417220259218645,94.38297902846682
96.20568598583068,2,0.5216722017899531,97.58427765714359
99.13360931186332,5,0.7400030670179947,95.06867678517158
61.163504743558974,8,0.7444429654992952,90.7648436785788
98.85179647891749,2,0.6101125292257484,97.61045478887497
74.03813298909519,1,0.32195453137553687,97.51556121180411
93.51262363240451,1,0.015340682657100625,98.8572223624317
87.82510981612099,3,1.911164923683963,94.6978575823853
92.4447149096278,2,0.276076928039395,97.69094343183411
89.37301253979996,2,5.101211396205234,91.74719695154371
93.94718258834226,4,0.7689140972610028,95.57466221270391
83.7592301282858,2,0.6862332155922312,96.76448164770362
64.99615621296812,1,0.4773137688503206,96.87703128802802
76.02941020454735,3,1.0669808456729024,95.12109349541988
72.64712203504834,7,0.4945502285769072,92.43889582746013
86.53271374697924,6,5.977723066115213,87.3533680080107
90.99056838928968,4,0.858040745621746,95.31987952471839
80.65263955396472,2,0.7785833792092294,96.49833192264717
92.18489766161619,4,0.058523167516651986,96.33901708206082
94.89706171961674,5,0.9576322476391681,94.59569438881384
77.9655414857786,3,0.4525401286333668,95.95522891992889
68.52491200422233,7,0.7745360635812015,91.89680232391368
78.83197659743232,5,1.289935734899054,93.39367594799275
96.45578147229136,3,0.9513241243853852,96.28120012435211
90.08317750118317,4,0.22063435423227123,96.03939764998043
65.79635361624692,2,2.7737066382552196,93.36136971490609
99.71860007277289,5,0.2778178392929101,95.65254859648715
90.18388794231169,2,2.276756210681844,95.17708694429737
68.75122729050774,1,2.286233253713406,94.8940814600693
84.6327559915948,5,1.3842793624059915,93.57050256469255
81.00824277828355,1,0.49716174340756275,97.65381804682511
81.5310895817932,4,0.8991743361537592,94.79754527570515
82.34612047720037,0,0.6828511293254144,98.29788466866952
65.5516188940388,3,0.352880920450592,95.45412384016123
97.00346529944562,1,1.0741901671531608,97.76114506438849
84.75785984555269,3,7.53482987306657,87.79609714459775
95.24377585533783,4,0.6108099370283504,95.82921686833288
73.76054833084757,2,3.1488356936632727,93.30942458414646
71.87184561920658,6,0.4509999231011016,93.252392373239
84.43807077745109,0,5.233006578528864,92.94229564463792
96.74692690311858,5,0.8881653843069142,94.77154788398764
77.15863902747054,2,3.1881507206407513,93.43215108660462
95.86743958023484,4,1.3588977201996537,94.96269471477216
60.54456589024404,4,0.5665463697230153,94.14737265084459
85.13629985754214,3,3.830321262806634,92.26042947750915
67.85231199581632,4,3.752424480837539,90.68970622278577
69.82069561953838,2,0.3766123620238647,96.43909994654828
80.14710293684249,3,2.9555602878889555,93.06068280137538
97.42262240808878,3,1.8554528005678688,95.244587759723
99.70949217901948,1,1.0285424601669588,97.95122365675063
84.58586529931615,5,0.4054314291518024,94.74277554998365
72.89287329081091,3,0.07456924054584514,96.15516057588553
71.35673163673556,4,0.16654080351746892,95.16798761761581
74.3793380730885,1,1.536500579874788,96.07516620780468
92.61345909964396,6,0.3621405344375223,94.39610431365718
71.55687327263388,9,2.893685980710621,87.90542048677895
65.99419682341177,6,1.0528959429402063,92.23623470964235
98.68462469485445,3,0.6968797310561929,96.69797555747529
64.08494792080853,4,0.22811735588988688,94.73050656897256
90.77298015614723,3,1.6593504080988128,95.14742851808879
79.71417355619748,1,2.157687672163519,95.59648347121365
61.333747914358334,3,0.9079614675443408,94.5771336346647
77.15002965193247,3,0.31903624756179993,96.07465798552246
82.06136998585443,2,0.25538318366272145,97.19660867889746
85.64612515440626,2,0.32800676374503346,97.28869814122628
72.00105621859583,4,1.8732918908518392,93.15210254190758
80.96830875790795,4,0.4472567283967651,95.31170736381928
87.59406514985206,3,0.46900357858018527,96.41689896319637
67.64209945837946,3,1.841211112321548,93.77265163813311
83.13883692054895,7,1.1580086600041346,92.16733145402249
68.71993217553738,5,2.808466318620367,91.06583702643243
72.79281147203386,3,1.3688704839464862,94.59699599286591
83.20751053218129,3,0.21383528279916,96.50377318725008
70.1212617412856,0,0.11307301390072988,98.37037547038341
69.73533117042436,0,0.42237226236302394,97.9799198436856
86.19905292248104,1,3.6646475506845757,94.11237558530256
91.65139315701603,3,7.68804854759331,87.95691140073883
94.80090108756687,3,0.3348065169061871,96.93827723409092
78.78322813407303,1,2.288373511799967,95.3931131925437
62.30107134858616,3,0.8134837690910518,94.73887304452005
83.35349042009298,1,1.6343999853240847,96.40639453861574
80.86552786362607,3,1.5434912676660502,94.79108687198205
62.946017384213675,0,0.2449338191239946,97.8533802862619
76.91626527415677,4,1.083082874995055,94.34611381371377
91.89857961490493,4,2.011551925149255,93.98106667056614
97.93537705090466,0,0.8707028754293982,98.85192540202995
85.91083953656019,4,0.031104037084231304,96.05821713232693
91.33056795159104,1,1.2828993798014845,97.22704914181777
84.14022013798478,5,3.956429245985852,90.45929591171621
87.45147050468171,3,1.8066071586958736,94.80464493479904
99.87285799584731,0,0.10118642435753958,99.87221919056331
63.118002777236754,3,0.9168530560113329,94.65567647164823
68.62652639269656,4,0.2810682659195487,94.89404440053137
99.56295905471389,1,1.8249843755320843,96.98816670209719
76.48692187238447,1,2.747972039737843,94.72677964593382
62.55365515956403,2,1.0644786182262282,95.25030841610673
60.468105072435705,3,0.961301945997245,94.46984291842509
82.46773499405899,5,0.032817425633182976,95.08400583894313
83.76050803632336,3,1.8039428264478785,94.62329401007871
88.87081109271239,1,0.7870914994238356,97.69903075532702
83.30874808532089,3,1.7213020932513485,94.69987489236442
99.36706571579529,6,4.613266610017559,89.63243335376869
78.03277645834703,1,1.5641377842880675,96.22467348177167
77.50838585666956,3,0.33896047405722063,96.06866672396481
87.59101823984278,0,0.5460071977368799,98.72434227470788
75.95286125630174,2,0.6515989675894823,96.41572430170771
79.95696393437149,3,0.26758058229800474,96.27675149796097
91.55687729656412,0,0.2040340798646887,99.33300296899058
81.51838526576395,1,0.6691447725944992,97.4729455361748
70.9683042024098,3,4.032040909003985,91.3099661193157
95.07492173975291,2,1.8700128462490921,95.90973067148873
98.91430917938966,3,1.3389978403887497,95.93891805050298
86.07732237903002,0,1.1935125292197788,97.87165108388777
83.79739373989491,1,0.4848979045950923,97.80799220148063
88.4688636690895,5,0.150164928740961,95.24324526896532
70.2793464994993,3,2.466436953246661,93.15424298107897
71.02576920969109,3,1.0509941137903303,94.89009552393615
92.58051518465612,4,0.19982362661356484,96.18923740729653
97.91451086539843,7,0.2743073127458415,93.96655676797491
90.38323000060291,1,0.5672369315095486,98.03847718221868
74.34547471498301,8,0.39727346802519986,91.8405455741189
86.49262097768506,3,0.08333184477346806,96.8246328351561
81.30710906364999,3,0.5402831936463995,96.01701562080682
85.59374025111586,6,0.3571317564646174,94.05112890479825
70.23982482106308,2,0.09712083659008551,96.79544623714506
94.99799965961121,3,0.911776384400288,96.25576832170022
73.4816675395258,4,2.7500554113436175,92.17401688336395
62.72824938970902,1,1.5287944300811047,95.50185915338812
68.45652063103617,5,1.2496225195699993,92.92327900806781
82.07580557996583,2,1.1015144983483047,96.18197288098033
68.68614199340749,1,2.6717162112172295,94.4282476462097
93.52368906827806,3,2.8254430177147034,93.88565283215625
88.91900774034482,2,1.1282501018444897,96.49205026480385
71.65105967265782,7,2.0000799530681,90.58245703995117
60.73399505816374,1,8.760443662684605,86.72416735768667
64.88787047316951,3,1.402555886086689,94.16132646035445
66.40819017582182,2,1.2256483242940917,95.24963151963819
76.41254510571751,4,0.4670681989685973,95.06014541652355
81.78191414849908,2,0.9679184652790356,96.32759354909011
62.76137667190666,4,0.14226781343180198,94.76734745747717
94.79296035548126,3,2.6715523538771766,94.13378519312145
87.2870733479802,0,0.21529065921394525,99.10600487634227
85.4251222334278,6,3.6520610251870584,90.08878288144692
60.728561237279116,3,0.1023875919299008,95.51356295154807
85.94549476553155,4,0.031812444266014685,96.05909980515736
70.91819470561884,2,1.8973254954466947,94.66911914074491
95.78481076272269,2,2.025595457459538,95.75852598918469
64.40381221047545,6,3.8807815963806505,88.76325269486699
67.18175483176668,2,2.6289497229487786,93.6043480740498
60.099818144033165,5,0.0918607067575054,93.89475805909265
93.2029239282231,2,0.9874049992739177,96.87526019728246
67.94642540685273,1,2.981747826000191,94.0192238791424
61.26238196245335,2,1.2904741382954878,94.91455013216809
63.199438317627866,2,2.4131717261879553,93.66416584445585
75.77909763928474,1,3.7656052096621995,93.4702286303696
64.42423007762658,2,0.9367647664107629,95.49709378418841
92.69798057905203,3,3.6109362911085943,92.90177547962229
93.85764833933395,5,1.2619863975956283,94.17849873985195
70.29861330127703,2,0.582606390238471,96.21580299677768
94.07948872739082,3,0.18300752051704527,97.08436541174909
65.54484253469958,3,2.9850174742432904,92.29522115764303
66.96806034705932,0,1.5833082535420928,96.44843311310245
62.1399283235474,5,3.989298514281915,89.31983819903907
85.0256827420751,2,0.026562889839277775,97.61940866929662
85.22067940855992,3,0.08725576551778048,96.75632705180666
84.3695342228769,10,0.07544051484198389,91.12794809333346
93.50398270023081,3,1.806893102208644,95.10692741236117
96.61306947728373,3,0.6582612816821101,96.64073993584566
61.85845908887639,0,0.9722782932943999,96.92618900249055
63.82158581989242,4,2.6461738858905677,91.81567062792594
94.7191908975899,5,0.4737849873976878,95.16741756000226
62.67388879270704,0,0.25851442019516424,97.82347713540115
95.2194873058776,3,1.031137784083045,96.12360902439423
68.76379290800462,2,4.428320583283141,91.52420494546047
88.8426042921155,2,0.3703645106926307,97.39769280177461
90.33786800030302,1,0.014959155509475415,98.69894241340378
98.74949955578985,2,0.26253466312338153,98.02243338204144
90.66469856517259,1,4.276054745051146,93.60196923419726
87.065117712252,2,1.3918800318004783,96.08299984745203
86.7465235924675,3,0.9417585860228834,95.80721587639592
91.02259353869923,1,2.569796421395257,95.66737397126066
86.43325194108209,0,0.2979270884196493,98.96415009095053
73.68452315567802,3,3.9824218499056956,91.50531993789707
89.62376797904747,2,5.314521561567556,91.50376252507131
80.69185983560293,3,6.033620687923965,89.39424816627138
96.48137468133211,5,3.003716446444549,92.21960899833314
91.14317816540864,2,2.285208956498536,95.21490816047219
68.27063437734802,3,1.180447177930947,94.59699510535026
73.26110764125988,3,1.5521753095826338,94.40044501056383
96.38551689226624,1,2.7354359600372593,95.7367526925686
99.57420060510077,4,1.6074657832918304,94.84975109030484
69.19281682100178,1,0.5187723177413273,97.0371140597605
75.83083328668152,3,0.8723426684584175,95.34473046218397
64.13104662127601,1,1.2297966494619756,95.93079635170943
90.04258732529726,2,2.744398147027321,94.60885158983208
91.19854099726678,1,4.6612235336092525,93.16645880953223
75.68108224315908,6,1.023109689789228,92.75632248441087
74.26925312449222,3,1.1024651938098162,94.99050442365284
99.35712806806472,2,0.65706866684655,97.57937400318738
96.72912222786428,7,1.6593801341782064,92.24519995037937
64.86448459828804,4,3.9254007891111904,90.33274328298097
88.08257032109145,3,3.268029404218896,93.0824932309919
66.44336987668446,1,0.5653172981939174,96.84378773600152
65.8965506593771,1,0.3865935940894589,97.0309152200615
73.30846327729496,0,1.404373332333116,96.980175165065
82.75201395535032,4,2.379888638782214,93.08173433122886
74.14421104945944,1,0.5823291712906796,97.20841554692416
80.92976957236228,3,0.5530816125895963,95.9827905435106
74.50947472483506,6,0.809017142132584,92.95465316568266
93.13304984370983,4,1.6530658283762665,94.47297349813397
62.35218135553219,1,0.0444380552496625,97.26428340147702
84.51699402090956,3,1.9338758287177984,94.50519870658412
80.58079993153373,2,1.0873960537527474,96.1241647320734
97.05884818238633,3,0.9536517314080565,96.30856033142965
67.29315050220285,3,0.9484772301600493,94.82648484891808
63.25816858937601,4,1.257389032902943,93.45404158998527
96.8990613512392,2,1.5952841633493478,96.33061207154275
88.01137728277189,3,6.180614087788896,89.58383195879192
94.31068371465634,2,0.06354706160847436,98.03927771180265
64.07063186205463,1,0.3639559648241662,96.96678443531373
94.40822548826907,4,0.6288660463492058,95.76577201879441
91.8663349539935,3,1.8018816286793502,95.03105879328446
77.56403222997244,4,2.4625618680749937,92.72312736980862
78.42822107685487,2,0.07518554085832568,97.23118840481276
96.11004059896311,4,1.7464176562106215,94.50980084249541
90.68046776073686,2,2.0600665079184655,95.46194357853469
93.8982407425341,3,1.75817607817509,95.1851007433166
60.001924955772466,8,0.2815242135520708,91.26226719152613
96.54250223357212,3,0.8394792765582012,96.41974997980877
69.5638157194646,7,1.4041821673344044,91.19317218517195
98.79808191268746,4,4.582828974693006,91.24050932600277
65.40941501979232,2,1.3888194089333692,95.00388746026957
71.67904034662257,6,0.802278581646689,92.8212177193551
73.92155773686156,4,0.7043624140049273,94.65084299003716
90.58543977139894,0,0.9724039540234521,98.36238724374181
91.75617600530764,8,0.0573099188062883,93.11903689769784
74.9791159301835,5,0.8145878966211155,93.77145032056384
79.43953978263623,2,1.101752677254358,96.04987377642658
81.15178447214996,2,1.3435909504441081,95.84528008307457
87.25114121259199,5,1.3196573420629925,93.77896825015401
89.00801586383015,4,0.2661556191232034,95.93101405024366
66.51328583317851,3,0.9478804128038161,94.78820779629434
96.63826381862711,2,3.7969906276065872,93.67552443780345
77.08575700439914,3,1.7384585299163366,94.36813761432035
88.72968105088482,4,0.5434439620168471,95.58435129812402
94.41413390014782,1,3.069907634451117,95.23681753366606
73.05797767005478,4,1.4393420909030574,93.72568837441906
81.09146896134737,2,0.8883088552053251,96.38860282182098
96.42064039728025,4,0.4707146709360936,96.0561744147407
94.48123497174039,4,0.05164552642168779,96.462087116881
92.42372643508038,2,0.705744446748845,97.1742929856554
62.52104279326153,3,3.99403080537036,90.93321517321864
77.69556468429826,8,4.626480138220275,86.93300206835059
91.12360895394963,2,4.915618291974135,92.05743849732852
80.02708299221905,2,0.8092029600992514,96.43031059749185
75.02803097688334,2,0.28476410048494416,96.80968462826223
85.61624467678696,3,2.6592007823523938,93.68977129501647
98.85968225892856,3,0.9115632699927488,96.44910818895512
85.20292599443798,4,1.9266908563040532,93.74811727215703
82.89657511891988,3,1.0067656004146865,95.53671003544837
80.87663482729275,2,0.7894866535787528,96.49644775707013
66.19718747378893,3,0.08291254481841798,95.81036431990735
91.16906604329021,2,3.010123984044273,94.34630452131138
66.79180019742718,5,0.784711096980993,93.39793669349417
77.3263287738879,3,0.39276354470092306,95.99500018505329
70.54255556742069,2,0.7349629890551231,96.04517219150489
85.00214291881466,1,0.12804915236283648,98.29644816310532
65.03867105218745,2,0.7440751795854545,95.75904333710683
71.14340691388263,3,0.22240162842053116,95.8902883915895
89.69505531490552,2,2.0200839004762785,95.46065208517373
89.0601383762785,3,1.4964371500217826,95.25728233878779
74.03391296208719,4,0.809112788979807,94.5307603013286
74.43201573036677,2,1.514828425269255,95.30380667619524
95.60570573919551,4,3.8342436486478144,91.9791929085824
88.36346725695398,2,2.5817456903263243,94.7200785344561
94.46361411089997,0,4.199242796281034,94.68408935000775
61.73354933209919,2,0.07380406221547331,96.39811259194639
91.39648617802916,1,2.157441750869936,96.18089420785753
93.96652280574483,2,1.8099769890565098,95.92635375341943
82.00558699301267,3,4.219698268103691,91.63664142792621
81.81048508987429,7,1.2309145773475803,92.01342676167661
76.63336201072119,8,2.7720586456377916,89.10519772577071
79.92673662749381,1,0.2601778225949064,97.88412344426081
90.03893038668423,3,2.362450263480624,94.26700620315746
79.55223630939767,4,5.517618474797455,89.15646964571293
85.92718233061494,2,1.082481890414354,96.39738084803352
99.4038209335919,3,0.34390698552824317,97.15750266404571
78.8185993047041,4,1.4322483432617819,94.02223195332107
80.08951894752911,0,3.4553305148263003,94.8580793295849
93.07915309936124,5,0.2586291328695791,95.34360269552457
96.57900424036019,4,0.45335241241597185,96.08492731711884
60.917937177597786,2,2.169172036304223,93.84289041531483
64.26760282197085,5,0.21131811501232817,93.95979840308375
99.5079677104433,6,1.3948245365187657,93.50160894169964
63.766552354113195,2,3.786758944255048,92.0442168845996
79.57207895347474,3,0.42566784245794853,96.0678025367242
95.02191489861724,3,5.182409446441999,91.13220440920047
68.52553901436173,2,4.189716487058199,91.79861716624825
60.436279812711796,0,1.0544229920876078,96.75650640013046
79.52249839653888,2,3.315412641248775,93.39762975032842
60.37015680867854,3,1.1586286683539557,94.22815343840918
69.3956066388728,2,1.2095711182967555,95.41829498998753
63.11897694087246,2,3.307357171221007,92.58712024157842
83.13226597790916,5,0.035907943999455766,95.11352376609611
97.58556766198312,2,0.07817777729727482,98.18546505034243
84.37583053728963,4,0.02940977640156001,95.98349979518261
71.29876921309992,1,1.9376940176964457,95.43970563941926
99.84460680771649,4,2.011363065953355,94.3785946612418
96.165629956172,1,1.7871867415684446,96.86365740792647
99.07892650902076,3,2.866777837842812,94.11381292003966
90.85483115488896,6,2.515815520713062,91.72376293288877
73.49315107334368,1,2.1961303105617755,95.23930118099305
98.62228343056175,5,2.5384516552503458,92.88497218522767
72.49142303557021,3,1.7108032346527335,94.17160727019522
75.7637459428827,1,1.6538520236076386,96.00356486881496
85.9928934659987,8,1.8595511341966953,90.6681833122639
94.70755508724568,4,0.42661970590672527,96.02343410727421
95.296848339478,4,0.5453618977474859,95.91040813967692
77.93345365832722,5,2.3114660411381567,92.12291343355058
68.94702392425815,2,0.4787848155320701,96.27280941757442
76.09098496094259,2,1.8882436101422293,94.93865691587645
86.15685479703006,4,1.4175614317622558,94.40676902173679
89.45758568453076,3,3.0616361306896693,93.39891592739893
68.74473325035436,7,0.6478292501180272,92.05984156237608
77.26381642390677,4,1.4923442226621697,93.87237775400074
77.46284493234364,7,0.041185765016256634,93.22371932859767
63.333973076834084,4,0.4903000627769013,94.37833857850943
72.87187634350435,4,2.196783839565181,92.807453209697
63.61478994049912,4,0.3943199444508056,94.507555563684
99.1719998966962,4,0.06060120578630447,96.68587854789125
96.19079205687805,6,1.3062762970082857,93.44200804643395
99.03522175035542,5,2.233224272409284,93.27189196062663
60.02039956063774,3,1.646971854821834,93.62465375224569
70.642487612997,3,0.10770309768983682,96.00288066342205
80.18460440397848,3,2.92088034824304,93.10417380230727
92.66268838956951,5,0.5653486424876358,94.95471604849331
64.74163747902593,3,1.9060015758784088,93.54987998289721
60.80020657704674,4,0.9585101933840998,93.68979809679142
80.67042537187199,2,0.35199450063452853,97.01112786783216
72.4755073685979,3,2.031508629593951,93.78596501291716
87.31751190797385,4,0.6388129743297559,95.39930002620298
98.80407057326246,4,0.6581439846863208,95.95043074703953
71.17324074121362,5,0.8361852038476227,93.55523979244353
96.05774743396987,2,0.9607858913978296,97.0499443020211
90.50689695906216,5,3.987425034952844,90.74043480600969
75.85624614902625,3,8.669808042189606,85.98904265682378
90.75421082759254,3,0.4285307504039768,96.62347364089486
68.88042137097284,3,0.12490840218833338,95.89413098592264
69.80476228689375,1,0.7376705649456364,96.80503343640993
83.50901570765149,5,0.13412471560555594,95.0145011266559
71.85321004367427,2,0.93220220155154,95.87401786032187
68.8401156929859,1,1.213666583272228,96.18560588472262
66.77953099680227,0,3.05112976985641,94.67762082601242
86.8611115125627,2,0.9618476776492295,96.58883836244905
76.77032393702456,3,2.2123672755365136,93.78367546620741
96.65861224930157,6,1.5078811955586564,93.22347317779469
89.55886127813159,5,0.01667392891547244,95.45793434920802
81.78556222471433,4,2.9092788105627396,92.39814353856043
96.11459175166564,4,0.162293673386382,96.41097717951962
70.59409600729921,1,0.45535455382524853,97.18327933577466
85.50845695546855,6,2.8089081307340082,91.10473309089262
96.21572931716021,1,2.3591604479876107,96.17979392827287
71.40275361889167,0,2.452045575333296,95.62768299054463
80.69656755267593,4,0.546183556187264,95.17940811020908
91.86168264118584,2,0.9606047415308403,96.84035844222228
78.59820094470922,2,1.0633140031071573,96.05393324350688
96.27157615544101,3,0.24483807451465087,97.11977311835447
97.66421347623978,5,0.726649132203685,95.01123171516757
86.31185060102997,2,0.3171750957166649,97.3349824151915
86.56575028965469,4,3.2782707804343856,92.19436257796147
70.37902598287273,3,1.8770734392389112,93.86646317205694
61.20565270890112,3,1.581830642233264,93.76208586476514
69.37605814894943,2,0.27761068505586295,96.53567008538043
73.05496821273509,1,1.187493499786111,96.42775621089342
90.54594535650216,3,1.4101648936899813,95.43509939539713
87.0400624376763,3,1.7826693398722893,94.81279991403707
88.9913062709755,8,1.9459925679381493,90.71437423202299
88.34246274327802,3,2.142370763431894,94.44627822104563
69.61495816125864,2,1.5050537156467054,95.07468344928688
64.53076332635689,5,3.4607494472821374,90.07363882957928
91.49958274517495,1,0.6171896689705256,98.03435153449412
91.40724082893108,6,2.6531789351229174,91.58654731929906
95.95543015448581,1,0.5790012503831609,98.30297000726449
77.37783804879514,3,1.6439925035173688,94.49610089821891
62.65766527271601,5,0.19029881658001935,93.90452468373978
76.32040925990147,3,0.6868453129301633,95.59180608747887
94.43161524121858,2,2.820108071681788,94.73745107604279
75.45918999949834,3,0.9672639946124608,95.21224270643997
68.59523888371156,1,0.5435443689321333,96.97750870146702
72.82816373454277,3,0.16897501874831686,96.03863816422916
92.5814784345037,2,1.1604706140321142,96.63650918488665
93.74439316549767,1,1.8936529811956224,96.61483608084013
99.11567431641838,7,0.16600162401331867,94.15658176700494
91.85599955082584,1,0.769314540085003,97.86962252943928
92.79507647304312,2,0.1743582849431114,97.83052388172042
74.03401383073947,3,0.41655727907011886,95.80183195665283
80.9298830095992,2,1.992116342629184,95.05595453932494
63.786175215745565,6,2.3465305428779573,90.57347210933372
66.3724294210006,3,1.579565583639905,94.02314277068214
89.31047445526731,1,0.37514934943344025,98.21534450344323
75.19418515049809,3,0.22997733803615092,96.08373645188152
68.93190196408267,1,0.7922515772447296,96.69589320551046
63.00722340056104,3,3.312046928934307,91.77590485530689
98.62543314832459,4,0.9767378995807054,95.55918617791939
80.49075003137808,4,1.750445026941499,93.72400346923911
65.60625686808521,3,0.196504398874558,95.64450756475479
80.7290757389951,3,0.23522581099648926,96.35418281375397
81.85095284045036,2,1.6809182141982884,95.47544578498457
75.64813766857701,5,2.14514762052357,92.20822973880057
84.29234971685102,5,0.666629865459495,94.41466164729115
76.48196903557545,3,0.9368110505280194,95.29992519114515
96.05270660654337,1,0.852175658930264,97.98002453961085
88.17727282590381,3,2.0908233644821284,94.49987560391664
66.12454123622933,5,0.1956830206928296,94.07140743698007
68.67336870771962,4,1.5690996855150623,93.3507488127679
88.42629508267427,3,0.34333386211689143,96.60931411959345
60.479147578806575,1,0.5817812022529507,96.52581993623679
85.12840308664991,3,0.3217817599963398,96.47028204233689
98.83946607614428,3,3.442255063725061,93.41126722733713
70.42708507337946,5,0.7746544305570255,93.59176893700054
99.02532261462022,4,1.8206357636396338,94.56650321436345
94.05884055547509,3,4.201426070889999,92.26123074270575
72.6431887471802,6,1.4781098733532836,92.05842758933507
90.89102451658451,4,1.7167012844863514,94.28450968444561
72.17013133639048,4,0.2940762129980389,95.05561511122188
63.10275629048538,2,0.10280294978236895,96.43177427478543
78.29867969211641,2,0.39596043067912634,96.83978146779087
75.96204874684616,3,0.12700034542530034,96.24570202283195
85.50982664982871,5,3.503028561156164,91.07185705910405
79.64732801718412,2,1.3232221164214892,95.79449986115341
72.76109073493399,4,1.5733659726519065,93.5500153695644
76.88486228200728,1,0.37340315087827414,97.59615933304643
68.95089166323413,2,0.22417182691154358,96.57853839086785
63.16130702931648,3,2.44351513458201,92.82584718996742
72.81958549061449,5,1.05171436915901,93.37892203153991
98.68813823368774,4,0.5842667163759955,96.03328685203319
98.70656792585683,2,0.11490720442341046,98.19743975098474
95.18086370344349,1,0.21893891647987676,98.69631648539632
86.36458967599046,3,2.049952522611922,94.45828645666522
64.72235599047256,1,1.2061844162723132,95.98869649999685
94.9273636800253,1,1.243068722307985,97.45468571723168
91.90083997272038,1,0.3120273595350866,98.42060916719392
89.8434529128651,3,5.067027732177126,91.0117393670307
69.62500906917543,3,4.450679830792581,90.74043465650767
76.74262392549434,5,1.5311778595435106,92.9997177648225
60.119205231293236,2,0.492120846153424,95.81541524618055
72.84488132232556,4,0.9695419466617621,94.27879373012216
85.88248828196197,1,0.1578197113136843,98.30474076052168
65.61129234398707,4,0.5196753750186215,94.456954167177
84.83558818397405,2,0.20817287381618163,97.39197196061929
67.62674324084693,5,2.0206424258039863,91.95656625107756
80.40852809457242,6,1.2798848540654113,92.68456457985013
96.0231172225266,3,0.3983035196072046,96.92319163759768
72.63661129822543,4,0.1503993274880868,95.25135137192557
95.6735382937913,0,0.002480782509790051,99.78069997567782
93.07190959054184,2,0.3856133534604057,97.5908594553746
98.87290801047845,3,0.03162322143517495,97.50569753480171
84.47923454120907,0,7.584267134886842,90.12284116519625
67.33535333974953,3,2.183649464446866,93.34638830965123
83.39684378899318,2,3.8187499048066886,92.98734230368163
96.66493494712451,2,6.5979426942587285,90.31571551424575
79.50403285594824,2,1.948610793099239,95.03686869107833
93.49143111399044,3,1.0137653866668237,96.05805309169934
66.69491406160544,5,1.6320816513138028,92.3762477215037
91.892565763465,2,0.627657532210155,97.24143924952106
96.36895718198537,7,0.11205612300977506,94.08398051148754
76.91213889795273,3,1.1234801576641567,95.09743075570064
64.29697951748305,4,0.8089058175115607,94.04416199486027
86.9696112265735,1,0.10008785342208762,98.42837513722218
86.05359763478042,9,0.08680109926948772,91.99851856261563
97.915752907387,0,5.647301510446942,93.11902583283302
89.15413479495064,3,2.210366771431015,94.40526661403031
92.1747850003296,1,0.34246459313371025,98.39778173825603
68.02585635557578,1,0.7169930360083967,96.74090117456872
95.37544669815433,4,0.7014687233611769,95.72700986687431
94.68060313888036,1,0.8832945562526249,97.87407668944087
91.40373225991968,0,1.3224073698116356,97.98329776922202
83.77856194108944,3,0.6622173261344592,95.99426730569311
89.45383450757308,6,1.8795616109681452,92.41721779221687
81.36037269228757,6,0.3440398660381052,93.85517079536865
98.97214962014374,3,0.6909972370286803,96.71941079657277
79.95651493158303,1,1.065185355300372,96.9196033202187
83.43616942510175,5,0.14541742070909047,94.99730756640417
63.83246318627188,3,1.5366247515111464,93.94767345750022
60.08326049399681,3,0.4078847129595645,95.11470136914836
69.39494804350002,1,1.5309701670352136,95.83258320173275
94.78746324243411,7,0.8962736032355731,93.06384483823902
93.89400112572355,2,0.3520360571863627,97.67225678766255
86.27493209037436,2,0.7006520709425981,96.8729641193876
99.49440818141338,6,1.7086122956102878,93.12438565433833
71.83695244250532,6,0.7707938636707607,92.86689498572035
85.73209913976733,1,7.600339524344186,89.36619752777534
90.1061600484512,2,1.0256915433309934,96.67447815042537
97.2332966326995,4,0.10061936929067775,96.54092158848616
80.2176662687122,1,0.15068446400493757,98.03006195662968
68.29162574376609,3,3.0528423968232694,92.35117041100038
65.80202563205705,5,1.5582400588514633,92.4202132109811
85.27697125712496,2,0.3442798153565658,97.25071278442837
78.44395018536441,5,0.6449817189234801,94.14821944656005
87.19164805085359,5,0.9276231340124541,94.24643464172773
81.79340618755977,4,0.31916691614401554,95.50667001000517
65.66779669040928,1,0.8833031401841862,96.42342606629944
99.53618768623785,3,0.5057772478393882,96.96987668690463
95.76390111956117,2,1.0824468138440353,96.88925887936522
93.2097411188163,3,0.7715412620556894,96.33463754147398
61.17770058979326,5,0.021821109764709346,94.03269969777202
86.13593070359957,6,0.971862950430906,93.3405609946629
94.91485912491689,0,5.718269715160902,92.88381929805276
99.73228777231192,2,0.48546218730361557,97.80405976385126
62.004217060198876,1,1.9012968543334725,95.01865462780978
74.87717822131417,4,2.250298909610659,92.84350021953291
89.49905887595955,3,4.2452994941783295,91.98059355078398
71.24260595786942,4,0.36994030798526006,94.91820192831116
77.76675123491218,6,0.5414352845204236,93.4386152203211
63.905129584340976,2,3.2854075519791897,92.65276741684202
73.0702270132806,2,0.6761578176479852,96.24212196948645
76.32272812143724,7,0.7853805661724638,92.27367972666491
92.86034067592368,2,0.38009950785159685,97.58689762437427
65.79971831279013,1,3.2899351678466475,93.54206371422353
97.24031238596493,4,0.10429040208321833,96.53686713679838
65.6525097797664,1,0.5550601733749447,96.8165532809384
62.39721732475567,3,0.4100504344719827,95.22780034487141
87.4715587343354,4,0.5999079655118962,95.4536883781025
84.37425495711969,3,0.6402745226881921,96.05038332063015
78.23473486407738,5,5.531793713292627,88.27358428725272
86.59187964121834,2,0.2700827867016191,97.40549463801898
77.17966714791375,3,0.5920822773446701,95.74848462458209
77.759545078751,4,1.3549513269473792,94.06203566160069
73.30498132827358,3,0.3754781669845282,95.81467526603224
75.6125285020594,3,4.391348835600183,91.11100782238275
73.71380427528675,4,3.227837151569271,91.6122856318812
90.6721466082783,0,2.6348975955080842,96.37173021580422
90.9792383381747,4,0.9267533863867345,95.23685785324466
61.85734621564192,3,2.5888423813282064,92.58625645318824
76.81756717118148,4,0.5322617690225782,95.00216423573198
72.2037992461405,4,0.9488649836918039,94.27155198187685
99.95171403422154,4,0.36027909981290474,96.36525078193559
60.67468726939435,4,0.21753097485339082,94.57269719364565
76.90250660077393,1,0.6962312165596349,97.20964787016713
94.074566980566,4,1.941253016005366,94.17422472982186
87.33996617865512,5,3.2297672837267974,91.4912775684606
73.69127372127977,2,2.5351565045833984,94.04237588056391
77.23141874115069,2,0.7366546734130712,96.37758532896184
84.27231338409734,5,0.09500555251834227,95.09960900618286
72.43978808047815,2,1.283665644126839,95.4815906310717
89.8091152332429,3,0.44321460431465953,96.55859823648456
67.07269431119171,3,1.980278542786067,93.57730046421631
60.83919979335733,4,0.4182906861882085,94.34001116624202
63.99072135403225,2,0.07012765290700479,96.51538288421321
91.25546278894802,0,0.552906808880997,98.8992849687902
82.93189480346656,2,2.3976750464172363,94.66938468447265
98.9591238034898,1,0.055876594820060965,99.08090427639041
90.36853660842873,7,1.060950663004775,92.64528603481571
80.08286429279295,3,1.452184804522026,94.86152144921321
69.58419291678183,3,0.38230240501731727,95.62044675981831
61.64834782966185,4,1.6080027155784564,92.95281413278894
71.00879693752341,5,0.6422550774800858,93.77973375390008
89.49948344664598,2,0.45865380934770805,97.32458960111505
84.53480679047372,2,0.788977728752269,96.67996706502096
67.82010360786214,4,0.3946203928631958,94.71746070895728
85.43025337470077,2,3.760915222226809,93.15841440206287
99.21316531505525,3,0.12070723777643863,97.41580958042104
78.24270921589195,1,1.308797242364374,96.54157876995735
95.23088434906755,1,2.2194354858883796,96.29822163438732
70.20345724477173,2,3.108413671961936,93.18007645588426
84.73773887734708,3,0.34925214287902817,96.41778437241253
98.50114826346221,2,0.8198997736115783,97.34117768483921
61.988731699518766,2,0.9959271407136825,95.30432401611952
98.31146544440406,4,0.7313005322342908,95.83801263353905
67.79837984134042,3,0.5592911355021084,95.3187696294645
80.34733310750917,1,4.424913249562125,92.9074707559009
81.71421404125356,1,0.0956927883389139,98.17087935605598
89.55496908185492,3,1.946219953762559,94.74228450957767
65.46753278895532,4,0.9738579383002928,93.90474711348742
62.496092811074824,1,0.28922671997454663,96.97773257658429
70.35321240277122,3,0.05382078724717146,96.05307567544196
75.80181675878671,2,2.0864569863956883,94.6863424542645
72.48646775974261,3,0.9009291609917991,95.14320839479697
90.76388370341215,4,1.4271247258397537,94.6256445141629
84.85188136867157,0,1.403889809508105,97.55792629702385
74.97744629396058,3,1.5174103344819208,94.52797991331973
89.95525118663737,3,0.3787682735335266,96.64324063109163
68.43419161912041,5,1.3629494503018076,92.78617024059385
66.37704827553208,2,1.164025404084534,95.32202192887516
99.57066980873671,2,1.9776738709391672,96.00532484530983
64.57319978651341,4,1.350680348116848,93.40784357158546
96.49412347956553,2,0.7662249277335569,97.30523626069801
88.51011020774783,0,0.20726189603990264,99.1767912351395
64.24453840414557,2,1.3475683650036443,94.99514488220291
90.45239661809518,2,4.104466899507382,92.9972595514959
73.47584741259091,3,1.1761674623087153,94.8623914158591
63.47345681760046,6,0.948614625718654,92.23533529001764
85.41650332541401,6,0.8855538183830488,93.40816058421105
63.25763469287732,2,1.789385664906407,94.41561893675618
93.64754820284989,4,4.9200004429075594,90.57837687865342
77.29203079936784,2,4.578346036445777,91.77058629623346
91.70148904457292,4,0.16931080890949582,96.18190148153725
82.41646040062443,1,1.206774195348744,96.87269398561273
94.97755140642975,5,2.9255026447421937,92.23827439663086
97.23860460066176,5,1.6575519977225943,93.87286783276598
87.36481082823516,1,0.3344289650928606,98.16692578330033
75.99110190695546,1,0.7448680532102272,97.1057134314955
98.47146457234241,5,0.7933430230879055,94.97156160091163
69.31968210183759,4,1.892392437771449,92.99511317976614
83.12367355074738,6,4.500351757912304,88.9557615680426
64.27744253982976,3,3.5928958419272212,91.50239711667882
78.30268494289206,3,1.8887581314816981,94.24862448936656
62.01591176973527,2,2.0789461559215088,94.00606020138095
78.35251712965737,1,0.687206476640675,97.29297808451406
62.78244733945659,2,0.772027896844461,95.61268889075947
76.560027315389,3,2.3956975242888934,93.55316433662277
66.48437421720806,4,0.9732979651258425,93.95626115270939
86.706772590848,4,1.1332862759144826,94.77539509844502
68.58590195080792,2,0.7972378681747178,95.87260965573074
86.8042979737774,3,0.6457028270217153,96.16537150626282
85.84748736059527,1,1.618271820543666,96.55044818337737
81.85192279515523,2,2.339056868725413,94.68572789728726
95.58484943157028,1,1.6648577151070554,96.98141321345005
69.63942358185179,2,1.5687542156448913,94.99946612031871
84.47340218396724,3,1.5183520326342979,95.0016476700372
91.67407451020523,4,4.452472472927995,91.04073675799667
67.17209058966577,3,2.4077534732326935,93.06930036160406
66.2980533458506,3,1.3408730083797136,94.30585505723687
81.36447353610053,5,0.10714832184861417,94.93964569058669
88.54108130818389,0,1.3004118323251785,97.86655986661899
93.6162039377812,1,1.8768453261887497,96.62859580546257
97.18745809856603,3,1.779553538496885,95.32390865873204
69.24104703377172,10,1.6329596306243626,88.50250079493935
64.15000707682135,1,0.22172345588513603,97.1414322067789
77.56917908676753,3,0.42935211144675944,95.96323642060227
92.76287538446036,7,2.4629444464858183,91.08261043344004
81.35818921591698,5,4.139526260702756,90.10047794795254
92.19435661862863,4,3.0187001392733617,92.7872776638034
89.00557610383333,3,1.1384725616689968,95.68411173118886
71.26076369865669,1,1.337794373314542,96.15768493695538
61.87625641524602,2,0.2014333185013636,96.25209283856067
65.5613663527351,3,0.15853580004133316,95.68782535758716
71.91761834916156,2,0.7765643495989675,96.06400369793931
82.2124622914823,0,1.4818484829672345,97.33240493501343
75.80403012059158,0,1.680778032176753,96.77326786741747
88.49550542250593,3,1.809071082981434,94.85388997154757
83.34320744934755,2,0.6947259803978786,96.73348919598992
95.03143123838817,4,2.5237954262314624,93.52301705044165
80.20449684278759,3,0.6732330803239468,95.80234514575065
94.37863111882263,3,5.292246810556047,90.96823538327388
83.8963156792633,0,0.052088895114782804,99.13230910982543
65.89938123218833,2,5.217520395270213,90.43394458728517
85.44448228811753,6,0.1523635810066232,94.28938781719793
92.13631306358542,4,0.4084725136773727,95.91664863676642
79.52580838109063,6,2.5073309635526604,91.16749326279134
96.91662974212856,3,0.23884573966948391,97.15921659950305
98.62187671575782,4,0.431253018434111,96.21359021366696
77.45077120170357,3,2.550975719576265,93.41136769659366
63.91876361580269,4,4.084104823564684,90.09501239251252
60.825065280550575,0,2.206336271434033,95.39364973830669
85.85572206032313,2,0.3206172965584248,97.30804534714605
76.9798549810867,5,2.967139990545806,91.28842476039937
68.10462802784707,4,0.47396103553075775,94.63647815875544
75.90927829214749,5,0.06416507275935113,94.71846582729616
80.16180732493845,1,3.4063116038586965,94.12051644161649
69.65932144829894,2,1.2202309363802968,95.41868894875859
93.39413962147006,4,1.9829185584366473,94.09020471094952
80.07572100640608,2,1.2656392550557607,95.88501894425339
79.6853596958936,5,1.0996708062303435,93.66466301731826
98.0154857671645,4,1.3201343097126377,95.11661311670306
67.1094461848615,0,0.6183790051913337,97.61341750301348
77.10088618241014,2,3.67372002256346,92.84658028204436
66.17640431369061,1,0.3144700736872732,97.13145612725981
97.49597102311445,0,0.7981241339131266,98.91704959045997
97.06991085380673,1,0.5412287279676353,98.40402106912917
79.92041575337734,4,0.26314408812537116,95.48024788191842
71.01160543067216,4,1.4694749330333212,93.58721035189362
64.52050501387913,1,0.2850382426627173,97.0839793594987
84.65582099107436,3,0.15316425581686377,96.64899394257348
64.8227606782046,6,1.7931414188205244,91.2893683313256
74.70463865805331,1,0.8690962553640332,96.89231642646583
80.43967399919671,3,1.7418967826285936,94.53170756080553
90.94176738943256,5,0.5653629438943104,94.86865283679846
78.0937941199858,5,0.1731552688840271,94.69690338333845
87.36790973898722,4,2.295109564414756,93.41426400965166
99.97106103784948,7,0.8933880704453445,93.32648736735806
64.85010848529562,3,0.7238203634436374,94.97392098813242
92.35204424541818,1,0.9518754555787445,97.67535166557641
71.6580659058163,3,1.7260652291828573,94.11162502027139
94.04106385206967,3,1.0372733419276368,96.05732518229031
65.01832358163928,2,1.1043828948868415,95.32565670521775
98.86601991726423,2,0.20587580263783534,98.09625003269781
90.26058896196238,2,2.158459973548214,95.32287747984026
85.67550308593917,4,1.9251420138437099,93.77360473768451
88.30886640086902,1,0.12019708386201186,98.47120681940903
96.47902974727035,2,0.8006926269432715,97.26312033503159
88.56195197529934,3,5.908102546345674,89.93837454315016
71.95676637136307,0,1.0873901901867948,97.292970090344
66.02924337103751,0,1.7973302336133186,96.1446658882159
89.29037130033826,5,0.33402295305198104,95.06369102135454
70.74826480146801,4,0.43445791882517304,94.81606373748319
68.58934009536914,8,4.091327596721262,87.11987388870294
93.26345942691313,5,3.366550902818588,91.62331188796335
62.23791786394482,5,0.47807577149904945,93.53820496739839
79.01825384648096,2,1.1749816863165319,95.9409346687442
72.07325191497935,3,7.3469117586344,87.38736848538768
80.30441533100704,0,1.1688115796451681,97.61264687097615
94.81415997222598,3,2.180565145487752,94.72402982402599
82.89676255861986,4,0.0021724031341367237,95.94223124417003
74.12525634044209,1,0.004879821343856117,97.90040703140947
71.25037162100519,5,2.532899078236876,91.523039687166
64.25179441998566,2,1.0997264382167522,95.29291799513918
83.10085151649773,3,6.123008400270654,89.4074324955001
68.69972731280458,4,0.08920512851851964,95.12794021141801
74.86187980012701,3,1.8707527543436409,94.09819068479398
67.88770769488164,1,2.2113401023823362,94.94077726188527
64.26452345244843,1,5.182602911253043,91.19410267911877
83.68582399955456,3,0.21133577007655122,96.53068827588586
76.04945815852511,2,0.052564291464688856,97.13939575816863
91.92937255495255,2,3.3465660757360385,93.98058933686438
90.7651560648712,3,1.4624701430129443,95.38329363162802
64.61656956365272,1,1.7742276280912386,95.30175532447315
79.76290309732826,6,7.370551588731072,85.34348324838913
60.91282920059389,3,0.4118445494652586,95.15142800067139
82.27435022949047,3,2.5768693343958367,93.62147431019952
88.99929036838387,2,0.19069957948978494,97.62112502303145
66.44073331296946,4,3.923320083081709,90.41405256595043
67.24610429219885,2,0.3362128198154316,96.35884983083142
72.10856240292642,6,1.4825359932848456,92.02638492820451
78.15399108185653,4,0.7077016998962913,94.85845751421728
72.1625415002601,1,2.7186750614329256,94.5457170012935
62.572061235651375,2,1.2417494782554428,95.03850368787604
80.09767170298886,4,0.6113738231101914,95.0712349974172
93.06002667922913,5,3.711700814135524,91.19896035699882
67.5791848038207,0,0.5951007750479318,97.66483831013352
89.07865377844159,4,1.3902388640167829,94.58564605210194
98.6446528997102,1,0.375037441009097,98.68218771577459
69.79171625663082,1,3.5291243344623155,93.45463661147676
80.62255778885981,1,0.08345216455368294,98.13098529197858
83.4587108816219,4,0.33839008906305973,95.56686743720542
86.3084267662137,3,3.6211509483692117,92.57004020026763
64.13833134819812,5,1.2215384732462549,92.7410703995144
68.5873076669403,6,0.11224546116671795,93.49467082994695
66.244199905496,1,0.6161956736065425,96.77277518694694
85.49416631473571,3,4.580846795821121,91.37769216075144
63.456366390405556,3,0.11035851465757138,95.6403881019312
77.18181794874411,3,0.738037848038222,95.57344547979133
96.25785273895299,3,4.621522000315359,91.86706623656922
68.1086638604275,4,1.5219457133847674,93.37909833695966
98.46067226507277,8,1.2399171095443502,92.03513308180042
95.60191639495764,2,0.3499521850381143,97.76015319770214
79.93601702648077,5,0.04841260554390449,94.93870572467135
85.32475821140147,2,3.706125834295731,93.2188869094152
60.38780673337498,4,2.09793333459395,92.30187033515601
60.1791790767883,3,2.665322353377534,92.41057212978637
97.39330297087636,5,0.15515223285072927,95.68348246912295
79.16367684196916,3,0.23238588029978335,96.27932078573872
78.5789304783869,3,1.439647826295894,94.80136913236427
84.02451907642073,1,0.31595501008410554,98.02207994172011
68.78750501717927,2,1.1468407014348818,95.4631664091371
81.14233849734727,7,0.8018988158379539,92.49483834586182
87.20968338067723,1,1.9039874695289827,96.27569920559908
92.96350448682975,3,0.6067402894651726,96.52008687698329
70.40369738139582,0,0.7806315012304568,97.58342706759325
84.92459360651098,8,0.7328527200213826,91.96680641629989
81.04363351135045,6,0.32133363051434033,93.86658131895031
87.06742533714595,1,0.6389499625091786,97.78663131184628
92.26978973889008,4,1.11995999573629,95.06953749206096
60.44185440226593,4,0.010949337824733996,94.80895351472361
70.09094517579842,1,0.17083253151897884,97.49954822096714
85.88140098268349,5,2.4910010897373915,92.3048687414493
83.75776211227435,6,0.19559538467079546,94.15317364400876
77.00654978621264,4,0.7421746990644518,94.75971785043329
88.277558916875,3,0.41635299798649805,96.51425434825995
75.07037373304601,2,2.256468495752937,94.44575649174878
98.50566651787526,4,2.4343688434949295,93.80404071369985
61.97416172796659,3,1.3013394338761055,94.13710076574701
88.259425400289,0,1.2569181333771424,97.90466950996188
66.81838115786515,2,0.8720873651712633,95.69441421968774
74.39995237759092,5,1.0662126168609964,93.44054247864635
82.10279007607828,2,0.009028288077312346,97.49430555811114
68.62593206551514,4,0.40586953542053195,94.74425316077112
91.16877133489197,2,2.5457818039837643,94.90350040196408
68.36336811779603,5,2.028824599639521,91.98357888632238
66.36255362472734,5,1.8353803400336188,92.11567127319603
96.79364095954705,2,0.4511212427972079,97.6983365566207
64.1405307606673,1,0.3792537250210536,96.9519220680081
77.59641775648858,3,0.1260851772542453,96.32851867511934
62.43436607219123,1,2.0561115169691386,94.85438448324659
68.92000724153911,7,2.4795493391633037,89.87054115508099
75.20371782983274,3,0.35874419355220943,95.92969285922898
69.16616748101715,6,0.15881799399003776,93.46772678126281
82.17567913467661,2,1.6471539619099698,95.53219920244187
75.39967790943433,7,2.3374199456302227,90.36507996071545
76.5780874335965,1,6.378351948900912,90.37488203299873
92.00073925793669,3,2.9999101256052647,93.60014481217051
75.85322614944492,3,0.9918718239437649,95.20241511873972
87.88932561761082,3,4.907562614018377,91.10539114405849
74.61334454189941,5,1.5525068190732392,92.86765904420709
62.321222475344825,3,3.6990402336879207,91.27721284334174
77.06819603220511,1,0.8018251720592336,97.09121959513918
92.6903524405552,2,0.808132177652692,97.06475900884453
97.10550872212747,5,4.0774892886572855,90.96228828971763
65.49837756341506,0,0.08547237560164209,98.17235202744878
73.95664780705735,2,0.9707776150209075,95.93289925232777
77.6852296908152,2,0.44344830207161734,96.75212352205482
72.14959290519391,3,0.6952539939738245,95.3731748524911
98.8962677884127,3,7.481012150648288,88.56759880864269
90.25757482534294,3,0.05419236169396774,97.04784790723438
93.44086633783891,4,0.8218278972722853,95.4858498401652
76.91031683336413,3,2.151642641504644,93.86354467186263
91.44762376260634,3,0.8303828419632474,96.17592177777442
92.1743404534533,2,0.002177053977323838,98.00610455789987
69.36636580225434,1,1.770558909829959,95.54364759831677
68.5590534255626,5,0.2064818611429336,94.18017443790662
95.20688722563025,1,1.1305117958102715,97.60373020630918
85.89387433822813,4,4.901914034042911,90.21239687605991
70.9675667179699,3,0.07047054617214374,96.06381368049192
92.43443878075166,4,0.30764465450730344,96.05254835362882
98.32602991039526,4,0.3473974866660636,96.29942451152048
75.87437064679287,2,3.3545194797712683,93.16829515661412
64.86938275877002,3,0.1608382077971138,95.65046328858196
83.29900270216426,5,1.7580299737292626,93.0553141666331
86.19506955325541,2,0.4521118046176337,97.1672193121216
96.78646628350009,3,3.4353805469056704,93.3168666578882
95.70664063291667,2,0.5872699323065467,97.48060811287797
89.56418144834828,2,0.5753800872863047,97.18775296767384
72.77267401666943,2,0.8815157535818154,95.9808147965353
74.71110372461663,4,0.032088970908828895,95.49704842114024
64.3349882917268,1,1.3843402245381569,95.75554114514055
99.92520463695301,2,1.662603164035387,96.40113643500518
85.72630412236069,2,0.14275188946948025,97.51501293875465
76.29533303217735,6,2.72640279713754,90.74308329504382
71.18553312206907,1,1.4087976167305682,96.06871951602677
84.28327855684691,6,0.4472230827653719,93.8774962285239
72.40903711750637,1,0.5294465545865303,97.18511599037149
78.95531493376951,1,0.9332971955227587,97.02780911206116
89.23860126343725,4,0.2377235771189708,95.9766617706291
91.67585806647233,4,0.880525344016578,95.32716249050372
76.95494024362787,4,0.22682113563139128,95.37556164942373
63.39054640898254,3,3.5024131953769984,91.56663148599674
97.59423835575456,3,2.305252785848163,94.71340857476993
63.725620361795066,5,0.2732253104883513,93.85841064550374
72.9447297021724,2,5.587455737163189,90.3422896005128
88.10365727727422,2,1.0174223106240528,96.58427609111484
81.42764682571743,0,1.7389826285869756,96.9846031869815
79.48767101153773,3,1.8222162669821238,94.38772403019834
99.11051153855497,2,0.5083485228219918,97.74550734954136
73.11678205485799,3,0.7008797905202488,95.4147833541186
94.22518464636303,4,1.7788285341945702,94.37666499128467
81.45525143109745,3,2.433571257564637,93.75247706247731
81.30813228206846,3,0.8104212900216126,95.69290106607748
73.42344840752736,1,0.26125062103748,97.55767167513139
66.47328270344886,3,0.5600983377214697,95.25154612990667
91.49533250205351,1,0.3548021135488605,98.34900408884404
99.71851201252926,2,0.2755635477599271,98.05524934331456
64.98418278477791,4,0.44673807858515535,94.51312344493671
72.32145099712939,4,3.4162722017949827,91.31654590770249
63.1778272119558,3,2.406027694714873,92.87165812693995
98.92613172581011,4,2.3554800845918806,93.91973048478025
62.391263017813245,3,2.5435815021300585,92.6672653483346
84.12965285579247,3,0.14086066573126454,96.63744984391211
96.45128688813891,2,3.4157060443895464,94.1237170911395
68.70021334751335,2,2.6473115491482777,93.65823680839773
76.42397686759098,3,0.03326188719662035,96.3812845787436
97.91150059151815,0,2.60675338316841,96.76747096977381
66.76550373289895,4,0.6839226129060059,94.31756805115774
86.49750986945344,3,0.3361647426789962,96.52147780225788
92.30584511986288,5,7.916065226497107,86.11601398419661
65.90561711410236,5,2.858458119097355,90.86513111278829
75.76458304741843,3,0.46921603193286004,95.82516991405149
79.7801585583562,1,1.5219599048687324,96.36265604207533
81.66363113093098,3,0.9557695355469424,95.53625811389021
87.04598713689458,3,2.131643943644114,94.39432662447179
77.90931558725443,5,1.0831746227809627,93.59565623202556
90.65820983990795,1,5.38158025750525,92.2750141829891
71.93054772303594,4,0.8696216121578612,94.35298145156236
81.39839663735324,4,3.4679609794927373,91.70836665647639
64.9734629375786,1,0.29733907403408966,97.09186625803802
92.11510151559338,6,0.3141849712395347,94.42873311029223
90.77621603638865,4,1.625742583460125,94.38791970166729
62.734835172423594,3,0.1995559253683844,95.49727464817911
76.74459943899421,4,3.4604855670183072,91.48464729152775
75.46200738899753,1,0.23614529310838667,97.6897260177198
72.90117817910237,2,1.5371164410654847,95.20051917967653
65.252497447142,4,0.25486334221290685,94.75678886170161
67.60095170370614,7,3.604528907423526,88.45461289627707
69.36737183477153,2,0.7005685011841566,96.02768639031758
76.94309542326883,3,0.21276036543011678,96.1918423326473
84.30454104132939,4,0.2816387730035255,95.67726052446224
76.22727602008521,7,0.9133916216167252,92.1152938550642
89.87593340967334,2,0.5735922711655721,97.20548594508497
70.45387652737344,6,0.637032176963862,92.95825521401204
62.304935267366474,2,0.7124839865087151,95.66026597955786
97.95123097996745,3,1.3577272927518607,95.86828879769614
99.91930534829895,6,4.983909295883331,89.21527411235495
98.3757444977528,4,2.7826652487194896,93.37958892642425
74.21832001929899,2,0.6558277049232837,96.32392275505701
98.08097108678292,3,0.3407416536772089,97.0951585699265
79.65053024324847,3,1.6203863267699439,94.6380629200385
60.0044092720729,1,2.757791031529823,93.89087122576785
65.79983062257841,3,3.6355584408188646,91.52732140214628
80.48914101462131,3,0.14244612903601553,96.45352169588784
66.27125420564043,1,0.9079938323154215,96.42397011150352
74.86865191595938,4,0.9334389220388484,94.42330588935135
92.8813018736946,1,0.5994513722521384,98.12472344698216
75.55591322560558,1,0.4332037693096056,97.45795113810875
87.29129618408442,4,1.1057835071597826,94.83762460061249
60.94378855452807,2,0.4446978097392521,95.91355205603931
68.78124079262477,1,5.7924059993798895,90.68817484037537
74.1552162585444,7,1.4397927001974027,91.38000957269034
95.48787066888625,3,5.682248212635916,90.55569567828121
75.18272114279704,1,1.7803643918047025,95.82269878697421
97.38506930110313,1,0.04246002749245879,99.0183014320642
95.68093222844357,2,2.4507908250005106,95.24309762142157
92.39442531221437,1,2.271369322476591,96.0940780786388
81.01648283816026,6,0.5931990841303966,93.53898524095153
94.11100816660917,3,0.008060575824004669,97.29587771734165
71.22338734773963,6,0.08887678365362482,93.65451722700263
64.99191967944627,2,1.5656756177313647,94.77078524269467
74.34088715211384,2,0.11535394847748329,96.9786196194327
69.44925981239551,1,2.3823779038022397,94.81360950605709
73.58963072949604,3,1.0430788789930905,95.0277868816831
85.84760678132949,2,0.8384532293876021,96.68623646380135
69.54282095782773,3,0.43839474846390347,95.55106734973471
64.16033956235678,4,0.27372548756506254,94.67954639303976
66.92159064554704,2,8.929928262367845,86.03016561743594
80.90745564665045,4,0.46210965279821614,95.29084119897466
97.02604827733037,2,0.13518057046775223,98.08908572930521
67.43737577929069,3,1.851395071694689,93.75019470293091
67.6819906558415,5,1.9719205626567562,92.01779485760397
70.90621052613713,4,2.3704161882410166,92.50081110041764
95.81261020285457,4,3.8139414431567564,92.01390077835462
69.95326222663533,3,1.5072378610112436,94.28897767811827
78.10098896890875,4,0.8888981369095291,94.63837168415401
72.92934308271417,0,2.3926001778183528,95.77534694075368
73.11754636143952,3,2.2167142912618574,93.59582016855775
75.70282881612633,3,3.375924559320312,92.33403196962195
87.0846388712637,1,2.5545770231904923,95.4887395157346
82.64216624344212,4,3.2537501682540317,92.02760811026727
63.00249255310582,3,2.2122405347895198,93.09543598590787
64.46824488931885,3,0.7738384931537183,94.89480605268147
61.677100678580324,4,5.635773138130351,88.1209272681726
68.962096481294,5,1.1945905568027926,93.01459615590134
71.13777960221734,2,2.497504396083337,93.95988370481086
62.76019356801608,1,0.18850089393659253,97.1118086056769
79.0280008502197,4,4.112130175267224,90.81684383219032
75.68533730212269,4,1.296246600071374,94.02877094502048
69.60134337497321,5,1.3766817114183088,92.8280491150467
82.97818553163182,2,0.8656011401076844,96.51018790845237
94.39996875127203,0,0.43415525263890553,99.19901213439691
64.85613999370986,0,0.4837767754180622,97.66227486918382
99.53905091178711,2,1.3813807618268534,96.71929563139713
99.37925932553253,4,1.6791316158993999,94.75400502719735
93.79392825074476,2,0.49977038532700513,97.48997195014483
94.4328504296069,3,0.3918396746440822,96.85143491190745
80.81154923486018,2,1.1033752117864253,96.1165272075993
92.664368224043,4,4.035392429796323,91.59074749544656
96.11914116518211,2,0.32733542010009165,97.81315455413899
96.31448348693992,1,1.3506384597290815,97.3949580226721
82.56926251430286,3,0.19245063513188887,96.49752236355688
61.33562283315903,3,2.127135779674827,93.11421820604816
75.68453561830074,4,2.615451754324084,92.44568467572614
63.176329771910595,2,0.2975194588776072,96.2017931379424
76.99448232054115,3,0.3663251879383311,96.01013389050107
90.26519369536791,2,0.4937513298006287,97.32075808900764
77.17155801203808,2,6.358441874371568,89.62844765135603
93.67573144002691,3,0.6211612127838153,96.53839311666077
80.52490251221832,4,0.8546736802725193,94.80063670928389
81.65320310182864,6,11.730014501863826,80.20664275285483
61.34436960851587,1,0.1529302399680122,97.08370219246417
91.74107806697934,3,0.43398789625713496,96.66626842784041
84.64582505631677,4,1.0001455059379447,94.8321166456903
76.33951012725737,1,0.04328024997323136,97.96503920639499
95.07817155931828,6,0.6028411258727593,94.2304992269186
88.36104762800002,4,4.379369679937529,90.96280876547496
77.35710757850029,2,1.9616190753063352,94.91391248855741
85.01052110173336,1,0.24365608665672828,98.15813875109859
84.17994370132645,1,5.576570774547546,91.71711225560927
73.98338599558161,2,10.582776279826914,84.39983776398678
71.80437871526419,6,1.5481374832880028,91.9324539558176
96.89593993169606,4,0.42068148537140726,96.13997921413912
83.80385749370596,3,1.813991139491502,94.6134035072955
80.96998925367497,1,1.361165931057128,96.6151003454152
94.70320123176138,2,2.541988777233636,95.0847735289077
97.66993448924819,4,0.13066599649593336,96.52669752866728
81.2134139514682,2,0.041408962436251105,97.4109799426499
83.75300395892651,2,1.99663921265167,95.19168314276432
85.82558879051913,3,1.5979195890901625,94.97377593261776
84.1154955601869,0,0.19632098488745103,98.97018959614441
83.38806818143942,3,0.0662458342040437,96.68990840802712
78.77087385451716,3,0.7203572765703142,95.67411496084148
97.28407839897457,3,3.6490797572851528,93.08530821120655
75.52474762881502,5,2.3542206258793614,91.95117263038551
77.31915064229987,0,0.09295410062359298,98.75441261136669
87.11631758939379,3,1.7417929813443176,94.86566430185651
67.69409890929425,6,1.0426641470718905,92.33350796897844
88.01940040199253,0,3.322018114657877,95.41454828251017
90.79264637750774,2,3.6816244870600285,93.52168293440336
72.97893833292444,3,0.47105233331958446,95.68368411666272
63.99431297888103,5,3.352599029698262,90.17659681330613
67.89011110922878,2,0.3738923427363053,96.34583474417788
79.67634058659469,6,2.6520754732238734,91.00132646146109
64.19507553396004,2,1.4655164525900037,94.85113403359
89.04902818775562,0,1.1355488120113542,98.08979283497416
82.61255945159546,1,1.876818227711743,96.07844609932567
62.12909139502124,5,0.7758433627703125,93.17544253442668
67.97939166098594,2,0.014353489112826731,96.7817453961139
71.64997017926679,5,0.008536916238150298,94.57225420947756
74.35991666278457,5,0.46382930400233374,94.16140066833643
93.32437669678545,5,3.292523470300894,91.7151906704782
87.11404737227339,4,6.731628213854117,88.07774851198873
66.13573690107685,5,1.0307505208850252,93.06988621999182
65.13398249734098,0,0.2002432924474831,98.01640717393006
98.24738269906021,2,1.7101849238282547,96.26014722635911
61.77174105613672,2,1.2591564955014354,94.97759925820512
71.20480786405552,6,1.295440772090113,92.20571146669464
61.490288427511985,1,0.2809772744330263,96.93734169205597
64.08319867896749,1,0.08489951830998596,97.30228051197639
77.69756756715239,1,1.6125144948658612,96.14986098451858
69.04447642537033,0,0.8130095541712838,97.47661235626298
72.4173196791322,5,0.95960842904899,93.46933586909782
68.53657740867588,3,1.6107370358296695,94.09394442743819
96.70485879826634,2,2.504063111532862,95.23036720607388
80.73119049796772,6,2.4796131181026717,91.26102378317518
84.50700227140884,6,0.944777795030517,93.29161675953382
89.71614411529598,5,0.8432094332204783,94.47395588590022
81.66836099495676,3,1.4969367867728194,94.88709390562046
91.16285794395104,6,0.14433268178897735,94.58494367905078
66.70329933296078,3,1.6516691567134836,93.95316197859185
97.50959934695024,3,3.0684312763316415,93.79336243574954
74.01212220851897,4,1.243505405385037,94.00839962396391
64.86687572015501,2,0.5540798838416178,95.9784479253978
88.12025931341248,2,0.2389411351272061,97.51928360351798
70.0908551485797,3,2.2801681441865784,93.3683409844051
93.19355380092901,5,0.09283036980853693,95.5482812462762
84.82896048096806,3,2.4616043712539284,93.88752277854368
61.06581164655469,2,1.9197337811022255,94.14961004500506
71.21619198501547,2,2.4996458132205497,93.96123462338612
62.61087994273958,1,7.699784981755902,88.0908020190299
67.20745277326134,6,0.8531131620481125,92.53663684420533
90.87550580011779,2,3.799143146108244,93.384803514676
61.75996122233242,1,2.7293132460053853,94.01282216591017
96.21659253344407,1,0.9828656260443047,97.83139087541903
71.93852146981908,3,2.2887656721386445,93.45040726692459
85.75047799811287,4,0.00036798090094666597,96.0870823228245
92.11396427953125,2,1.3200188022049604,96.42167565133062
92.84082685086429,2,2.625695640271953,94.89120657421687
61.95479834828262,5,0.40169520608887344,93.61570567010749
84.7597602115604,0,1.5107373323190765,97.42510321179513
86.61546495140128,3,0.9325631859377919,95.81169742444472
96.38498117648726,2,0.12148992313782703,98.07346115105896
63.25232293213274,3,0.2794221929203486,95.42730951510222
69.85970100281122,3,0.7487202206456199,95.19452078536581
94.51546432997944,8,2.487785629064878,90.34043046162111
90.42340682710146,2,0.5259364233876311,97.29004663328992
80.32322144742695,2,0.46134298868923035,96.86254948594427
88.25550538233709,1,1.2517100421524836,97.11072321853388
61.44239048249069,2,2.5228570544907587,93.44469105873563
78.9696604708122,2,0.21667557856724257,97.08847232925991
91.90149042327506,1,1.4637056035090101,97.03862779695294
63.083281054426976,0,0.16927884757349698,97.95102943563315
60.0096353594867,3,2.498763198092986,92.60196593026275
80.07280463441202,4,0.2105869945963999,95.55093583820492
76.24360168735627,4,0.651139248791992,94.83081298581742
90.49261566683286,4,1.8398368527032671,94.11682656009772
98.59223679395714,2,0.5099437035825531,97.71767939539879
61.94623127996526,3,0.043858074839469456,95.6446818741909
88.59109461738493,2,2.927042732516242,94.31710345184976
89.2985565173614,4,0.15964798629229526,96.07335024231732
94.585454918442,0,3.628628177816763,95.37491893254199
72.22980777205603,3,3.8686068439036196,91.56916217591845
87.3291620447265,2,1.4019043412008827,96.08417289279527
97.05837749345095,3,2.9784852102124826,93.87873662241756
76.82824281572795,3,5.331740680993648,90.04332332359402
92.53810300923138,3,0.10347981967129266,97.10272936685601
75.57804713967695,2,0.8769178260537154,96.12660096571939
68.6416089789432,3,1.152482442169286,94.64910151834401
86.83832136281191,2,0.7507199882142845,96.84105208228345
90.95832319132361,2,0.7578763020860809,97.03846459706288
62.96908463473819,1,0.30819687404764873,96.97861798287973
76.67833695859096,4,1.1902817549484976,94.20557874199135
72.13477030114929,4,2.4412049154283135,92.4772926165435
77.73632851978866,3,1.470608989944969,94.72208563805547
61.15505077062946,5,0.08710224494139637,93.9532298446018
69.63017659271229,2,4.324744253955911,91.69181572488853
92.95423201969831,4,0.881138681205589,95.39034518353822
72.4460631308152,2,0.4823042317852459,96.44353807839846
69.1448423211778,6,4.177852489111359,88.64381912912526
99.07336682601539,9,0.6096001193616982,92.02214819806673
90.69154277192372,3,4.11688958643811,92.19430963487045
86.4597208165727,4,3.9120368231826332,91.42854185300948
87.73923505429514,4,0.9096633187416499,95.09536577022477
78.21470817861923,7,0.21453079067607056,93.05329846011968
83.18681740790159,5,0.7533632301985507,94.25530499415682
86.59924100952124,5,0.8764693842568922,94.27819878936779
81.58590882121459,2,3.511083998659074,93.26599464266984
90.18140006093073,3,2.6242457940809145,93.95997505014944
99.9366785459702,1,2.274386181190838,96.4675705098695
62.949961953833665,5,0.734973013172821,93.2655304818843
97.88476752988322,2,2.231938472986281,95.61591220891063
65.1718548468543,3,1.8317408129522015,93.66050376680008
80.12793310739931,0,1.4226627321059873,97.29920137684277
96.79524090115146,2,0.11010441365272762,98.1076367486743
60.90461832656745,3,1.6031896488508965,93.7214033377073
73.28693151153942,4,0.2227754282538894,95.1970160616723
61.74088354493239,0,0.5888814965158224,97.38038638142763
62.957891779394615,2,0.850369999874943,95.5274505891198
61.02928491930299,1,0.750566127927146,96.35078489245258
97.59131785714561,2,0.00018771988062444848,98.27934062900053
95.97337826932541,2,1.3928428765857812,96.52725746156334
99.97642351426548,2,0.04907947019552948,98.33992581147864
87.59131004560177,1,0.26166609133570573,98.26556619267724
96.29345726587745,1,1.3287356919827162,97.42019003291462
73.84723701638808,1,2.0688857193524317,95.40969898759649
84.06214598574073,2,2.2616579566528063,94.88911775130367
72.4958913546878,0,0.36185433296991676,98.19056936817049
87.29591275571318,1,0.548256921064664,97.90688733250806
62.48083481795356,3,2.251777234650119,93.02190905931754
75.82137584251853,2,4.383886798670516,91.93040463372131
63.30936253738087,2,1.2107959741521965,95.11251295788641
92.97159502097809,7,0.17213990388446784,93.84201186638754
85.62468496902233,9,0.21278364580459302,91.8258938734856
65.36928218125868,0,0.18613858094644034,98.0450978119272
96.78985734268426,4,3.2377541526894458,92.75418788390688
73.5464778494589,4,5.674877196997411,88.66747125607606
62.808636914429044,4,1.9332234395946246,92.6205637182079
61.67894273104948,3,1.0013486869240273,94.48232871224364
96.85098865795572,3,0.44285022891140824,96.91112915820409
81.3271037504118,4,2.08202886481426,93.36792054974347
86.90752558369437,0,0.0910144637775962,99.2361589226516
85.84998007441521,2,0.2604560736496372,97.37995171534119
98.30055857286467,5,1.3336768339194538,94.3146157279399
65.73908977191361,1,0.3662215677454918,97.04748860730109
62.99474517690699,5,0.4055329638419232,93.66309770223504
96.88624371376609,1,1.4562783552941736,97.29677815933529
77.64166089026108,5,0.7343404098844275,94.00087455265174
60.74904610639453,5,0.2908010393621289,93.68849105808518
79.94640083274618,3,0.614891566358474,95.85945016200714
82.90363656257831,0,1.4116152422138657,97.45124353747228
80.93655308472451,1,2.276980104560798,95.51445152876327
80.83508183032427,3,0.5806603004309321,95.9449617309991
81.09945515181343,1,1.623230871847582,96.30709571137358
85.37925983676047,2,1.5752072604901488,95.77871427924984
65.46923303662435,1,0.6117979736141019,96.73930408349429
93.86844489330076,8,3.490508779462429,89.10481170931013
71.82836382419971,0,0.3286162230446554,98.1970787235564
64.38069967769437,3,2.3325788677802994,93.01994034254835
80.16879464397611,4,0.5408716889413441,95.1593937054692
88.61414185071543,2,1.6220388856064794,95.884260429808
87.05507342619649,4,0.008041007646650236,96.14310446213385
88.52217584105149,3,0.17676802713134976,96.81398715949496
61.63983047352136,5,1.1288470521462326,92.72737506110059
84.44617960905202,3,0.20538249095849329,96.5758499913024
92.77867005977687,5,3.3280804226687244,91.64523699578638
73.14838397549806,0,0.7446405146451303,97.76385058120074
80.36785412552238,2,0.7113812570354814,96.56473519783354
74.10579226137209,2,0.8833865511413888,96.04522575169894
70.58397816598867,2,0.7833763465982462,95.98914729238155
95.5357767018809,2,4.617879100561976,92.63533391441968
83.72059837089144,3,1.3894652153097018,95.11867166017294
98.18246981392952,2,4.1262648196199025,93.35760570715259
74.01945135592307,4,1.1108390746709607,94.167965678191
61.200419510965645,3,1.85629333590804,93.43246897245864
88.68109184872324,2,1.8890268293441799,95.56722239722315
64.08244414077693,4,0.37938063245726605,94.54886544809013
84.65760569870616,3,1.4605431485374185,95.0802285066904
76.80412125622986,2,0.3785765562027739,96.78591419536816
78.02588123671258,3,1.1404703893252701,95.1327295946453
60.758655389241646,4,1.767390767094668,92.71706384894848
92.75905272066399,5,1.5168331782997784,93.81775282207346
89.32188743566334,1,2.7639024993297814,95.34941137258743
98.43497424085088,2,0.4063338690070097,97.83414806923413
87.99675099353689,2,1.7837802292031562,95.65930127463305
71.05523284425074,5,0.35937964653432225,94.12150606637135
67.49254984362669,1,0.4990020816568491,96.97582499419312
86.08891297772914,1,0.5082854125264744,97.89450315385469
82.78230658711686,3,0.48526140534993245,96.15680164293592
65.69488975140067,2,1.1232707867054041,95.33681954352355
89.35287548278531,0,0.4136749932796088,98.97123378220374
93.2859114937485,4,0.18680494681821652,96.24012963850556
70.30141800962333,1,0.9770875648926765,96.54256582260996
89.60030051091114,1,0.8701285946834685,97.63586071192539
88.3561843217133,1,0.6944857856234246,97.78442627333756
67.79855856494837,4,0.2125452060737988,94.93487368095886
69.48928919374322,1,0.4776017438495592,97.10134236706769
68.33245910568698,5,0.09024994636664668,94.30832301964438
66.69932343904964,3,0.24290214831490595,95.6434835939746
80.36772989831712,2,1.8371173007960346,95.21384573396061
71.644196221087,3,1.330302037000955,94.5858473666532
72.89915014878207,1,4.061349062781202,92.97133863210166
85.52557595875278,0,1.6286940812187354,97.32184590047515
77.88613696774031,4,0.3106195842703786,95.32156334726255
87.94959629319797,1,1.5601809357510918,96.72526269175859
85.39948359449762,2,0.22411318525340418,97.4010383574208
94.10893511339026,0,0.16277726869970327,99.51011403322987
64.64427679419536,3,2.4857173282516003,92.84935304580785
62.73143934905681,1,0.020981258404954514,97.3113944573669
74.13519547728805,2,0.26686114335883476,96.7865264018338
91.20933468607204,4,3.565725721094634,92.08159586899004
82.7847187034304,3,0.23543888042721375,96.45670927865886
93.23118131147675,2,0.21860832008745085,97.7992290814689
92.5419524975307,2,0.6028512381650378,97.30367613907849
61.21997558591525,4,0.37692958251492115,94.40868328027786
90.82130188152583,3,0.09849213510736898,97.02287453194745
84.93022099570538,4,0.263775237845865,95.72998076437023
92.82752032858477,2,0.8302624220794622,97.04506110993388
92.45544894351983,3,1.2323419503292223,95.74396210678093
90.21359913421897,4,1.7598919667284871,94.19880959663676
92.91395622089776,4,2.153501142391808,93.86149644017472
67.17438758201318,2,0.5821416938997848,96.06014934642091
66.77038096816183,1,0.9605786446507202,96.38582467482723
90.74363835079227,5,1.6903858236848643,93.50871892911778
85.95184658945624,4,2.472343729209062,93.13077985442195
90.96428481504162,1,0.2912956251967327,98.398659490516
63.71449337253003,5,0.626433769137738,93.43400414566122
87.2939370593808,3,1.8354627763221805,94.76214152138242
65.92816530674854,1,0.24514049510691965,97.20223967120913
88.3952578643468,9,0.19278818349445415,91.988417073024
66.62227368393572,4,0.5944093499937972,94.41782246420424
76.82558630261272,2,1.0974170596335788,95.92437884357034
74.71689187833118,5,1.217472796128843,93.27487723856194
69.04823063214586,4,0.10770841884334695,95.12316142899527
71.4347134258511,1,1.8482862181673756,95.5537922094917
90.04724645996635,1,0.5098779627380154,98.09050876771269
64.17201291949338,4,2.0595648561212583,92.53712281862916
65.84041468442697,2,0.16885265158376841,96.48939755232082
72.38718006082146,6,2.0002784253076547,91.41902489267189
82.77164507884561,3,1.7499398516461913,94.63865443196686
94.01702247950529,3,0.7134846688381838,96.44466952136945
97.21183762905716,2,1.1049159865962332,96.93469269753737
94.29616677854364,3,2.1184927080387412,94.77261708928069
70.21373744601964,3,0.05994246440918078,96.03875591500996
96.34818096787173,3,0.6216440096295158,96.67143623683816
80.90140942340473,3,1.3027159353070874,95.08181134880174
70.86088902151899,3,0.024372901370990293,96.11379696943077
61.12659976067064,3,1.5937959573013145,93.74377483927195
98.09580696255807,6,0.7482541319103607,94.20688538983546
72.55264778395872,5,1.1777938252825766,93.21427979885884
82.64848179642414,5,0.7302875964696033,94.25607897405769
94.30158791331405,2,0.05264779425789824,98.05190204255622
64.39738280227385,4,0.9663040773316043,93.86030424731577
76.15068361823242,3,1.660794221405291,94.41458111522527
87.8945076144586,6,0.8816718696530873,93.53671913713923
95.97913081814436,4,0.5891085410875331,95.89202629160218
74.11834909837356,4,1.793451779954768,93.35377531897295
75.57444657991138,4,1.8678823803234228,93.33726347260746
76.39359473198184,2,0.5039194023170863,96.61497645381858
67.56366082015121,2,0.9657860403942891,95.61923979253442
69.87955981142719,5,1.8602841663580865,92.26163699094165
72.92579777741521,2,2.5835890598915903,93.94598301700086
61.715836381243044,2,1.9633704705478687,94.1297472544047
70.37042913008776,5,0.5920359466192125,93.80807832056134
63.4994675850806,3,1.5887104578419173,93.86852082984373
68.4160676348193,4,0.10469186848954537,95.09517313955351
68.34276113315713,2,1.1779046376477913,95.4036524914805
70.96709758697375,2,0.22721121676556244,96.67570141923001
81.39415070181857,2,1.4537986945457797,95.72514910163599
77.45973307772991,2,2.822748107885703,93.88568892442365
73.05640344137703,4,4.0781464232217655,90.55904446420273
87.28307272204572,4,1.3728569044808216,94.5167253507253
77.20775818405062,0,2.4724508002790193,95.8934469488677
64.91321395678803,3,8.725311208033945,85.37528724819867
76.33518722525903,2,0.16731796437859126,97.01597780400864
62.006966882637165,0,0.8462463766088463,97.08485269220124
77.06903119493575,2,3.7032640210235583,92.80953473451852
83.50303910573089,0,4.9441466926450675,93.24217592411246
72.31765038183414,3,0.21299000008541755,95.9602945189892
64.16815809437816,2,1.0380045440195,95.3628024518955
92.11061150145215,3,1.4385139410297185,95.47931384583694
98.20053931930342,2,0.2303815722697546,98.03356907924146
97.96962550748559,4,0.3117925629886399,96.32433019978791
60.44844092989121,3,0.3428985089149735,95.2109438357966
76.32189323738135,4,0.9741653026742572,94.44709629865996
99.68253158156514,1,0.5257182585230771,98.55326466885056
81.59653187447836,5,2.337765063464634,92.27450851756636
70.37950829503411,2,0.2523285721610442,96.61618112815846
99.42731610288672,1,0.18963587225323203,98.94380275844046
72.41370856228895,0,1.074588670067522,97.33117902403342
68.54963661957281,2,1.3666445877750013,95.18750832564864
62.47999753352432,2,1.3915380686364003,94.85415419431254
83.54167943061628,2,0.3529737090476347,97.15351552067365
81.62014419991368,3,5.527133279189074,90.0484472749688
64.66176311261275,3,0.7043376969809066,94.98788291925355
73.41773626000945,5,0.27548714533678786,94.34030223859632
99.57006913918218,2,0.46867556971992075,97.81609277329521
80.43669053274478,2,0.5934103443476086,96.7097421134201
62.81266370871016,3,0.9648145663095886,94.582855705864
71.65044157844908,3,1.7159179079868552,94.12342058933822
67.80612242270884,2,1.0804900314479293,95.49371808339792
64.55622862305233,3,1.0162122704372276,94.60835670662794
63.66216909057528,4,1.3624821198011952,93.34812991076733
71.08571366318293,4,0.7239958622287643,94.48549064848463
65.80048669585142,4,2.6814352562196317,91.87230202732901
95.62816109543685,1,1.7809765157356832,96.84423623588903
91.36132944732518,0,1.3559165938015207,97.94096655980444
83.53475032976701,4,0.42845545705166316,95.46259096802635
84.26003452040527,3,6.630679903211774,88.85618584216613
84.95226637702146,2,0.21569591565173674,97.38877822006899
93.42040618328238,3,1.3306955016339832,95.67418570720334
80.25505298341201,3,1.4129630840766763,94.91719694827859
76.92574085385911,5,0.5938198414154168,94.13370323299445
97.7402233515214,4,0.4280342322872317,96.17337008883139
67.67404571487421,5,0.008902674913848229,94.3730190758471
83.95534598281165,2,0.9088996192609978,96.50708775602739
71.50238260362795,2,0.6534220288797122,96.19101269552574
72.3510310544799,8,0.35915538580697376,91.78656508975563
87.57522673346001,2,0.421516989022945,97.27294094984546
60.18622326267129,2,0.1365084060713665,96.24550107584793
82.24073105843809,2,0.8651914316780718,96.47380683490822
82.53325015363181,2,0.5656349111572008,96.84790061429295
96.61326334274067,0,0.40097658064494424,99.3494912703631
92.34211184909685,4,0.9133134584805469,95.32112944227819
71.88554478271868,1,1.301579235677047,96.23238215632348
93.03878779341875,3,2.0891705996926313,94.74493467003978
73.07198019197895,3,0.44543717343560585,95.71907440147622
77.04241679370999,4,0.8147095422824228,94.67446938894659
84.00824705623873,8,1.9590225728852073,90.44958526534968
75.08079426683625,2,0.9176249097854907,96.05288982159922
94.91517253313333,1,1.3989268745221652,97.26704637723007
73.24245306379581,2,0.005359211343294996,97.05569159957784
95.93692971457057,4,1.0654980924526833,95.3182487747853
89.20316105980064,3,0.9378752068854979,95.93470780472744
85.91548996693169,1,0.10073681752207768,98.3748903173201
98.61031324620848,1,2.189165458768291,96.50351711178847
76.387083032927,2,0.9043198402190356,96.1341703433835
96.75784301888436,2,0.7470750150056639,97.34140213293742
89.63973006339894,2,0.1625503644377244,97.68692606584467
80.9293099570017,3,0.1917079694904636,96.41641593446153
68.10795633400842,1,2.398038046025011,94.7277521614704
79.82151098976445,3,0.48039651853698073,96.01459972724385
69.55866134354386,4,1.8576278660977499,93.04877962785989
68.22362865825444,2,0.13313817166129485,96.65141562691917
81.08377371917669,5,1.0665780002395642,93.77429508567135
82.50482004856441,4,4.383728627865242,90.66476664898993
72.70386678537488,1,2.920270560134575,94.33086866710725
83.46533836493535,5,1.2799190422381417,93.637364067561
74.66057414742706,3,0.05008185743438026,96.27293047845009
88.86380683394034,5,1.4372825355054093,93.71845129909053
64.69157828901888,4,2.4379388499682033,92.1090522944891
70.92666417646308,3,0.39676659726447006,95.67021329210579
95.56283701952655,5,0.550962849395163,95.11698643170213
93.539888716459,4,0.1213473610620998,96.33137760254843
87.98422990548882,4,0.6347479055125651,95.43751400865936
94.19643561595075,4,1.1743332946736882,95.10062182718912
92.2376161195742,3,0.2614217086313187,96.89817475562113
93.48011474883674,5,2.429480355552818,92.75862931077846
64.02648659853783,5,0.7237743529248677,93.33279510641705
64.2685422084783,3,2.6446406592163165,92.63985831936434
63.23064739294314,6,1.1349676055093676,91.99957124303592
90.59428196420164,1,1.1987091017831535,97.2912631760703
84.3990688694064,5,1.460079870510989,93.46785759885714
95.31015232983773,3,0.5542009177313137,96.70046651521432
76.21752912286175,3,0.36864570183693574,95.96850161393877
90.53265552298083,4,4.703414194270408,90.68253574302454
66.96933763537672,4,0.25136569484420745,94.84682804795578
79.98346612487569,3,0.358108478258821,96.1694431323332
65.03269871659349,2,1.388842706163806,94.9850236884331
99.7209776067843,3,2.689515703048198,94.35863003668138
62.22880927914853,2,2.6917397853488145,93.28135272153885
91.08638785039317,4,1.64872006522655,94.3758553142478
64.88086914524699,2,0.1477907099404046,96.46669460533387
64.94547069352055,3,0.9940356268410255,94.65443078246679
88.68152405301416,4,0.2328602423668263,95.95464391181052
68.52392724593919,4,1.2416646855214604,93.73619873967121
74.71265004324144,4,1.4801177525549751,93.7594911990961
75.76523395090506,1,1.2277587893165138,96.51495115036543
72.01882378112782,4,1.0220830050982534,94.17444158293848
79.3030473488403,5,0.29877895882694094,94.60661761684969
71.18140098026964,2,3.686388982170648,92.53540327040871
63.94699426644444,1,0.44492848505435834,96.863435531257
93.50695274435233,6,1.0440390613907846,93.62250076354867
74.95740104685558,5,1.7818439605005576,92.60965729974211
85.94661889850565,3,5.768528421158852,89.97509683953466
61.81180515370005,4,3.5343732160816286,90.64934239838705
75.81950104747689,6,2.6163267525327574,90.85138294933454
93.63768097967301,3,0.8985244877396492,96.20365466369607
75.29740339922041,3,1.6318250782181356,94.40668007609926
82.582525647099,2,2.1808834428934714,94.91206615088278
74.75147359579374,3,0.5171659099185717,95.7169745878874
92.37690150784172,1,0.496826211724554,98.22265362132262
85.56562623917685,4,0.7458791569363681,95.1832263236352
69.40293642256341,3,0.7617708669011092,95.15602178084684
71.64554269917477,4,0.4999992295510526,94.78227805949747
63.42786652628237,2,2.2294273751378966,93.89608047614864
75.82808579336127,6,1.9223570169466946,91.68457586933204
84.00827430370686,4,1.8954297272669811,93.72589804246496
95.06443882191553,2,3.6435915318273313,93.78091210290297
70.99502882893576,4,0.8065809559932349,94.38185429425491
87.14495426961113,3,1.7761978365418818,94.8258103096303
60.12443510492971,3,1.5547735697422649,93.74049347155577
98.6124906485386,4,0.6673155124629595,95.92984591747138
93.93508554690466,2,0.48058221638727044,97.52005561768051
62.474870435669935,6,1.0374395272354628,92.07881608910094
74.15525405415723,2,0.8160542907590256,96.12849755379703
84.55830610272045,0,1.9058251398343409,96.94092513733482
82.34906171159659,3,0.17263106833886788,96.51029580357319
71.58549915007353,5,0.15380666707374396,94.39470695701519
95.87129474652203,5,3.312236163670165,91.8188813409219
72.22144587151547,1,1.9118091945039772,95.516901260171
88.15873467217439,6,4.696682082721347,88.97191823434311
65.94937332329525,3,0.12202829179195795,95.75103471601442
62.787831182765835,4,0.3526902250915277,94.51616328902846
60.322923792713716,4,0.4012896170825082,94.33459864913668
83.51075470653183,2,1.8147800176899593,95.39780171409863
86.68828220086198,2,3.900311509011418,93.0540402992294
68.04127721329685,1,0.31208925067501414,97.22755675985482
81.07764900144132,4,5.478192155520929,89.28005186344694
92.77654018159981,1,1.5118652603052225,97.02458869671372
67.62377082290551,3,2.134202824681341,93.42014515152766
72.90345784598534,3,3.090264014382596,92.53685607504015
87.53000660289369,3,0.9488143112960227,95.83792315658945
86.14233369032398,3,0.7919712674844543,95.95675116353485
81.27941981910183,4,0.3475290303313511,95.44693615455748
73.65250440126655,2,0.2929949119046922,96.73103132577769
71.73388950634417,4,0.04572383021009464,95.3318258790651
72.42147101411445,3,0.33103158922601034,95.82383564363451
75.72765831455851,6,1.0304159355021947,92.74988379312529
60.0869513512635,2,0.8821709894547691,95.34574238021744
89.42213289133218,5,0.4966817145298882,94.87508858713075
95.96491319233552,2,2.817086481537328,94.81774188177198
97.50853134611899,3,4.47128971744504,92.1098789063719
80.38720534113324,5,3.025500489164893,91.3887596800588
80.40120835213018,3,0.6465583237144219,95.84419042914921
84.95776867183841,1,0.5202578160493908,97.82357905433265
61.28445849111286,2,1.8016125900849103,94.30228781645376
93.71712050173151,0,0.39907612978244744,99.20696466934764
97.80929299478333,3,0.3614046367095712,97.05677908568768
63.40914641699753,8,1.5359654803472644,89.92729874443316
94.99085330246385,5,3.9243150313720685,91.0403646274767
80.89455791367611,5,1.029752509242798,93.80902488459245
71.64349059976921,2,4.419504021856012,91.67876970376125
96.0414100127391,3,0.14168834022136273,97.23204449237132
91.44433191032951,3,1.2145298291000133,95.71478080059646
92.07409633562415,2,0.11817607067580577,97.86189353197024
84.18697424675167,1,3.4109662971753223,94.3161891557272
81.37257679141584,1,0.19151153091314116,98.03881500247502
78.85348961282456,3,0.7784520859257009,95.60853197753039
78.5897513719786,2,3.1007138306787656,93.60863097178441
68.48522303465352,4,0.6514449151007018,94.44252725361183
65.03532955825044,3,0.09230733733194005,95.7409976731142
77.30241202077373,4,0.5478301868027549,95.00772437687539
87.03083408695807,1,0.08670772514085998,98.44749243417887
78.99868153560936,1,0.7945433434077477,97.19648206469117
74.0490161749662,2,2.3490331765978394,94.2836109968309
61.051599195007206,4,1.0932915077349705,93.54063015046839
75.83135788765665,2,0.2438485681661144,96.8989496125835
89.7617232276348,1,3.30566430571244,94.72128899452682
84.65518418462554,1,1.5004328276261139,96.63223981607995
74.93761045393347,1,0.059831202211390544,97.875083080043
97.97197147627742,1,1.888347108165179,96.83258204401565
68.85979409315362,3,0.03655841090840045,95.99911961156761
61.75319381777763,0,2.4192832919502076,95.18451974054864
71.93170713723107,4,1.2591317039644816,93.88562731210418
64.98972312548345,5,0.4660980955353102,93.6901684416318
94.5219217376532,0,0.30046430236496946,99.3655389240447
84.40683670567941,4,1.4583006704251518,94.27038103077379
92.55613889089975,1,1.6184711577680972,96.88564155522327
76.58198212591849,0,1.429280151467918,97.11396292453442
64.89709194222542,2,1.0179660369193595,95.42329535280804
74.36838129958058,4,1.0635405485340037,94.24217040673823
85.94759138199555,3,0.6928299488564249,96.06598363047206
81.30448858564013,0,1.0628445844374876,97.78981092795702
86.17017843062513,4,0.4297099139245401,95.59285702482181
82.91587446733658,4,0.5056763893491525,95.33898205614784
88.22549177472959,2,2.884448773608721,94.34993606040601
89.53008174307693,2,0.07655124154873737,97.78464259729536
65.09881419140964,1,1.6241495062785134,95.50596130203627
84.03369518621696,4,1.301424644968936,94.43997518534812
97.74640103213895,1,1.589787347453026,97.17957523466332
89.60691360946848,2,4.8299962243479975,92.08435021125582
64.39699893196675,1,0.8360163094687894,96.4166303752358
63.886389738287605,4,0.7330201630307274,94.11469529127751
71.71768453710914,2,2.956801417766515,93.43772252553563
86.59343625474939,6,1.1589639396971785,93.13891508510085
97.315003189605,2,2.4598337306219973,95.31394968273385
63.96161327368609,2,0.7934767504295763,95.64590856316882
80.53511933135925,1,4.800003998627462,92.46675116821501
99.1565729264613,4,0.9046890823268663,95.67220174753082
60.11736231210706,1,2.0428403669645987,94.75445967524783
82.44057812119729,3,0.6088004363777091,95.99146838240661
86.37989961835471,5,0.828710379244024,94.32454252582491
67.29862699167727,0,0.2385480071096192,98.07867374105231
99.05882691392796,2,4.0169049176712415,93.53265544449091
86.18483740801258,2,0.7247017691384566,96.83959974743448
77.60683831339892,6,0.022531562967617345,94.0533040401088
77.00265320604244,2,1.7013615141747476,95.20849884329243
84.06817138622279,3,1.726239120359241,94.73192162488004
64.50612347071264,2,0.6194740499380119,95.88193731361002
66.02941933923132,3,2.3611826145579746,93.06805182949199
60.08228082914249,5,1.9104502820108131,91.71157370304415
69.86156791507767,3,0.09284917163508975,95.98165938979177
91.36682747267159,6,0.3309607703991574,94.37118844915459
76.74692157086062,3,2.461212385362159,93.48389121610845
65.8211784685907,4,2.8324455217599738,91.69212429731756
99.6172679313583,2,3.1849573537613107,94.55891457205435
98.16199039711672,5,1.2990491959368413,94.34924048473162
86.36528815364827,5,4.1768790883028055,90.30600950171905
92.53477945252223,3,0.8499336732530904,96.2068185647224
91.95014491266909,4,0.7990103234377997,95.4386948575081
95.81407468849048,2,0.362378416153212,97.75584963504068
81.78539949585314,2,1.3671601262394353,95.84867782330534
65.00101995679574,6,1.7021235274551871,91.40750276489356
70.63308941095124,4,0.6795964864859183,94.51613868676446
64.89185065438123,1,7.255946678012499,88.73745651910406
82.75770604265101,5,1.018542688164152,93.91563407633556
99.71005093007804,2,0.22829475849393907,98.11154883631117
94.98725812615851,2,5.0933601194971505,92.03733076291135
63.37561984147506,5,0.2338854974254801,93.88811839516318
90.34963563796744,1,0.34298497519768034,98.30589981166115
74.2271425612393,3,1.4204634872863724,94.60680094331832
85.67806283617219,5,0.6015459970575349,94.56204794533957
70.78873616383638,3,2.718563436856114,92.87716068396448
62.92520958981843,4,0.49416032057340753,94.35326809480283
94.85615165704652,6,0.2511215388350775,94.64146173625024
71.49941452570062,3,2.8453088061737213,92.76060015887657
69.96946178115267,1,0.4471395022608846,97.16190568634457
79.61255275853205,4,1.0503562641477888,94.52020012094926
62.63654586815684,4,1.8187888518093043,92.74928067123668
92.90929635965878,3,5.152386995381928,91.06260042352463
96.82091910424342,5,0.6307511521142147,95.08414457267511
67.95282763403017,3,0.43507918502928716,95.47554635966637
82.51447469125355,2,2.101782446587375,95.00358479865783
96.37712795956026,6,1.3108453090516,93.44584202711609
93.68700458177825,4,0.7708954215687313,95.55927572320644
93.521424073927,5,2.001857886021287,93.2738417404708
65.55488911663734,4,0.22153682864221638,94.8119002614612
84.04683714427301,2,1.245137845441715,96.10817644268359
61.95686191899998,3,0.07321973252564154,95.60997941691923
81.99356484602914,3,1.6828327519883926,94.68027893991538
85.86706755976023,1,1.6497566485865978,96.5136453996841
79.74064545287709,7,2.5544728124447005,90.3216648977102
68.55012429197933,1,3.8126190346522053,93.05236337301632
83.56731970448251,4,0.07920340221739443,95.88332190256325
97.61893452245752,6,2.0852776744703494,92.57861351675845
67.43711784993928,1,0.7027355490634914,96.72857323362078
79.9200095935098,5,1.4329583729302,93.27645043215925
98.68704713158814,2,0.5811791358727965,97.63693739353205
84.82410710375964,6,3.4335522902877114,90.32094260684272
91.8973128661504,5,0.01697143228746275,95.57449992456256
70.457231354763,3,4.488682926268067,90.73644205621648
67.29829946605963,4,1.717983434789363,93.10333485155574
67.3746753668617,2,3.1349901210787836,93.00674562304854
87.15382941916505,2,0.6383079305890087,96.99172195425145
81.07085133261273,3,4.1967406318315446,91.61745380843278
70.51203509152556,2,0.36784744729158986,96.48418481782637
72.09520075253614,5,0.115833393291254,94.46575996567731
73.2416222688193,1,0.13855670293921346,97.69581306991391
70.52100931538268,2,0.3839289358948684,96.46533574269529
70.46589008254435,1,0.11244350767454414,97.58836229491776
88.1383137243868,2,0.38525150224512106,97.3446138835252
69.30820835756495,2,1.4389405872544372,95.13868171317293
70.23640385687695,2,0.8797813042691274,95.8560826277209
85.28660659359697,5,1.988707519642701,92.8778813061086
99.9892833718269,3,0.2808086749853847,97.26249375860888
79.00703891707263,5,0.16044853329192363,94.75781370590332
90.95009884842699,2,3.483178337848662,93.76769093700295
83.1362779908346,4,0.2897504829627106,95.60911331998648
74.004723178445,2,0.29938008511877934,96.74098005677972
86.70807028330572,4,1.2699256213699772,94.61149276852132
71.01811888985895,5,0.482100078821866,93.97238584990671
96.77432262073663,6,0.7670753740340288,94.118225682196
96.44940518782383,4,2.818912570157196,93.23977517520255
93.06269537794252,2,0.12965935815571547,97.89754353911027
97.41075364381726,1,0.5818723082704402,98.37229091226634
74.05650564519867,3,3.6235600795718996,91.95455318677365
68.62221067662966,1,0.1275626726651624,97.47803532663329
60.38309184520489,2,0.5147602178120545,95.80144233088578
94.05817656712067,1,0.8284905456152154,97.90872017361778
93.69096410532464,3,0.19534448130292115,97.05013482770272
87.20791603426123,2,0.7362214568478592,96.87693005349563
94.2668836781767,3,0.14240335624661374,97.1424601564129
78.63222617343743,3,0.19739282619813645,96.29473991723411
70.77265980423091,2,0.7687526477681886,96.01612981288972
70.29591916321542,4,1.8070096491641117,93.14638437916383
93.02257957381526,3,3.3896782721021768,93.18351505216815
97.99630437323817,3,0.1626242867897924,97.30466607451416
86.45494945501444,4,2.188739983625011,93.49625949240071
79.02234952500547,3,1.4980426105879434,94.75346634354474
63.618146679614014,5,0.06231896659152604,94.10612457407088
61.3193624181841,1,1.0766759358791296,95.97395699785424
73.10002014035602,2,2.1822026921459887,94.43635777644262
83.28123679114539,5,1.9527992497804667,92.8207027398207
92.66486097170946,1,2.4287952663479255,95.91868872896796
82.4415490089229,1,0.0937659315536984,98.20955833258171
92.69875580065754,0,0.22170173792296002,99.36889570452533
71.00430362093074,3,0.6903660660456863,95.32177590179171
93.44876551021281,3,0.7691410102703999,96.34946906318616
73.30420596928167,5,2.0607467918665323,92.19231414822424
83.85902717580177,4,1.6511257374271557,94.01160047387751
96.97493522306598,2,3.0866884285628307,94.5447206468779
86.3111442801816,2,0.07731403968686804,97.62278036638483
90.16412991803026,1,0.7594305378106702,97.79688985052871
79.30428322369356,1,0.31446294483432186,97.78785862738349
87.16411047346298,1,0.23745993455154257,98.2732536022113
67.82756694321678,1,0.2852950316050963,97.24902430923473
73.95809645805417,2,2.954006386077092,93.5530971596102
92.64928682957819,3,0.1992846407346504,96.99332277259732
61.798253339579496,7,3.0142720718454683,88.87278618076441
98.0306358466928,3,2.1024733144722703,94.97856381496791
62.95568580854136,2,0.448873857340233,96.00913566161879
93.55728294250665,4,0.38601320763487446,96.01464829796349
78.59698588463391,0,1.1368510019580376,97.56562809188205
98.11118103068222,6,3.319347377298919,91.12234219877541
97.65361404932685,3,0.35818252194267053,97.05286167613514
84.73793881011558,2,2.391033257158296,94.76765703191582
66.99734251003157,2,0.09250751227056284,96.63885811077691
74.22273419844232,3,1.4986756750960935,94.51272589980681
95.5022120378542,8,1.457575283875501,91.6260202612421
94.80195064326774,0,1.608769504820983,97.80957412637821
93.91900315511594,3,0.7794119334570616,96.36065583760733
82.78070873996877,1,0.1558292347318286,98.15204035532024
64.01866317217446,2,1.2755592258940291,95.0702620875359
90.55904338580964,1,0.5868454120470705,98.023737674834
93.99757243022985,2,1.9138665649780804,95.80323874353779
81.60033408638313,3,1.6562946693038088,94.69246310115459
70.925595024202,0,0.10312050659965982,98.4225351432905
98.29142435864102,7,1.5294073561155122,92.47928239059344
79.52422367475296,2,2.9823996763991985,93.79733157205861
84.36735182753594,4,0.8864784744749823,94.95459342200682
86.23308935707371,2,0.3991862763753498,97.23263093620326
73.75612802332358,3,0.1677897392055193,96.08645871411956
96.16142958954953,4,0.11881303508301172,96.46549583737786
61.26933446695203,4,0.5536689804234775,94.19906394683943
93.8134474023467,4,3.721596426416517,92.02475665841752
95.87134776050438,6,0.37329010904917226,94.54561925716621
72.5891296158326,4,0.4270707955487739,94.9169715261331
84.92854712803774,2,0.054584397987047756,97.58092607881743
81.05329403918071,2,3.9281534810909493,92.7388805246499
88.42669226351506,2,0.46302192564298705,97.26570830240416
96.23090310881496,3,0.6749901458692957,96.60155698039759
73.06231272669243,3,0.12458323771564685,96.10361575107585
88.34130107572653,6,0.5192134022544905,93.99400897108094
74.21770348704786,3,1.6131183058149006,94.3751432073745
91.1435203352301,4,2.584785440653066,93.25543348797783
68.48804875521672,2,0.2611704877319572,96.51099785248249
75.07954786303287,1,2.1698710804683725,95.35013209658959
90.79534431908523,6,0.3608512266476786,94.30674574397705
91.57989507309888,2,0.2703178145273234,97.65461337622216
95.6229093697513,3,2.6043436257829398,94.25593311754804
68.36829929675504,9,3.8241854300508114,86.62939244877678
97.19465935859878,1,0.16541087458889214,98.86123991842327
94.31770127097664,1,0.3931124858990377,98.44415008046998
84.0093907911962,2,2.1692705739944205,94.99734485076651
97.41824622423906,1,1.5415206998061768,97.22108747144455
92.17765806685702,4,1.4331827532727919,94.6890635994155
92.89103566093729,4,0.17100032717126873,96.23935139044134
91.39350530364777,1,3.6246503906215475,94.42009479643653
95.63221494804937,2,0.5033307957108263,97.57761379254947
84.94667633026499,1,0.592252096833754,97.73663130031275
68.57382240254697,3,1.369457833646993,94.38534171975095
85.66805883744257,4,0.6426001758241476,95.31228273088315
80.78344211868495,4,1.046326034124788,94.5835808649845
89.14834818406597,2,0.7278854321810388,96.98395489058605
96.72690172976297,3,0.9614690509158569,96.28258222538912
91.65450714059354,4,0.11160007896800989,96.24880526226806
94.00556518524915,5,0.19590689782782605,95.46518998186906
66.50362223124984,4,2.0727976411451126,92.63782394218836
77.6919709851824,4,4.734396937638268,90.0033222240932
91.01758518906693,1,0.552674767310681,98.08766953868053
84.96726117384247,3,0.07785393340629299,96.75493833860457
80.67881869707514,3,0.002945918385298455,96.6304058327914
63.07512853128501,4,0.5565393742925562,94.28590917741319
75.0514470041992,3,0.4703336474672515,95.78817197324926
80.04611851245136,1,0.3338205455920989,97.80172127091205
77.93520959613112,5,2.648733553108115,91.71828021607682
75.12876867597785,2,4.294132448089485,92.00347949609151
78.34060823470422,3,1.0297544135969139,95.28132511541891
89.49813886472461,3,0.16412109445183115,96.87796162989403
77.72182030765867,4,1.3429749802251512,94.07452103911275
89.73744367110517,3,1.1457942929290872,95.71191903204036
91.31876286629024,1,2.5275506647302155,95.73287734563826
88.49177550265956,9,0.24949274155558027,91.92519748526628
69.34942127234186,5,0.5622444077257985,93.79277777434613
62.00715107665453,4,1.5196960815633733,93.07672225595668
93.3796318348208,2,3.624878307329404,93.71912762294576
71.03833303013532,5,0.03093702718755826,94.5147922188817
67.67191463290838,3,1.1075446369728936,94.65454216727795
80.4805298307518,5,0.1869102878667768,94.79973414609746
84.90557410810446,4,0.5234688463785446,95.41711608975098
99.46451426737235,0,1.6761984296722892,97.96178759776187
84.34054935363909,2,0.8448690195607439,96.60318464420907
63.834312282678255,1,1.276383731701384,95.86005513609226
75.90967427591575,2,0.7952811274357585,96.24114636087288
68.1223227679987,3,4.309229339961522,90.83504093044611
93.33179886081626,3,0.43583448284570536,96.74358856362596
69.79246107063564,2,0.7225620166979482,96.02254863349424
69.85540511570386,4,2.305321631230143,92.52638429830903
62.87923726602908,6,2.070677054276089,90.85914939817015
73.42229600168005,2,2.047108119769588,94.6145850563605
70.92044472372274,2,1.550770780497664,95.08509729958894
93.97274927520186,5,1.2273373022601475,94.22583270104792
82.22069703723915,2,1.4801056387438114,95.73490808536938
68.2121449071524,3,4.516819453779715,90.59042390082196
90.45922950881238,3,2.576730133989756,94.0308853146529
69.78424792569595,2,1.1933477892220794,95.4571950492183
68.97519417121715,2,2.3864911571556853,93.98497031997404
86.55776958722228,3,0.33486934812495744,96.52604526161116
92.61648462528085,4,0.17369754697070727,96.2223871748992
93.75356587453359,1,0.6414063779032168,98.11799064024282
78.6682353968639,6,4.6694323986981505,88.53009289140542
60.164526463563895,1,2.148282486103159,94.6302873398544
97.51755759392216,2,1.0150772508174586,97.05778517871516
66.83548143027166,3,1.1732545120843396,94.53386865701238
65.67721049035183,3,2.143836762594312,93.31125640940442
67.34166895062597,0,1.4483917221161569,96.6290133809919
69.590056652214,2,3.5064371656276236,92.67177823385755
67.12875063554418,2,1.9841643173216483,94.37544035099123
95.6829348693912,3,1.8772673557037467,95.13142591662506
61.06400921852022,3,1.4868183360921883,93.86901845761538
60.48334982057715,4,0.45488325896928195,94.27830758026572
99.83123568672568,4,0.36336353542298816,96.3555255418287
86.65364272139152,3,0.5355103900825477,96.29006966797051
97.90307733292467,5,2.8124471687713273,92.52021726412065
73.41658512092363,5,2.1130157013538673,92.13521041442154
64.41891704218976,3,0.4710250156183916,95.25571583336742
76.15820173948421,1,3.292692955168822,94.05667854077163
60.306992382355084,3,1.402325077299179,93.93255952635874
81.48927636677809,1,0.10387018792448457,98.14981959282952
62.65134288357811,0,0.3736044807987436,97.68424176722041
87.18644909588222,2,1.2851612655697238,96.21712893611044
73.68574566186949,4,0.4353896972654377,94.96181964637495
96.11651341415671,5,1.1770572427748383,94.39335697937803
94.41666446325382,5,0.9701231521385496,94.55668544059642
87.22465229511772,2,0.199221492581252,97.52216682365838
94.11112721142086,6,1.9655719553565365,92.5468700141432
64.04393729388227,4,1.2030291238355162,93.55856191609149
62.38266301502929,5,1.1208543700661144,92.77410790667213
90.7989058380661,6,0.9164525180429611,93.64020227025175
98.76669065562342,0,0.6126193944138365,99.20319125948457
79.4485184935468,0,3.4408409706473932,94.84341675990046
71.44977600848635,3,2.5847764362205234,93.0707570769597
91.6990739084149,2,0.5495902441136251,97.32544540248439
61.437915247840714,3,0.9975803019186433,94.47479940008967
73.38979063436216,5,1.744717030884693,92.57582909465648
62.2670266134589,2,0.6590721127579839,95.72246479536336
65.81189414703508,2,0.8941258972312489,95.61764363067425
66.06685492236957,4,1.7660151130116404,92.98412461050451
89.19858325681815,2,0.45782317613437284,97.31054135147966
64.91448786328476,2,3.510807835891253,92.43275499009474
67.82463086000084,9,0.0642783828209687,91.11409748361488
90.51017541899091,2,1.456247060085171,96.17801229884734
69.90823551963032,3,0.038126497142407255,96.04965997941062
69.4023772016769,2,0.8625927754749623,95.83500752951389
68.17054408411495,1,0.6599397897961076,96.81659945645042
85.25496319876436,3,2.7575528413291956,93.55368475034318
91.19650314176477,5,0.8370027666683393,94.55542183708623
81.86548075179607,4,5.238750182813274,89.60677381821387
86.40704391091862,2,0.09822428440171635,97.60248305426387
81.10213584583337,2,4.3717620458163955,92.208992337312
71.4001292834996,2,1.7103409892179746,94.91759727711342
69.26240725757066,5,6.79708517845639,86.30661814873086
64.06633456019986,4,0.2594913525036772,94.69192710500558
82.91065833711464,4,0.9837266887428069,94.76506089036437
96.64335942325502,2,0.2994575542450995,97.87281890606863
90.70019354990697,4,2.3711296618995297,93.48965408321591
84.70913330987983,2,5.805685574630164,90.6686339759378
75.06652556010263,1,0.6339091364966492,97.19263531420916
92.09415829443125,7,0.37564302739158545,93.55393628185166
94.46518295124439,2,2.179854827237526,95.5074333548772
72.43147618294634,6,1.571392481935471,91.93590283082474
84.46354711454907,1,0.5173722429699613,97.8023306641635
96.37350295163229,5,0.7584118203504437,94.90858096316109
96.28032485042483,2,1.4982075845939227,96.41616714100853
95.16315953048627,2,3.909656134562983,93.46657061504874
99.31668464124745,1,1.6119468759599784,97.2314979809104
61.19338056589916,3,0.07948765619037654,95.56428384086651
60.63903315373529,4,0.48718749352643265,94.24732666545505
93.2797523151595,1,0.7053652370061636,98.01754933135058
80.31028863436069,5,0.30018049757325055,94.65529783463013
79.50431040220627,4,0.03125609886870486,95.73770820146787
75.94189597537334,5,0.7162729560216048,93.93756725154275
60.37933420273501,6,3.0750399245316933,89.52891880069872
86.16375993853964,5,0.8068764727826128,94.33993622958785
67.35887042975335,3,0.18798823659082142,95.74235763757868
62.46765804278845,3,0.6204947067413297,94.97878925404983
66.53502295808411,4,0.6552168611540031,94.3404909145194
72.84699122181026,4,4.2086711244636215,90.39194421173417
73.83477167423052,0,0.5359635177563555,98.0485823624039
73.42534903529304,2,1.4878741537635363,95.2858184672484
60.26962254356269,4,0.17768937274104443,94.60025387988888
66.10308767379234,1,1.6812842097203156,95.48761333202523
76.83332814904269,1,2.962611079853365,94.48653311162809
66.82286212824769,1,0.22065136754509196,97.27636146535828
86.63197639902646,6,0.15612454676075177,94.34424936383841
81.92619719864715,2,2.7318380850421597,94.21810415788177
99.98788838636275,6,1.4704281065548905,93.43488069145226
88.1937027789135,4,1.17306952395138,94.80200171020402
94.53428518427768,2,0.2170198353246333,97.86629045682433
63.050959457554626,1,0.6198527840985313,96.60872463195949
64.5473992507324,5,0.8655192204128397,93.18874689804122
84.41509049420215,4,4.355890145340769,90.79368635030119
89.4015457220369,2,0.10503241295824556,97.74403839055195
66.1248261032395,2,2.8916331857389106,93.23628148227529
83.12387723712104,1,1.3411621290435463,96.7467993070038
64.66131282368505,3,2.3187282470782273,93.05059174469038
72.31311157037337,3,3.5399797317394315,91.96767990043135
62.14613234959312,2,0.5710578073483052,95.82203724866169
65.45491923922316,3,4.649213693488423,90.29368952977505
88.97686740692163,4,2.027629617462356,93.81568782939125
69.1482054860051,4,4.9565818243560456,89.309512085073
99.31956838899939,2,1.0866997105825713,97.06193876675088
94.05789800391926,1,0.1160952268757959,98.763580627945
80.27870249440187,1,0.35799796568595277,97.78433756589695
87.73028063358007,4,6.274238788366034,88.65742748563976
99.55550286352353,4,1.6582236913466373,94.7879067135602
98.40409219602094,3,0.27747540112959,97.18723412844554
99.30619317741909,1,4.663932109541637,93.56859112742099
79.91119647884211,2,1.4339887113697558,95.6747733702984
99.89601105278437,0,2.7657878192413996,96.67585516954954
69.4192318260306,4,2.555829843096622,92.20396577958559
61.95628537219791,1,1.7470459467393653,95.20135913252265
81.02464548316725,4,4.116055127066094,90.91196612167906
70.01695551408962,2,0.05563676976249693,96.83408365198949
79.84058181021831,1,0.5265866492901377,97.56012511136275
79.09469415386368,2,1.8585348916155746,95.1244928377545
87.02156648653181,2,3.316811521915295,93.77090449802823
78.74891395764931,1,4.321641617466293,92.95147575692292
89.7203763550766,3,1.1486971041302536,95.70758229279753
88.54017100717206,1,0.38768754043166154,98.1617835018406
96.07232549769495,6,1.380707140768501,93.34676770596255
86.99550726677894,3,1.7393424034451928,94.86256447920472
69.8673546155023,7,1.1000611872562258,91.57329430606764
70.10664802013883,3,1.0729321778144811,94.81781378762956
60.85411653018057,3,0.9389130350636553,94.51601018443264
70.12596332329615,3,5.276260057912109,89.77478609667028
91.7935829908863,3,1.2569266635397134,95.68136715329666
81.3942747865845,3,2.5261056719155683,93.63838693303055
64.52623131014877,5,1.589572987276394,92.31882398077576
93.05355710342812,3,0.6359601978538986,96.48952561774672
81.59897492617759,3,1.2381737306354044,95.1941402695464
91.57235160986453,3,1.4307450861439017,95.46172347712054
99.74768701627323,5,3.453110949033452,91.84365121197352
66.06034844224268,2,1.1348993367260776,95.34113821804084
86.10283127749854,1,0.9267988568508122,97.39298293565395
70.66349639223728,0,0.13599782239544816,98.36997743273733
92.06991475014934,2,1.584404604611137,96.1022102119741
98.17087104369789,4,5.455706088511528,90.16169624597106
77.63914511318032,6,2.358490438251358,91.25176872975739
97.92913333157281,0,1.32953403121703,98.3010158291182
94.63923715913394,8,0.40974178521450577,92.84027171569929
82.27024097300358,2,0.558986963959865,96.84272769189835
90.84116722322076,4,0.706949429629617,95.4937190456055
86.64786430028839,1,0.8671173388717172,97.49185240836836
68.96608264714351,0,0.9547050197638844,97.30265810864051
68.23818236793173,4,1.561488618771684,93.33812277587056
96.77103031004805,2,0.773242112514114,97.31066098048547
85.80070725023353,0,2.8798994989039164,95.83415596382697
63.043758921993216,6,3.4114022755834363,89.25850521539954
72.66423702621378,2,0.3234443125190241,96.64507867628787
76.8772906625382,4,1.1077243204911384,94.31459534853754
89.01910756409954,2,0.09353497975198843,97.7387134025026
64.75765307415347,1,0.8329039432406959,96.43839792181883
67.14567962342318,7,2.9732155053845517,89.1894253747097
79.88812010691862,0,5.375317245911782,92.5440253102518
98.60191598973432,3,0.3196580052118002,97.14650619323255
69.86588945339311,2,0.8022636591390448,95.9305780817028
69.12277282531838,3,0.7489095645218551,95.15744716383969
71.92147443188392,2,0.6107231211845922,96.26320597617269
95.36551853153259,2,0.13912333295359572,98.00132792703232
68.09291432492032,3,0.927416791989502,94.89174556585861
75.44281316431447,3,2.2369250012465898,93.68783065671981
70.11732715223766,2,0.14734377596052817,96.72905382645925
64.5732339531774,2,2.035918121583178,94.18555995175906
71.5547891771715,4,1.2576750514580943,93.86852939710886
82.77145912384537,6,2.1751676363742374,91.72837179254319
75.23250317807735,3,2.832724241422989,92.96235606919628
76.72819766460469,3,0.542609213101445,95.7852788275085
75.62183932159732,1,0.3803201555060264,97.52470777947264
88.23599244425304,5,3.654390907532454,91.02653053317371
89.47862218909155,2,1.848446055046233,95.65579584339909
89.34270090603754,3,4.396324296441279,91.79154588957235
87.00042770723337,1,1.6335578367271235,96.58975198128913
79.06681984638435,3,1.1769409258120247,95.14101188134478
98.31198366199945,1,6.73269996404456,91.0363592262465
66.27465318595462,3,0.29347929331368533,95.56155750732131
94.33598724832642,2,3.2333841161493853,94.23673842303705
79.48065944700356,3,1.391563104642307,94.9041572467794
78.65728814291823,3,2.0996775716476983,94.01325132116867
64.08484397312942,2,1.4742322390850262,94.83516351175444
98.80973807616787,2,2.601295355463664,95.218932477252
74.06643652479895,5,1.740212679258435,92.61506661112982
66.72292589217521,4,0.986829046149627,93.9519514392292
95.25289061654934,5,1.0843693410219264,94.46140132160116
64.75137685297507,2,1.6286562597102996,94.68318133099639
96.03244483781188,4,0.8017136666113944,95.63956584195692
96.77639067488664,3,0.8964209477780765,96.36311439641064
73.05044781868264,3,0.13840606184403237,96.08643511672129
92.09272724108547,4,3.6328247206730855,92.04524669724657
90.42778772344961,2,0.04222745109684089,97.87071644485627
81.0329295839137,4,0.5891978330699466,95.14460907951175
74.86891991624175,2,0.8584416862524517,96.11331597230915
97.89187853571434,3,0.3790965359602014,97.03967808363348
96.02861616807638,4,0.3083614026418854,96.23139712523356
97.68101107636393,3,2.802475861698897,94.12107951977951
76.11961597747016,0,0.8876507271733156,97.74079992626552
67.23432066320213,2,4.736124630839996,91.07836647615211
61.901567271251274,2,0.12313580955011756,96.34731539210242
81.87222296834537,4,1.9729044047827284,93.52612586267799
68.61317620013875,7,9.700603256162648,81.18993490261175
71.1848867861858,2,1.257557082181135,95.45017584069193
74.13394683464558,3,0.8702120380614928,95.26244289605849
92.48015757595167,4,0.1583783695364438,96.23395383535384
94.60683943220084,8,2.942143045069098,89.79977031752712
64.05829522030852,2,0.24907085406526086,96.30402973613711
78.88720179223972,2,2.007050654406954,94.93589930432364
75.13166209717085,8,1.3382088941486638,90.75073243188015
85.17402364110181,5,0.4226578579602097,94.75151175250284
61.066308997321094,0,0.3811300920876144,97.59595933936092
91.97283792037318,6,0.427859273304797,94.2852107680529
61.965781758207086,6,0.1739409288559357,93.08955997328323
72.07172971741362,0,2.2872278630888334,95.85891305016408
62.11087151485149,1,0.4369875793880329,96.78115848047693
93.65107262634118,6,0.46345307370776956,94.32640994286774
86.26190707644298,2,2.325640072514,94.92232726680535
87.03642927209378,6,1.7121374845897295,92.49725648209701
76.54663106909476,3,0.0583996579546715,96.35725196390914
83.5415940230149,1,0.32728950216628305,97.98433229855121
78.4074023708168,2,1.0979839473921889,96.00278938167021
92.74838852229234,0,0.6447199649125985,98.8637554682195
86.54058971173342,1,1.1501668260154498,97.14682929436813
98.12926785456872,4,1.2525763123997147,95.20337181784878
93.84478796759777,4,1.3880467860183128,94.82658325515791
89.57623082873005,7,0.30353723597198995,93.51456685827011
64.94518610421675,2,1.5564284599875662,94.77954515322575
81.02462390080163,0,0.08919188252634686,98.94420093600847
64.53364738725942,3,0.0805231163064981,95.73005462979518
85.41281562742387,4,0.9978595559266838,94.87320931425917
78.335634247954,2,0.805021107258476,96.35075638368752
77.12124522196868,3,1.4427500847152923,94.72476215944008
66.95337899912188,1,0.37201225235020624,97.10125424713584
74.44866475471935,1,1.2326549416892854,96.44324730770883
61.08073672157943,5,2.6794493015778156,90.8386976741856
69.65268935246453,1,0.36693479447874106,97.24231271424874
91.20083025107971,6,0.36909642816239074,94.31712579875912
80.55687412338901,4,4.573562617957893,90.33956856461998
79.99324610145328,4,0.6056003606136853,95.07294187233624
63.774396330425574,2,3.077493768706148,92.89572729407391
80.65620551494116,5,1.6644038613269538,93.03552564215471
75.6619679046324,4,0.1492788891877115,95.40396372820636
78.14101368193202,4,0.5255822566310394,95.07635197613935
92.47029061508846,4,2.8080692316943785,93.05383145272117
96.13030965362472,1,0.14200040623476623,98.83611499519952
70.45523341505452,5,1.779809117453636,92.38699072980836
97.07163382621621,3,0.3951900736364933,96.97935360294701
84.23379043583523,3,0.464724600786932,96.25402000084745
75.57739865913815,2,0.3451425499142126,96.76469887305986
68.01988282740271,1,1.4011485485508983,95.91961588310906
89.28672683496752,2,4.791531328888586,92.11449874708208
66.72305843349967,4,0.046007196062392036,95.08094428640011
84.51032963368453,2,2.5543153987272156,94.56033800321157
89.54843829601232,1,1.5263431496904092,96.84581013517213
79.83187499761311,1,2.281153920544022,95.45420904522783
66.2386847207124,4,1.2624534321498098,93.59699011745585
84.07078761487244,2,0.08838107620976647,97.4974820892919
86.3279519523729,2,0.29523304307611414,97.36211794592731
73.25926961603446,2,0.43654766223693325,96.5391062861174
60.41446188311116,7,1.1333583843443906,91.06069303294228
82.23994899336283,2,0.49493977448936843,96.9180697202809
60.41020597512655,7,0.6683271639487356,91.61851770201784
94.17155194987303,2,0.5311419387286676,97.47120727101925
65.35697404806385,3,0.4715930080198973,95.30193709277931
94.15565501133435,2,1.394577230591406,96.43429007385703
63.12116448020574,11,3.623777386020272,85.00752536078596
88.90196745784303,3,0.12749158355668755,96.89210847262413
65.65791782982627,5,0.15536626656527774,94.09645637161299
83.6460917186036,2,3.0635423231313723,93.90605379817254
97.76892566241284,1,0.4469955461890109,98.55205162769383
69.31879681262131,3,3.302156246988389,92.103352344245
84.7989529312446,5,1.0901139208557569,93.93181094153532
80.34435790546664,2,1.759828252296557,95.30542399251746
78.287115444932,5,1.7268844648506616,92.8420944144258
78.16876827139649,3,2.592042503489863,93.39798740938198
68.56160629775044,0,0.36834971428681057,97.98606065774335
79.17140418799332,2,1.5575488052907764,95.48951164305073
99.3559214544007,6,2.952849450697459,91.62437673188309
98.7891337503996,3,0.7894088949604419,96.59216601356745
86.20919284541682,5,1.584504462528724,93.40905428723637
93.62916329835093,4,0.4870234023652853,95.8970300820792
71.46633275170157,4,0.05509228506273883,95.3072058955098
75.95262359437577,3,0.3743271923830756,95.9484385488591
74.00414270298315,5,0.013562185389930722,94.68393251268124
91.2392854749629,2,2.1546243686234283,95.37641503140003
61.83069812601077,1,0.9698162781094185,96.12775537256924
92.64474546474786,2,0.5046262525220377,97.42668577021095
64.94690549819434,3,0.9509510362388274,94.70620403142313
72.91743044977555,3,3.8328104618558965,91.6464989682617
62.63984012007407,1,2.21091455870824,94.67889453555381
81.38698832733152,1,0.40918035812279663,97.77833298661922
91.10189268260768,3,1.7193981848577227,95.09181681230112
71.1378644274513,1,0.9974805199493585,96.55991659743333
60.478485988068954,2,3.0144598222674572,92.8065725126825
72.45305109679731,2,0.5493089712827438,96.36348178930058
76.24393366677072,0,1.630167301707106,96.85599592129
74.63094755853778,6,0.1910379083291691,93.70230188793188
91.17773652624967,4,0.02647675649541953,96.32711471851798
75.30964743457265,2,7.539221543863689,88.11841651909221
88.6615454883627,2,4.7308417927778175,92.15606712308475
97.12710641140171,2,0.3048451008979497,97.89054119949255
80.78313940404875,3,2.044202162506962,94.18611437519408
67.55314946615795,3,6.600772698502455,88.05673023510495
84.48017356687456,1,1.8017055641068453,96.26196200141551
71.30921879967755,5,0.4380237520548623,94.03983243751804
62.8805063383721,3,0.7070878986707235,94.89551983851374
60.75229450519196,0,0.34222253301897954,97.62694768563682
79.75506320135173,4,2.414523789737699,92.89032461238234
73.30762725324843,4,1.0492252796445805,94.20631102708893
63.71481134912693,2,3.2957934522200603,92.63078842479227
98.7140222048786,2,2.5441702428537587,95.28269681881942
82.8990873483298,1,2.994214005461412,94.7518975608628
81.08116654749934,4,1.6849194354988593,93.83215500477634
66.90022228780919,4,0.412816176177284,94.64963170297771
96.44702832380446,5,2.2072163022065787,93.17369185354232
66.77847040937628,3,1.284852830603536,94.39710012374456
66.82633485364546,0,1.2702323200300514,96.81703795864621
80.69661039849275,4,1.4940267530211249,94.0419984162993
87.00529718412874,3,1.6384399313162463,94.98413694162694
69.80745716862114,4,6.860869957422128,87.0573289095245
88.65241895754285,2,1.672983584808288,95.8250406461072
72.67822459834233,3,1.5541750093515874,94.36890121869521
94.53062333967894,2,1.1908929273214177,96.69745965419824
83.35833609958685,3,0.855083914528338,95.74181610754533
97.30932284845807,4,2.131896866722328,94.10718990235611
90.13226952705604,1,0.7625741447427404,97.79152450266152
93.16161613884614,6,1.2769444124917704,93.32574751195219
74.46819622175964,4,0.24530279002537028,95.22904646305754
78.45390104760986,5,0.43944447163464306,94.39536168641892
70.48890583487585,2,1.488063647874334,95.13876891429459
63.96311458080601,3,1.5292322450441476,93.96307703498732
77.25281034357323,3,0.20068439814078415,96.22181923940973
69.46072883378882,6,2.6669215658114442,90.47273056271571
69.50406135468738,3,0.3583129068803144,95.64522757947799
87.68053562275648,4,2.469507526610245,93.22061774920553
95.87690964091104,4,3.0513298303662264,92.93224968560608
87.37747056741662,2,1.7847253613296101,95.6272030947753
76.36004564322292,6,0.16823170978841157,93.81612423041506
96.02264941273816,7,0.7003617915873948,93.36069832073204
85.45304904078911,4,3.585959261277857,91.76950133850603
60.27650364678669,1,3.8499295339447146,92.59390974160567
86.50990755850458,4,0.7202945781755191,95.26114188411461
78.65096962136894,2,0.33093931393799547,96.93542130434285
73.41986881323713,3,1.2216316170758104,94.80503550017089
84.4500355256371,3,0.2545520195468754,96.5170393528256
98.75855772161779,1,0.22062724906514092,98.87317518720272
79.43200260403823,4,0.4436979349228032,95.23916260829455
83.57614452810186,4,1.1819268163238312,94.5604950468165
73.93650647316912,1,1.665146843788141,95.89864911111269
64.11590936064749,1,1.533903186308228,95.5651116444625
95.79743723570635,4,0.39213641973942825,96.11930815809801
69.52053647585467,6,1.2314850142692677,92.1982448066696
95.24537655792474,2,0.8182692239846763,97.18034575911463
75.47979239234313,2,5.371231747538908,90.72851152257047
60.32987301092544,4,3.2050679663375137,90.97041209094125
65.57920559334606,1,0.26461520204997047,97.16142203720734
64.42583392373389,5,1.278487220724211,92.68710703131764
75.74514736846203,4,0.9694110783307153,94.42396407442624
72.72892301015679,5,0.3594828176835771,94.20506676928754
86.41648667954445,4,1.066394807071421,94.84115056549152
88.18959962843323,2,0.42353070770173384,97.30124313217958
62.529157129027865,2,2.5718486887770227,93.44023942991896
87.346171378543,2,0.9197698599958304,96.66358473693215
95.4098297204225,4,1.8901427833973816,94.30232014594426
92.98311676074826,7,2.281006802654911,91.31194767485152
92.91863360709692,0,1.9827813152391915,97.26659410206781
91.35260978520951,2,0.8751984084720625,96.917392399094
92.72718598886962,5,0.028302114228613777,95.60239676236914
88.95543360446263,10,1.123310226651701,90.0997994082411
73.14831727898083,3,3.8381768495849213,91.65160364444714
82.29095986937274,2,3.2107163865445365,93.66168832961519
72.67976905772119,4,0.49401859212068966,94.84116614234124
80.967522850812,3,1.6315575007206307,94.69050714167584
76.93359882484658,2,1.0670157549869796,95.96626103525796
72.24751900307442,4,1.5517381889980166,93.5502901233561
72.669081748253,3,1.4759574484468385,94.46230514927645
84.35593653026493,3,0.8759518606504062,95.76665459373275
94.56034734249923,2,0.4366713916255698,97.60401169717427
85.9371550183991,4,1.9132796752777117,93.8009221405867
87.60682998988412,5,0.046939859745351906,95.32401366779979
96.54041261633029,2,2.784111509119228,94.88608681987344
82.1344902238209,5,0.5691639229997866,94.4237278035913
79.95077806220522,3,0.5435429214151093,95.94528739741213
79.3501660670361,5,1.4807624997930713,93.19059330360012
84.45511754640528,2,0.28401755370699466,97.28193481287187
79.09180850526175,2,0.8218672434458346,96.36834973312808
65.2546271063784,4,0.18810929577696983,94.83700020038656
62.07272513871644,6,0.09012774107347679,93.19548296764765
70.99214822277551,0,4.0459197425328215,93.69450372009939
72.15806634752701,2,0.2479572521044962,96.71035461485096
72.81463681316542,4,2.7498007548552046,92.14097093483203
61.79365499990293,3,7.942827465340834,86.15828979158614
72.20331408176372,1,1.3637580033590626,96.17365610005731
63.56907996055852,4,0.15323158267486078,94.7945760988181
82.8806456593719,6,0.7563757210230266,93.43638141774096
69.51840671137181,6,1.7378668664952128,91.59048009577434
81.96037929049133,1,0.4481299007821304,97.76026308358601
97.22734786862623,2,0.22379890331055116,97.99280870945864
68.3467587455482,4,0.6618157601548874,94.42315902509155
96.41664191935952,4,0.40998862929242647,96.12884574081707
64.95948826505469,2,2.5849936021646607,93.54598209065514
83.62391175619075,1,2.2770944919694482,95.6486821974462
67.92260056965,1,2.3870555494741454,94.73166336911352
60.921578734201624,2,0.9839453002516078,95.26534457640815
71.34751838466835,4,0.1985461016514827,95.12912059725164
90.50117009001545,4,0.002287584285880716,96.32231340335771
83.79302165513543,3,3.6033916299370548,92.4655811268323
60.26024271520051,5,1.1834187217184897,92.59290966969783
87.39978890590345,4,0.6751648373408402,95.35979164048616
86.8645905354894,2,0.015171571068878313,97.72502364149182
80.32323096894316,4,0.1423867310580973,95.64529747117744
88.4234865962939,4,0.2113742285097408,95.96752525560301
83.75156614356627,3,0.15344443794455126,96.60344498164486
71.81368809075627,5,0.44502356474996013,94.05665612683786
70.25870763997284,5,1.607166667758623,92.58433538068829
67.77849950929127,3,0.6861205844623841,95.1655802741097
78.21796211555841,2,0.7713491796216099,96.38527909023199
62.223403965683524,7,1.0393102256306908,91.26399792752734
99.75722398819636,2,3.0807530761591444,94.69095750801884
87.9085293828839,1,0.45150881843498764,98.0536158870222
96.6309343597108,5,0.24623946654503143,95.5360593581315
99.75247252140177,2,0.5044044754270229,97.78233825555766
95.56464574410157,5,5.665049577763401,88.980172793889
63.15255494049809,3,0.5627584190612654,95.08231764415139
63.77971473329981,4,0.22487487530277395,94.71913588630166
80.52876356409044,6,2.3394901284315726,91.41905002408663
60.998840993587294,2,3.780725068923675,91.91307196697096
79.50675316924318,1,1.2964968052046788,96.61954149221654
63.514464715958766,3,1.7223268548405481,93.70893100998929
76.26356283503637,3,0.10922957714741424,96.28210264917492
92.97377070331748,2,1.3521456561704113,96.42611374776138
60.498336474737734,5,0.12134855815920148,93.87929855394584
88.88715821469691,2,2.4933671635987915,94.8523173144163
90.11929720530448,4,2.6063713984082613,93.17831918217531
66.46954118930182,1,0.13771375202887154,97.35822055703045
94.18712464645421,4,1.5498241860622306,94.64956720904803
88.87334406103082,3,2.7885663183178337,93.69738762107013
95.93567000910198,1,2.946674365934232,95.46077426133402
75.0836735130033,2,0.712865895478342,96.29874460107615
82.65723596534241,5,0.3748254067541411,94.68307131016215
61.979339485854894,1,1.0514153165521416,96.03726859443017
99.73012284739175,3,4.050725881743036,92.72563508427794
81.16138423370937,4,2.0692892888310697,93.37492206508819
66.18152014771813,8,1.6967247987191416,89.87300624892293
80.86720130053746,3,0.2524716667077547,96.34039406497757
81.53428627203103,6,0.33117138780023797,93.87930864824126
64.40466974973889,2,0.4233198807714288,96.11224963056122
82.90649636482564,3,0.4637587309220421,96.18881434113483
65.35703049943099,5,0.027032207447656418,94.23541287603436
91.59107629579135,2,3.7261494634762142,93.50817445861811
86.35352863064648,0,0.022381511014987567,99.29081861831433
67.9827239012112,3,0.7086993146164489,95.14869701752082
73.1735172003863,0,4.658372243199793,93.06862916817957
65.55983536545895,1,1.0116151992961695,96.26405352911755
97.28664459769996,1,0.03394344045316698,99.0236001013412
90.83592885544593,5,1.7825883330100183,93.40269044316028
80.8224256438184,2,0.8500718170872383,96.42103510168623
84.37568372345312,3,0.3766069437534302,96.36685585366854
95.72024255367612,2,1.681699171897991,96.16797312140622
82.9753549990182,6,2.3484783357898253,91.53059374700312
69.84436948544685,2,0.367752766290023,96.45091515472431
79.31682791248012,2,0.10973856392848133,97.23415511890983
74.77333591219028,4,2.16938337135657,92.93540674998162
63.51121046957594,2,1.0202677823152528,95.35123918470049
73.08790963422236,4,3.288488334029237,91.50820948087603
85.51739977459002,4,3.245930134956805,92.18075382678134
83.45168880982571,1,3.0520052081629103,94.7101781906958
64.80550076693068,4,1.084215514513175,93.73921642093072
71.08921892778163,2,1.0877694483375155,95.64913760838407
84.70519283049035,3,0.17107769985983387,96.62996640169271
81.66638196661462,2,1.254141561831426,95.97834922413301
83.94400947334648,6,0.25517780465161916,94.09098710808539
77.79790409141418,4,0.8847866194098812,94.62815126127884
78.16774708317138,4,1.082742012146471,94.40909693958281
70.21398234137227,2,1.2664823329768249,95.39092031749642
75.49920022091374,1,0.06624181533803603,97.89546983264005
95.43494069250335,1,0.2956908880909973,98.61691796891597
92.95504700390416,5,2.516407543345254,92.6280632981809
66.8239467770984,3,1.190769869840509,94.51227349504632
87.9265214721462,4,0.8421091905326685,95.1857950449681
88.06767005681365,4,4.336843432613416,90.99917138370458
73.73465463521354,5,0.5866696795412889,93.98272911631113
86.15697960269256,4,1.0214289876524094,94.88213419495173
94.60918383441785,2,0.16746897252949294,97.9294964246855
83.46866980964936,1,2.2183850530833142,95.71137142678249
90.02768234302002,2,2.684295801453081,94.6802291554073
88.84350434791168,6,0.612656600812328,93.9069872964208
90.83748149938714,2,1.0336313301768187,96.70151647875717
94.45745853933064,1,0.2604437580372927,98.61034041732178
95.79263000243742,5,1.0303157920253763,94.55325254969142
83.55587126058894,2,0.9884379998143877,96.39166796325217
66.31365643491682,3,5.015704812302199,89.8968370469832
60.00022146702952,2,0.13054365339616636,96.24335868927608
63.067257489128814,5,0.032777606092903096,94.11402974714495
95.53239865923645,2,1.6842089113831555,96.15556923930204
97.95821888723623,3,0.33810180166202874,97.09218878236737
92.83739627595457,3,0.8242833823746856,96.2527297549481
99.6022183109934,3,0.3994408652347429,97.10078187726798
76.92841020701289,1,0.7024061625823089,97.20353311525187
73.84979607783362,2,1.3998942664952132,95.41261668409743
80.17347365818509,2,0.08744381434444078,97.30374110569592
84.76753852419647,4,1.0111080281712261,94.82504729240435
89.32152854575415,0,2.259465917301589,96.7547173265258
99.18044948371544,2,0.2334309938435282,98.07890528157354
79.72772836785391,1,0.029319875763349906,98.15120256747667
89.1444576669092,2,0.6723941007487735,97.05034996244693
67.27477729686666,3,1.6049593893513598,94.0377875976217
81.6181983568537,5,3.144096599560083,91.30799399837059
93.15447285872222,1,1.2520535097692824,97.35525943121297
74.21027958241142,5,0.3192558857425944,94.32740691622946
85.22164018169404,2,0.31890456181673205,97.27839653490463
82.33858569745891,3,0.056612160197204046,96.64899469263631
63.79708011299486,3,1.849727093854484,93.57018149302436
94.21408956020267,2,0.16867409141876594,97.90829556830761
85.92674153897498,6,1.8186126814391963,92.31400185922172
74.85633323450543,3,0.5338452406851738,95.70220237290306
91.35030352845006,2,2.353385588102993,95.14345247069892
84.81351099287905,1,0.4567193831803521,97.89261228982753
83.06120418382247,4,0.8098581535059917,94.98123042498393
83.7408047417924,1,0.35465869411010653,97.9614498041575
62.47322885248486,3,0.6002770337334203,95.00332900214414
92.79209326359134,4,0.5340007976697951,95.79880370597581
92.92186299315425,2,0.06634306219573599,97.96648147502283
87.81461190806318,6,1.6875482325928863,92.5656727162917
97.86836226877281,1,3.586212487459986,94.78996312848666
66.41996475416325,5,0.10858164979180195,94.190700257958
86.20971994683711,7,0.4592552885021981,93.15937965113922
99.42406671203474,1,0.530085868139105,98.53510029383482
75.46046852512222,6,0.8949832729346676,92.89904349873451
76.97524315912814,2,0.6142109530112102,96.51170901434296
84.97623212996685,4,0.2688876618956324,95.72614641222359
75.68861143117265,2,0.7083087752908912,96.33446004120957
92.74597942870926,4,0.7639769767250564,95.5205265993654
80.88317915274558,2,0.07199141181268057,97.35776926346206
94.03439704221601,2,0.14124002205939587,97.93223182563952
95.1000868456334,3,1.0471303193560875,96.09844795905437
87.29843914579708,2,2.4037345032885633,94.88044055334358
73.37932363253884,6,2.1216113901182676,91.32303251348502
91.38083040879206,5,2.524699393330816,92.53940224844263
69.36502563674317,2,1.2818871329665642,95.32998672227728
96.34608795133596,0,2.6273806773408177,96.66444758475782
80.25884842814027,6,0.41657022810788014,93.71305814767756
89.69713214912241,1,3.167509817400801,94.88384482657516
88.23528771651353,2,0.4993354463074049,97.21256185025679
60.38724341118598,2,1.2537521722577847,94.91485956384996
75.32690649890533,0,1.8259866371010907,96.57516136042396
89.17119335364414,6,1.8619645045967708,92.42420226216608
82.59818016198764,6,2.3908792754857027,91.46085387751654
91.4478841187653,3,1.0450811299683835,95.9182968499762
97.24552003354714,2,1.9533788542256167,95.91822137660662
97.87349544549909,4,0.7755025095910846,95.76307176076565
66.25161123927364,6,1.682041034308292,91.49413132079373
90.28647395288385,2,0.661953376507294,97.11997964583544
70.65849727168856,6,0.7408664183748934,92.84388516153456
79.42547972310746,3,3.5160857533629954,92.35197108211977
97.49986610017044,3,2.5490148305239115,94.41617550837982
92.59232506357266,2,4.381479136207967,92.77184128972907
71.86565167701585,2,1.7400269851981034,94.90525020161307
72.00079255367244,4,0.7448888170540526,94.50617304721877
77.21581307497263,2,4.418414444318986,91.95869332056584
76.64316326554743,2,0.15841029344575372,97.04206581114246
65.9431391643545,1,0.8169878672767565,96.51677151748562
84.95597076176614,1,3.8066575619885104,93.87980946370209
92.91388722129287,3,2.547674428563657,94.18848504678826
66.45470891817476,4,0.8214315280200379,94.1370176122847
96.9163705682329,3,0.3352018789555466,97.043576273665
70.10558970416385,3,0.867984676598036,95.06369787329055
66.50533014995554,3,0.3885409820833534,95.45901732899776
63.04120430549305,1,1.3292558115703612,95.75695324139022
90.13994150344806,5,1.8513073475552568,93.2854282581061
86.10474392789015,2,0.2126551003990384,97.45005107591567
97.32380489087686,3,0.5276105790646826,96.83305754966622
83.88697437312196,5,0.480231285239187,94.61807117636907
61.0787951320211,1,3.4652270991825036,93.09566723758205
98.14101051736232,3,2.430025277876865,94.59102019241588
82.36647726213471,3,2.377387237567062,93.86545917802626
78.1506255691363,3,2.043408364139606,94.05544124148929
82.99556491175987,3,0.7126221404754443,95.89463167701746
71.6964586043894,2,0.750113079407191,96.08468723493084
75.41977773227694,2,1.5448239627326767,95.31720013133463
66.97754426145742,5,0.5694291061489818,93.6655622856941
73.6669605556419,3,0.4227093194940647,95.77609684438922
60.74302383060487,2,0.21546160228674,96.17859726878615
80.39683578739576,2,0.030491774530202135,97.38325165993355
77.90255077564241,3,0.9952323994865835,95.30084865939821
68.25864008553721,3,2.1098631462839537,93.48109622873612
83.41856378371769,3,0.517564094524458,96.14985127575653
86.26156447509479,5,1.06766668447521,94.03187820238449
85.92987290184328,4,3.1776808062609696,92.283276677579
93.00095812204732,2,0.12305350686808819,97.90238369786066
76.95019022155233,2,1.4882939172086151,95.46155681042728
86.92822293157586,2,0.5637699307030609,97.06988722973512
78.6082671840005,1,1.8623246837355425,95.89562373871738
88.50847728501105,5,3.5600361840307917,91.1533804434136
63.49607543571809,4,3.019943401620456,91.35087168984136
82.07056074158558,1,1.4913302226533152,96.5139317698953
76.49831387419331,3,1.8210741943097393,94.23962666053798
80.8546303577672,3,0.003996975974384868,96.6379351467191
83.47041063085932,5,0.6160990875198061,94.4342016265192
62.73938657777631,4,2.8581029391502097,91.50724580190857
95.09981113541622,2,0.3825834792615752,97.69589038165692
60.848322025256614,2,0.1661479165540426,96.24303860139798
72.55076766351254,3,0.6034642894994963,95.50338123577623
68.7190871980791,1,0.5238481632702494,97.00733656397965
94.38469838402492,3,0.3905963019349471,96.8505193568793
88.84862362224592,2,0.5711434389152781,97.15705905441396
61.143187618020946,0,0.12428235655906064,97.90802055303017
71.05307715882248,2,2.213731425427006,94.29617614742871
65.65612974315599,3,2.868496906717098,92.44061019909728
73.1623765640483,3,0.7381228921704005,95.37237135759793
70.3773890378115,4,0.40367035544724816,94.83446502535388
90.09318477549016,1,0.09312277631891155,98.59291190719182
96.89505818979758,4,1.5906709354715582,94.73594778692402
79.03931977949038,1,1.3474019936878228,96.53508359654913
82.26912860862231,5,1.4925288070767446,93.32242186193902
94.94984393634041,1,0.183250648690041,98.72759141838897
61.07983967020808,4,0.16683359728582078,94.65379166676742
94.58141751917789,5,0.49796772740686224,95.13150960307065
71.5510143764217,4,0.36990440249491935,94.93366543582718
86.19625632830943,0,0.5429439695671525,98.65828005293488
86.95887246904459,1,3.169104038178145,94.74501877763845
86.97284397726435,2,1.2811380770863896,96.21127650635955
66.21250375618673,3,0.1689085263385762,95.70793495620305
98.56443810985286,4,0.5279120845029471,96.0947274040891
72.54605634578081,8,1.2721329425163461,90.70074328626943
87.58273265813276,6,0.20719167981720932,94.33050661712599
93.82630636025071,5,0.3056216068507123,95.32456938979168
71.39406944656233,2,0.9797809006407638,95.7939663915592
63.68789472951364,3,2.446550794013029,92.84853378366005
83.59242983070155,2,1.2933655540048001,96.02758282672932
99.5827324617618,2,0.032391987576110205,98.34026623799676
61.44440447928771,4,0.5987928803055992,94.15366876759767
74.8059972218908,7,0.49856047640830137,92.54202728940457
87.17421838051126,3,2.3732496254679747,94.110811368464
94.14410631840317,4,1.217343023727421,95.04639368744725
96.25935721984844,1,2.203232804416573,96.36908849569254
64.61608278494276,1,0.4800624071306078,96.85472925069041
67.9325663557476,1,1.4157010770891683,95.89778702528038
87.52502414336348,8,0.16906998630782094,92.77336722359878
87.3048499958723,1,1.040814899113168,97.31626462085781
87.19530140593892,5,2.9166442888580515,91.85979192366729
75.69802055605898,5,1.8358871242897208,92.58183647865528
95.81526488138924,2,1.198968314428241,96.75200126675557
76.7009842386413,1,1.7442878759452132,95.94190376079781
99.7094876310857,5,1.842315908014505,93.77469529193688
98.79489356097073,6,3.142715326561854,91.36848628617432
63.93418022760582,2,0.2580596375861891,96.28703744627687
82.21867509595488,6,0.6862485478655578,93.48743549735907
70.5357972447341,2,1.957855239401178,94.57736357495529
83.92385361907013,2,1.147312141729201,96.21941811087846
60.041085544431404,4,0.8461647118074174,93.78665662305266
60.641293777041206,1,0.2439941719185149,96.93927168254984
91.15050433387992,1,0.40223084363911354,98.27484820432706
74.28392920623152,0,0.22915961141857719,98.43920492660928
72.95387017910079,3,0.19848084709517044,96.00951649244084
85.36649937285674,2,0.800829518577922,96.70732954634933
89.35951336377542,2,0.511494991152009,97.25418167880636
62.98387837332501,3,2.7683838454226994,92.42713330415901
75.1027474059101,0,0.4511224746025468,98.21379040077245
78.71246798101107,4,1.4634621001525532,93.9794688788675
77.57006912821592,3,1.818483136697251,94.29632369237409
63.480469032293705,4,0.8276132354446915,93.98088756908106
60.27179709596571,2,0.6784322399340845,95.59947116687738
96.92863541576469,4,0.616614639247949,95.9064942036907
96.35054532158478,3,2.2800001948828355,94.68152703221983
80.50029240344142,5,1.6196960365222735,93.08137937634534
64.10829202718557,0,0.15099588641551126,98.02421953766067
72.77529946249904,0,1.4933713774050523,96.84671932023889
72.6617815352906,1,0.3663622718158764,97.39345435058547
76.32013701318795,3,1.9149877537865976,94.11802154611549
68.80106788846872,4,1.0916713898906032,93.9300477265547
80.99151744604386,1,2.295216550147104,95.49531601212567
61.47023298514637,3,1.3215530811872327,94.08764795183264
60.12392146312733,3,0.27821021050975925,95.27234382054465
86.7700025753531,5,3.525933309579047,91.1073801572728
63.6867064963423,4,0.7383664766768745,94.09829555280487
93.16087566661676,3,0.4261062636932283,96.74671626689896
81.5392230450021,1,7.839809745367293,88.86918945780936
96.0173290976564,7,0.6855860929206026,93.3781631433781
77.83683806941508,6,0.7867424670189637,93.147750943048
92.24367428623728,4,1.1821898915234943,94.99355584448367
77.34138377817726,2,1.6489860517464172,95.28828592681316
82.3412317632411,5,1.2141792530556481,93.66004648449528
63.824251365568315,2,1.526262785276233,94.75969722594694
75.37401337376598,4,0.08800558414183421,95.4630939677181
64.26968071577744,4,1.9631607855973203,92.65769109307209
83.54496559709257,4,1.3151104093819925,94.39911578859623
73.3387415913923,3,1.0362703984288644,95.02341260145498
77.24658885555647,7,2.495311751980335,90.26795534040141
66.4927798128811,1,1.4647419056574889,95.76694870385506
78.740726536203,5,1.0095791679182622,93.72554132530823
99.48255216939498,3,0.6559904011208826,96.7869391271247
92.06754863989305,3,1.9546427933379298,94.85780607998913
94.63909268171777,6,1.6862121477977268,92.90850005672861
88.71202537837176,4,0.7859734704055548,95.29243310443192
77.35689956529399,2,0.5515993993268465,96.60592569907249
78.92190017846183,3,0.5198819902885653,95.92223662057681
70.18769528988277,3,5.019473837446975,90.08601615955777
99.9696232089776,8,1.617408112331136,91.65759142565152
91.01781585111058,4,0.37655245470080356,95.89902784691456
88.61629819305982,2,0.27716567598723035,97.49821609846832
83.18828956391575,2,2.190665918472751,94.93061537602848
72.58848333802983,2,0.9342473327150308,95.90832736764345
81.1866766531806,3,1.4211317193132895,94.95397576948308
63.58674427056465,5,1.3379372066588129,92.57381256553765
67.88530887432202,4,0.23240271253127937,94.91538218867856
82.51488301976028,3,0.9694470280448222,95.56240771733422
74.28074576354165,1,0.531361583217239,97.2764033883164
97.67448776366888,3,0.766545948844455,96.5638692495701
92.25810270781606,1,1.0076512439225618,97.60372364268373
66.30590651791307,5,0.4523441149491251,93.7724823879567
79.58158741009214,1,0.7598604437871983,97.26724683795997
97.75545186938217,3,0.7111284550320138,96.63441844743069
68.40296780347126,2,0.516477597858458,96.20037527274341
91.15793530209217,2,3.7601653054849784,93.44569839852264
86.74642094163886,3,0.9633129764743931,95.78134547531268
79.41888600958933,2,0.10141255517300635,97.24924923427186
72.20036949986901,3,1.826808922978152,94.01784776741967
90.9260296755572,3,3.6003437046274143,92.82588903822496
84.24191797096066,1,2.0692777242991562,95.92896262938905
79.13092210592232,4,0.2624287926275596,95.44163155414304
94.67738615783195,1,0.6103171129648108,98.20148877233382
94.61822666955881,4,0.43774048668620685,96.00562274945449
65.41784782287313,3,1.4302443356694237,94.15459918834034
69.21251015053696,1,1.7120267353924907,95.60619342505586
81.65265526568214,2,2.4243957322331973,94.57335788460426
88.74249251939304,2,2.90869845270548,94.34668648272307
90.7962813204665,5,0.02311567110664394,95.51207526069535
89.39469867876532,0,3.089854296554461,95.76190977807292
62.252050084142795,3,2.057084102510242,93.24410158119485
73.6176226457304,5,2.8739852000334283,91.23209889224641
89.98647933833499,6,1.4698407720321536,92.93551504047817
94.18287227583917,4,0.35847721779801545,96.07897095243435
69.37802031045162,3,1.5199371040540095,94.24497649065776
69.66106235817436,3,2.3407202630285653,93.27418880227444
89.55724725948457,3,2.214971666391893,94.41989636330396
85.90265463049036,2,0.41550145180652964,97.19653098935669
66.3131608979656,6,1.3292770881258469,91.92052553914726
63.13344884989086,2,2.1302861323235898,94.00032908370623
77.02709923962286,2,0.3141654426751278,96.87435643077099
71.07907463847404,6,5.372875458068629,87.30650318224134
91.87249446345231,5,1.2343161207981705,94.11244537821482
66.36667092342907,2,0.8626481500811412,95.68315576607408
90.23211517103746,1,2.712099831465336,95.45708596079346
84.69095473853449,3,0.7078792477357657,95.98509263964381
66.23552652748194,4,0.10390142860949617,94.9870946120427
66.4631592743926,0,1.6101018667638645,96.391035723603
85.35517872753283,1,0.2361824268127337,98.18434002420136
98.12965653274568,4,9.440386096949085,85.37801951029839
90.20341854286539,3,0.3850318948174276,96.64813265336235
81.98129828756898,1,1.2342470427806922,96.81796846304162
96.79248192840957,1,0.1704153697001555,98.83512565278029
83.3231077503478,5,0.07302261280090377,95.0785282521563
84.48307138501646,0,2.0162320019604545,96.80467516689828
88.49882949403877,2,3.5219789465354996,93.59856673885935
96.06440224753288,2,2.2373357232386777,95.51841724449022
80.1649966215145,5,1.3316436531145093,93.41027744733832
67.19370998724946,0,0.6118637074140822,97.62544905046558
70.64416332216263,3,0.022384392776145866,96.10534689477676
61.172538301902286,3,0.6563849713974481,94.87096494941818
62.22635627028665,4,0.21751609531012284,94.65029849914218
64.48984030179584,4,0.32618094860349306,94.6330748767656
85.40984373815958,0,7.547545471639115,90.21343762094104
61.070356259709165,1,2.6723456358198563,94.04670305000163
70.28756847106972,1,0.12324632400857474,97.5664828347432
84.31864194162829,4,0.9118545561507037,94.92170662970057
97.88325799615383,2,3.8339064735910426,93.69347513149845
77.60155222092743,2,0.23999773810477326,96.99208032532064
61.867030112327186,5,0.3666678689482771,93.65335006287843
97.02458336039322,6,0.1494648231662592,94.87187138022014
99.02480462863457,1,1.036777162493743,97.90710763643924
84.77201454989802,4,1.866016273023507,93.79938119986669
69.03431851222746,4,2.4306029187304303,92.33499242313485
65.47337645130382,2,0.998800943488517,95.47510769037898
97.6010608812422,2,0.8172104449997213,97.29940051006244
78.0656410907095,3,1.2330171826311926,95.02366143537805
84.94126612976444,4,3.605170566512494,91.72085862667323
87.75710325950499,2,0.27113368179987773,97.4624947448154
99.7073180833464,3,4.847883354346015,91.7679058789521
63.645290056772,7,5.751514477196482,85.68044713020282
81.03734058691244,3,1.905112007529222,94.36573262031055
83.49731435537568,2,1.4650562405986718,95.81679822905038
83.44931956610287,2,1.009673747071621,96.3608574818192
98.99278940444646,4,1.9150616977124673,94.45156543296736
76.86336023162545,2,0.28502325718669563,96.90114010295724
92.46280312298734,3,0.18207827237946206,97.00464622929401
65.74341080527736,3,3.067757720697587,92.20586127542677
64.36720715536595,2,3.285376081222709,92.67590906030105
88.15740301616381,1,1.097767627414123,97.29054899791124
97.28558525663351,2,1.5290331749964823,96.4294394528359
68.43587903556386,2,0.2280723761966773,96.54810710034218
87.97961498388705,2,0.14175256896336116,97.62887766643831
61.878372132900445,7,2.345683738940291,89.67909811991667
76.29441414734536,2,1.2483302951409379,95.71672435319815
89.05345871115142,4,0.692548387492034,95.42161487056713
91.95968354133383,0,0.3962788526013479,99.12244955394507
73.8233917153649,2,0.2865001892042839,96.7473693587231
70.36661409477304,1,2.19772677272994,95.08105857746273
76.4813457580184,4,0.76780490306482,94.70270140422313
75.85133424269848,4,0.010602714662207854,95.57984345454028
83.6536253326672,2,2.46898679359123,94.61989711432389
99.05106863886508,2,4.256545088107238,93.24469932621457
85.95357296009787,2,0.1015231893558345,97.57585082077789
81.02978420474176,3,1.0068223333724322,95.44330241019017
75.37038520272277,2,2.9360254474207585,93.64528872323123
92.45344895441353,5,0.7497658207915803,94.72295346277077
66.34652176911723,3,1.8341711729090469,93.716320680965
80.48586724190598,3,4.5125135943840355,91.20927704883445
74.8620746817461,2,1.0454038412852997,95.88861912454495
93.50851847839908,1,0.47644607642109227,98.30369063221464
64.03707900113939,5,1.3766033927474168,92.54992987876007
96.64015043782682,1,0.37052327943743874,98.58737958656641
96.89766375567737,0,0.7532442962333632,98.94099003230383
91.58978905331912,4,0.44208874836891954,95.84898295462325
92.30399053588053,1,0.6159619605753226,98.07604517410364
79.6389581998012,5,0.7227774862483212,94.11461492649208
84.65746003998258,1,0.782372253991893,97.49402629720886
81.33762731415743,5,0.00482333093812812,95.06109336858212
72.41911825784757,3,0.12300334940301574,96.07335189360876
81.26420526601598,4,1.2924066656733815,94.31232226449274
90.67435021280917,2,0.6421112612252977,97.16318399717011
67.50169160020018,0,0.2866813201238836,98.03106699586135
92.32977308325948,4,0.941249403797199,95.28698936960633
62.568528666804625,3,1.5011777361509413,93.9270131499591
82.89861395817923,1,1.455180654946443,96.59871391197323
95.18309896137308,3,1.162406383831724,95.96426728747059
69.43526809375226,0,0.7719700626405388,97.54539932951897
71.5057893661593,3,0.2008444880771766,95.93427608261536
92.25296293954116,2,2.063583712100844,95.53634769245605
70.98465591338456,4,0.5112179049037188,94.73577130978477
73.09764933805994,3,2.628461593516977,93.10072855468262
73.62875065228022,4,2.5093722970455783,92.47019077615931
78.59524001485832,2,1.3837256988861082,95.66929116207959
97.49965078778942,1,3.0674539849340645,95.3940377574686
71.3900432129384,2,1.740646239197917,94.88072667360942
77.18293404151656,6,0.725262032453332,93.18883226313183
76.3000792493207,3,5.1376567723177455,90.24981583568474
91.15942007886161,1,1.8635672713051128,96.52169027837695
89.37436179879333,2,3.7000359982006135,93.42867489209893
70.34596138451101,1,2.1443340248924736,95.14409723935458
65.08103588548562,3,0.5180700564881542,95.23236772648849
62.780356693369754,3,1.0071732249422938,94.53040996473774
75.94814620703262,2,1.5605959910459388,95.3246921210965
92.91972124808848,4,0.1867481059466204,96.22188833526847
85.54496568554057,2,1.2507094985920286,96.1763968859666
68.72847444077361,2,1.1830835343527923,95.41672348081534
94.48780552130475,5,0.9556482460076632,94.57761238085604
70.71430589441985,2,3.990094708753356,92.14760164421696
70.85853982794143,2,1.769165365227162,94.81992855312447
83.62211604136894,1,3.9603555772200263,93.62867910940442
73.23547760241462,3,0.6651972940931907,95.4635371272089
63.16569583732077,1,1.043572008058793,96.10599838219548
84.16834303174619,4,1.9728186961599543,93.64103471619536
97.27277073024456,7,0.06979674735260077,94.17988243968911
68.5793583148129,4,2.5876216195469586,92.12382197228429
91.76643903882928,3,0.8069352144290788,96.21999969462657
78.73780251547078,5,1.0532804633140171,93.67295356979672
72.91607959146683,5,1.175242784259221,93.23551263846228
85.00740875044806,1,1.0764578642682507,97.1586210004005
63.92619026833447,2,2.074494376573735,94.10691626152824
80.56794770381092,2,2.9788179893526614,93.85381579796736
60.50713508223051,0,1.4182083884707581,96.32350668794662
98.94083703160331,2,1.4756992121682966,96.57620279697821
92.9055098808831,2,0.24877450761493494,97.74674608490623
82.73406380104083,1,0.40118601512840457,97.85527997189796
77.75698132854521,0,1.039033843232593,97.64100845454814
97.14697625576326,0,1.495376430127207,98.06289709663551
93.43369460606169,1,0.06646050832384537,98.79193212031447
85.75612237743209,4,2.099756627491449,93.56809816588186
69.7997685400309,3,1.2745939607855175,94.56047567405892
66.8985546740753,1,0.27123603423173537,97.21944449262568
67.36545919483346,0,2.049811227014513,95.90849948732426
99.2381001895973,2,0.1881237007206549,98.13615656861508
82.3608135717945,3,0.24879092664335414,96.4194915666177
74.51012809267135,1,2.8676155020503966,94.4843678021731
97.66205742759223,2,5.710975382414161,91.42993241248261
74.65428459561396,3,0.061351741547678654,96.25909213992348
97.73104403078553,5,0.9954069754235781,94.69206383103098
85.5166961164586,7,0.41242532771746687,93.18092441256196
61.36385427806647,5,0.5720554215722915,93.38172620801657
93.49512117860908,5,1.5867607184474672,93.77064319679349
74.68636611547274,6,0.4345243833384629,93.41288904576749
72.84076317730369,2,0.813505760889562,96.06583124579771
98.52520849867153,2,7.564384710282309,89.2489987725948
82.60686748397099,0,4.056383943293072,94.26268264224686
69.39577624512758,3,3.962548335850224,91.31473080923611
96.47703583679349,2,0.2554289036406556,97.91733710747089
80.89006902962419,1,0.9109149907557899,97.15140546257426
89.84757169857255,5,1.9510462266440463,93.15112311295577
76.98105058278017,5,1.1099943635257388,93.51705929290813
98.37726945083928,3,1.2177108042523683,96.05761050743912
66.22608043430563,4,0.6027826407125002,94.38796485286028
79.93383868765454,3,0.15377212487526848,96.4121653845324
60.00720155935851,2,0.6672882875325832,95.59961413292882
98.47993849269733,3,0.017395119895313046,97.50312278076049
98.22649160077948,3,0.5565191804479696,96.8435015635014
81.41811530456206,5,0.28028617167399145,94.73456235921931
90.16372633059447,4,1.9662900891629862,93.94863820953414
87.44161462051832,4,6.537600512138142,88.32696011646014
89.84985116495072,2,0.13761582700560782,97.7273535658408
87.29804074514342,3,3.295171374289069,93.01069638811029
61.715507480293134,4,0.3546102853085913,94.46024303164435
80.58031512313622,1,0.8005057871802452,97.26840881154051
93.21548462575618,3,2.4024149386994003,94.37787630484853
67.7517666535574,4,1.0882437691392763,93.88169580971073
79.26851015511016,5,1.2593142364926377,93.45224842396435
92.85758526509545,0,1.0273016345321089,98.41011730181624
75.84491519979673,4,1.3946531742155872,93.91866195093114
69.8662496114272,6,2.510204883216546,90.6810666207115
86.378055461018,6,0.9309225611574965,93.4017956996619
93.89831272896319,0,0.35201865333219684,99.27249325244952
95.2682616400742,1,0.6490625306295212,98.18453804524829
90.02962243246763,4,0.42254654018434934,95.79442527340217
79.93500792397403,1,0.6593302864631658,97.40555405244291
66.40406222807094,5,1.3812169201342548,92.66274280724244
92.75842011774485,2,0.9845762936400169,96.85642945351923
95.3921414474533,3,5.163341106413005,91.17359774467707
96.72074162278714,1,1.1617913002735534,97.6418875208111
90.28203338227533,2,0.6177518315399767,97.17279947126579
74.07087822205298,6,0.7117265228227717,93.04947208371533
72.62815193961664,8,1.9854337094068597,89.8488871456926
70.53517455673149,4,0.30474537359263787,94.9610642795254
88.70926885139464,4,1.2163412957156419,94.77585388771097
93.15818837968308,2,0.3975570988979087,97.58084090030667
97.81998056058109,2,0.0785429287273433,98.19674751355625
86.74783717898895,2,0.650938476844473,96.95626568673607
92.49432554560592,2,0.27795779937208315,97.6911669180338
79.10999844614913,4,0.42786138451300226,95.24206626089186
97.20611090575288,3,0.7641948038933005,96.54327178061568
68.95728577770949,1,1.5728109217957473,95.76049118273058
89.85374039642846,3,0.6337020855129434,96.3322445172059
69.28328415387618,4,2.5987413530574637,92.14567458402485
92.98324491861099,1,6.9089567735848165,90.55841411762877
86.22372122115274,3,6.163152286130462,89.51540331770109
70.13029077849095,0,1.0776002970062517,97.21339418251705
75.08201972203662,3,0.03497295825716058,96.31213343619324
83.5628371421223,1,1.894087192920435,96.1052372256016
72.52970904735645,2,0.47407749388456943,96.45759245970633
84.85357239911495,5,0.24767011047755216,94.94547448738268
86.58780264118039,3,3.4048523373880464,92.84356732719337
76.86626107286352,2,0.054821290914085746,97.17752750454628
76.97483247046667,6,1.5878564626040506,92.14331386839847
67.72205105562982,2,0.2072068406574153,96.5374543439926
68.97609662366389,3,1.058565263046221,94.77852651552773
71.10525796006921,5,1.0722252549185751,93.26859259210117
87.23886494881738,1,0.02722033939560626,98.52927884016614
73.11507233871355,2,0.7520128898113838,96.15333814916201
88.48310048285926,3,0.8144253249282292,96.04684463422909
74.58378357302331,1,3.668129476481195,93.52743380687373
61.1902642567086,4,4.981055782565735,88.88224627375655
60.559454474925985,2,1.937430379479406,94.103056268371
99.9535104501894,6,0.3595669147718196,94.76619522478329
63.15054295946999,1,0.8201066697898822,96.37339914422564
67.1460652701666,4,0.9663968620664527,93.99762702902859
85.64917103457643,2,2.0364430243221356,95.23872692254226
82.35888803699426,3,0.9260578061525929,95.6066750344666
64.43302265166079,1,0.41655370743252257,96.92178668366401
70.53907130922693,2,2.560290027863072,93.85460553202566
73.08436866290279,3,1.8756131487889744,94.00348265459837
73.7837124093267,5,0.9242341809200234,93.5801046033623
91.32638249375745,1,2.144848738251819,96.19250063878569
78.88579405528478,1,1.707616445285667,96.09514996842144
95.8174954200126,3,0.6159949605298976,96.65168081836475
86.22102191886094,4,0.42536673331710856,95.60061101596251
66.88870704241562,4,0.6793284240525699,94.3292412432577
73.19410307169878,4,0.34240691110220317,95.04881686026229
64.76825322730845,1,5.002886459603122,91.43494890984168
76.72764847142193,2,0.11232063985231844,97.10159765574832
93.11133407638268,2,0.09508755971454096,97.94146163216169
74.71104530607387,4,0.09915004475725701,95.41657221159498
66.35443856573806,3,1.734117114801297,93.83678139052535
94.2112713297191,4,1.1252774186320846,95.16023066412745
72.57841615895082,4,1.9524187111932805,93.0860183545156
70.22804520512881,2,0.1537807116273397,96.72686540630363
82.86985892194106,0,3.336618576461628,95.1395506543431
96.82966757115466,5,0.9405392132951045,94.71283632260361
72.61046544143713,3,1.0179076636155333,95.00903407573321
98.05949886647161,2,4.587382632214086,92.79811578466668
67.50124588104204,3,0.8517063129746139,94.95301471848256
70.02098959702101,3,2.609212994301336,92.96999388668945
81.70031774038054,3,2.003205720067215,94.28116902293837
86.36426083983504,2,4.036096800158429,92.87489688180163
64.3160767792631,2,1.6119593628354911,94.68145260356056
81.8153805220144,4,3.2087083475632863,92.04031900902477
83.41364261101572,2,0.6067428988749248,96.84259065190088
66.44596777153453,2,1.4568547118295017,94.97407273438132
94.96542027979183,4,2.9006093602792538,93.06753978165449
91.31999352872788,3,0.3449387152676656,96.7520732181152
61.40780601300658,1,1.0445797558195018,96.01689459366693
61.128248525323116,5,0.575363430538136,93.3659763096204
79.75279182768136,1,0.398403716406566,97.70955513169619
88.1909111697599,3,0.1514499607902205,96.82780560553974
98.12718467170367,2,1.3051646716462617,96.74016162760967
69.29720296516864,3,2.410018017957209,93.17283852670978
76.96358838404262,2,1.6873339507462415,95.22337867830664
78.01298352586636,1,1.302964667530932,96.5370915752562
89.02199760830297,2,0.6196767786674118,97.10748774601426
89.79529147199821,2,0.06510270553229706,97.81164132696115
93.51660719677142,1,0.40714356763132026,98.38725807868099
77.82678816959391,3,0.9368624106712213,95.36710451567423
67.10555973509233,3,0.8041458581625067,94.99030295695961
64.74684616769635,5,1.7735785067548466,92.109048100279
73.44920543282394,2,0.11730817688661493,96.93169045937726
76.805646088527,4,1.0192711080464663,94.41715697477059
80.85498301609654,2,0.5647891867785229,96.7650021266706
99.35711316257044,3,0.5657627767946344,96.88894032597496
89.07247391950179,1,2.968661956361336,95.09122934834149
84.63815844306976,2,0.5592356088671244,96.96082519151294
95.20528950875638,2,2.240157917692582,95.47207497420672
69.50813135835412,1,0.7450343256799619,96.78136537710175
67.10436817221502,2,0.1568928073680914,96.56694703976905
69.80189124553624,4,0.5219857160477417,94.66371170301952
87.09510913029632,5,1.0722652742106291,94.06803712746206
84.51547666050378,1,0.32489681833834183,98.03589765101918
76.82354991409468,4,0.41090024340599074,95.14809720361754
72.55521651161436,4,0.05081932201829727,95.36677763915876
63.350767997101904,3,1.1799087143171776,94.35164794267448
63.55197207239983,4,2.120367697414547,92.43315736672254
96.47096676490881,2,0.4316780619923395,97.70553466385464
60.04957503065502,1,0.3543255956247047,96.7772880367831
88.89798224519285,1,1.6184560162621324,96.70275189274508
97.2229955830313,1,1.9608582175762017,96.70811991806012
86.70892012711653,1,2.3004315942931353,95.77492809320407
98.24978620955187,6,2.5356890262821192,92.06966247893905
67.8698320381381,0,1.0934293354353295,97.08137639938451
72.73007122247377,0,5.891038407613315,91.56725747198772
86.65864381959972,4,1.0859883776114636,94.82974613784623
84.24323110008629,2,0.8747171670111811,96.5625009545909
63.409725483162596,1,0.7186175689348099,96.50814519143636
64.00551476171874,2,1.1373009077227678,95.23551464881862
96.6510802891816,3,0.2120892563113973,97.1780469068854
79.97889481255118,3,0.3977381158077094,96.1216590016583
77.58213384304909,6,5.036014385548031,88.03588942949482
60.23359662935992,2,1.5115137909496772,94.59786328232838
87.58393982367664,5,2.6274632159491254,92.22624113204488
98.90578063641927,3,1.690269844153789,95.51696521883642
81.79199837823494,4,0.4769870974731354,95.31721540194398
75.67106502298014,0,5.217473736616125,92.52258476720965
81.29324445434793,4,5.293677020515044,89.51224979809935
79.75374856585623,1,0.5381339613113932,97.54192667471914
95.54766264640266,5,1.451534087414254,94.03554222742302
72.76006123683496,2,0.1668253550467644,96.83781263578562
61.73264077820063,2,1.1948676555429154,95.05279085225854
83.33206116219476,4,2.254558234061622,93.26113317723579
86.01336514143708,1,2.0808845593123846,96.00360678589699
82.64623127222586,5,1.2883622787208293,93.5862768291463
86.93037228987107,4,6.9241819598035415,87.83750026272931
99.40062713090562,1,0.7566380687577654,98.26206567403597
97.49173120203557,2,1.2593910503338333,96.76331729970119
80.61797440698777,3,0.7268798426307478,95.75864290919249
88.84917707528251,2,0.46081748886465945,97.28947786712654
65.795944534644,1,10.65701778900368,84.70137587992778
63.77317653046673,2,2.051772488649389,94.12653184014407
90.07734699416183,0,1.5826847631235368,97.60464563395985
85.22947517468413,4,0.5568024375908749,95.39331083362515
77.58591668492663,4,2.3908545555220875,92.81027036761982
89.92154491498115,3,0.684207605722386,96.27502811888219
64.23104282199883,2,0.980405018839853,95.43506611849212
94.61087334178157,5,3.970849801495792,90.96552390529413
93.16904721345173,4,0.5679887102764658,95.77686590834082
64.36666983512227,2,2.240464411202494,93.92977619831312
96.18652678927717,6,2.484642610744121,92.02775520657092
85.65557664045102,5,0.02444791985108393,95.25344132820125
65.27369831169091,4,1.2165367345610452,93.6038408341113
64.4426634637433,4,2.5217205296182272,91.99606853764529
89.88027207847122,2,0.07736450351458808,97.80117619970605
61.82445927114078,1,1.2182598788122005,95.8293111089824
74.32360511177907,4,2.4881551200230807,92.53039411156125
96.70838679676919,1,3.441243793594375,94.9059267875252
96.94194931813905,1,2.5425327784407163,95.9960581317781
72.05853417932425,3,0.4529491016923526,95.65938778693538
98.92515516582564,1,2.917939360349129,95.64473052587233
64.71203167045917,1,1.5131375230994288,95.61983655580364
88.42985495114783,5,3.537606823444957,91.17636455942345
98.56141822926456,3,0.08223406358353774,97.42939003516298
94.71055656461255,4,1.4280651174287011,94.82184968731619
78.7791804631052,7,0.7072231403396637,92.49029125474766
90.91008345833167,4,0.1412398842492874,96.17601631181743
63.77941761628317,3,0.026448492372085332,95.75723268996765
79.33447411806915,3,0.2851066448199687,96.2245957321195
88.96488280582832,5,2.965706855548083,91.88939591363372
77.2041560243953,1,4.7868296718019145,92.31601219505747
60.58524718020894,3,0.40984819275341755,95.13744452770635
85.94232057868165,0,0.28057341788697177,98.96042792746971
76.32120914677775,2,0.671400742711795,96.41037956608473
91.91971087965611,2,0.1083905686880536,97.86591686155714
95.19824167726242,5,0.16772571364539227,95.55864122748865
98.3198328422491,4,0.2715689557141425,96.39010889525548
81.54217002625683,2,0.9034975267369457,96.39291146922851
86.71877468697723,4,1.0778449313485634,94.84252481673059
94.48834287051758,5,0.27358480619723746,95.3961153760892
91.18141674373175,3,4.561290735201447,91.68552195494485
89.81355649772254,3,3.768787449678075,92.56813288527243
90.64972536836856,6,1.3149549332072825,93.15454034856968
78.73570364684197,4,0.3359956411568957,95.33359041295382
70.06866463698938,2,1.1262742732620077,95.55190410393506
61.75092111852054,3,0.6415460956039876,94.91769074120124
97.46061797056015,0,1.3023066268997523,98.3102629462483
83.89562316162909,7,2.9144691741763884,90.0974181490698
63.40817723565745,1,0.2930595660570016,97.01873738251447
85.21970284809608,3,1.6398125832173254,94.89321004254401
78.17386869476763,4,0.23865102342688044,95.42231220662613
75.8329941446914,5,2.293340664297615,92.03964091007744
79.87990574134506,2,0.2943021535325141,97.04083270282824
90.35023713740588,7,0.17378102315039198,93.70897462908982
88.43744847807797,4,0.6873608582003549,95.39703939406347
64.67140165360546,2,0.003383394422015129,96.62951000937386
99.88069684526201,7,0.6781346013867133,93.58027332059905
79.29857796655838,6,2.1689727350499437,91.56216161626799
71.07993120056219,2,3.9387447603952097,92.22750284755386
60.054476897540255,2,1.6820295175523508,94.3842884238142
95.83425702884887,5,0.8335713134782936,94.79142727526849
71.27063473989043,1,0.5423995344898943,97.11265229560665
77.81176255750783,5,0.36673071054319706,94.45051127522356
82.18051758671949,1,0.4851587217773297,97.72683541320318
92.9991141040012,3,1.4339911252515851,95.52916635489815
73.68754864975108,1,1.4830228588855179,96.10475000182493
61.131077354182295,4,0.9384134648396935,93.73045770990149
75.71801744713622,5,1.0739305448900842,93.49718421848871
74.61418572060565,4,3.7993563625741165,90.97148165094134
80.01189118584823,1,1.2299254951170098,96.724683965152
69.77951482239352,2,1.0549527368514215,95.62303245689797
82.57942945152578,4,0.3292608432930465,95.53385846062463
65.671641657162,4,1.2593649397909648,93.57234415510894
62.97630405960794,7,4.33168477812319,87.35079346923257
96.58298145304819,4,1.5303645052160628,94.79271166639313
61.70487238931868,7,1.2631654411459707,90.96944509009077
93.44667261081914,5,2.05398947568275,93.20754625972165
86.9823868355501,3,7.339296740039993,88.14196325372951
93.13833959758719,3,1.2293660804993118,95.78167768328018
71.08816742627772,4,0.5392443896117185,94.70731510377982
81.59488967410812,2,0.6290736040485134,96.72485615884719
62.055986917564475,6,0.2082552886397937,93.05289299951048
85.10745737784458,3,0.5181688031864086,96.23357030506854
91.90607368697641,2,1.1961876233636763,96.55987853631241
62.55655903012224,1,0.6386364702494932,96.56146418720672
73.74925670830916,2,1.3876634633783032,95.4222666793615
87.49802798400027,3,1.1177785180767574,95.6335671775079
65.8653309468928,0,5.97431009170566,91.12409443729786
71.98923402145479,6,0.1043293786370932,93.67426644670823
76.51325679131551,1,0.7980713286494223,97.06797724518647
84.64693941652587,2,1.2988408513323828,96.07373794922744
94.75141852692896,8,3.1459898413127263,89.56238311677117
91.06621768949219,2,0.8297779861220691,96.95757730112813
93.53407889202242,3,0.7903646034974343,96.3282664204042
79.4667643100754,5,6.354368249438961,87.34809631617702
95.03097518280099,2,1.0838760947622887,96.8508974454253
87.33329379293139,2,6.849342331512835,89.54745389183117
61.02366028998013,3,3.2415788573662563,91.7612883856595
80.73817180289018,2,0.9611816133302603,96.2834906541482
86.09496391901409,4,1.7302153150184334,94.02848981792859
70.24314957555161,3,0.7178168904880726,95.2507772101919
67.21900209220443,4,0.2627406017212801,94.84566138254469
95.01428742913915,2,0.8308994771718874,97.15363499885069
69.25200292311987,4,0.45069171303857336,94.72177009050971
97.37895720986526,2,0.12981135463184965,98.11317423493504
61.11263982390933,3,2.369182776332697,92.81261265959623
72.63885768771611,6,0.16121154039250027,93.6384890359148
62.59464506805526,3,4.34797027169757,90.51216792736568
82.04633655642579,1,4.865299027588915,92.46395799471459
82.50367394975794,6,0.411345725635234,93.83156882672561
76.51920581885786,5,3.8092453114992413,90.2548659171438
92.51929707588752,3,5.77342335841761,90.29785682369325
60.99971187080361,7,1.3583414105417502,90.81997590089009
93.85472213830292,2,1.744420964698425,95.99943094927704
67.81541858459367,2,0.990208641783009,95.60252055909007
76.99334426442829,3,3.3321361316203575,92.45110385527698
89.47607692557929,4,0.9177441290792021,95.17251089138392
78.7281238629125,3,0.5316692732512244,95.89840306524415
99.84192499676072,4,3.641984797023853,92.42171449340941
78.20584963946135,4,0.799116780256849,94.75135234566484
82.00086567021683,1,0.937848169847757,97.17462547969353
73.70918849733627,2,0.2998631999958832,96.72562358487176
93.92661573917977,2,5.174164953004227,91.88733284335392
62.6441744755295,2,0.4590954116032412,95.98129422985258
76.30787410197078,3,0.8140663471815492,95.43851408848067
90.44526214312451,2,0.9883272066465056,96.73627045918042
65.35415572950622,1,0.669986668258276,96.66372378456538
70.21625761336097,7,0.24938104826313007,92.61155562275229
70.04276534374581,2,0.5089899524862564,96.29135032420378
99.01715046662557,2,1.9063172117928615,96.06327686917984
76.54200262181519,5,1.9016129804468083,92.54516455455459
68.24831589541805,1,0.20253655488209932,97.36937192891239
77.01035674411393,0,0.9297498826930122,97.73481797797409
80.91166996260016,2,1.4250946173521641,95.73546995730742
86.32750849850558,0,1.1659915827810547,97.91718552558801
91.3992692799533,1,0.5929260318789735,98.0584522257429
96.54662501408066,3,1.1368403948331345,96.06312277690427
61.32141348923518,3,0.11673145357617114,95.52599293017036
81.79894523162758,4,1.2936399233235962,94.33757935359307
91.09453275355044,3,4.296584814975767,91.9988248597066
73.27533283974265,1,1.5387097177334537,96.01731498070698
82.09802902539481,0,2.0927727689372144,96.59357412854509
93.171379829801,6,0.6982075106945944,94.02071997865653
63.475597502641925,0,0.8385480064607651,97.16752226737918
79.24806299293428,3,0.4076943457374963,96.07316993476172
63.65442444459826,1,0.019136173288407537,97.35975781428382
68.80813146724952,2,4.466265754334283,91.48088766816133
84.89880465406478,1,1.4205971187927817,96.74022369015191
81.60515208259646,1,3.968520021084568,93.51803357882834
82.88043241924069,2,0.7728321169250343,96.61662308065199
96.89466237325202,0,7.062269524995919,91.3700096886675
68.31250880808031,1,1.3184281269436577,96.03351168807163
79.34221061603967,4,1.1681524458401498,94.3653275957938
64.55504815316037,2,4.118869915669155,91.68510850885504
95.54018769565619,1,2.3391500622611434,96.17002931006944
95.23583213649133,5,1.24532873363383,94.26739712646398
72.79356039239053,2,1.2996541646930344,95.48009302198788
94.58744105513856,2,0.42527662599470806,97.61904010156327
93.89947429323132,2,0.0634007089070584,98.0188928639731
66.94801064054643,0,0.9483713760896257,97.20935488071977
83.46549563672198,0,0.14226110055467506,99.00256146117049
79.42100107241404,3,3.7415309292489054,92.08121293852201
72.99827311397843,5,0.6359097850500355,93.88682191363888
91.2538096038455,6,0.7817218059977475,93.82462431299498
84.80847198815282,2,3.8748832122299985,92.99056374473165
60.98955630151532,1,0.4576010203366446,96.70035659067179
76.23395601608584,1,2.4190993177547266,95.10877861949862
90.36434976401216,2,1.8743065569538104,95.66904961985604
78.97795618249896,3,0.7879675982257657,95.60333669125403
90.53079342403817,4,0.704256880426634,95.48143141468995
84.5079578807586,1,2.2868705669168197,95.68115321373774
75.89767709028686,1,1.521043884467522,96.16963119315332
70.75973626539638,2,1.0650392542719425,95.65993970814348
78.38374090962952,2,2.525798232285694,94.28822916673865
88.08768979856166,2,1.2853762786575103,96.26193295553907
94.28805387491633,2,2.579542132136457,95.01895213518208
95.96364710084327,1,1.1537804167846748,97.61364585490055
69.31001491533999,6,0.808736255799296,92.69501723880785
61.67778384003431,2,0.03125498967148621,96.44638320439593
97.25445074309272,4,1.204228957610459,95.21764778802209
63.527946138162605,2,1.7029309039510316,94.5328802221669
80.35697341314648,2,0.6397550900813671,96.65014256255968
80.91344900081967,2,0.9948289741229246,96.25187768109348
88.59983125157534,6,2.0507903183680782,92.16904318053707
96.08644468173787,5,1.2094846803519268,94.35294061766459
99.09792921064724,4,0.381470757622877,96.29713155138491
60.252883581706,3,0.6135932572854491,94.87633227034276
71.68204917667912,2,3.571708528604818,92.69805222450817
73.39341411558425,5,0.10680615278225059,94.54150332244052
90.10558237809275,2,0.2567494817895617,97.59717974075717
91.91009800383603,6,0.8976273932339356,93.71835202831107
94.83796345279823,3,2.2368413005153833,94.65768861202145
64.50107161251195,7,0.16198966844044022,92.43066597849707
83.8823652831545,0,3.593789257333804,94.88157115535716
79.58650852900311,4,2.2573508824583453,93.07050436750013
83.12908472866121,4,0.14892245261611028,95.77774729329373
64.20317782226415,2,1.2663173907821226,95.09057802217465
83.53188231909039,3,1.826834477178927,94.5843927433398
61.05920312212173,4,1.928384598635367,92.53889863774364
96.18481521080346,2,1.9957893710630836,95.81429351526447
98.37780632716024,2,0.737705908322533,97.43364322637098
90.12558956527107,4,3.7672969009278576,91.78552319715013
60.4247692990784,6,1.5700464080333705,91.33718277531388
74.5592855959093,2,2.8350202287358757,93.72594000531241
84.34572035163305,5,4.327477825837249,90.02431262657696
76.43362457710043,2,1.2776659699390605,95.68848206492815
72.98665116289756,2,0.0690938952694392,96.96641988382154
68.67494780895179,3,0.3993449247649328,95.55453348072967
67.36588259138867,8,0.5230573277329181,91.34062533628993
82.57856110860669,6,3.2209732152422497,90.46376019713964
61.590142929361626,5,3.8175826389528127,89.4984079797247
98.9645967095413,2,0.6171181145965197,97.60768809796124
90.50296489721308,2,0.2140157140097641,97.66832938804893
97.44865992878994,1,2.708598393237032,95.82211492455505
85.65063012891545,4,1.2115358688219384,94.62868846385945
70.4521433962326,6,2.80230843629558,90.35983704625693
74.53707312150301,2,0.9762330836561912,95.95537395568772
92.3332164751713,4,3.041558676558841,92.76679041188795
62.24691195608847,1,0.8267793922524738,96.32021032710145
81.30462465574374,0,1.0872235657642073,97.76056295387014
75.75037885162504,4,2.8171026093593157,92.20699581135007
73.66676560177667,8,3.138812440868266,88.51676335104692
69.62987169662613,1,4.596301385863829,92.16593192179471
82.91073310885824,3,0.8188585046652965,95.76290644984455
79.99381847142152,1,1.347336413704978,96.5828872271251
80.48016145761267,2,4.323368921497224,92.23596536708396
71.74846751136887,1,0.15051620227931684,97.60680393283326
67.14418017438724,3,3.962494126823471,91.2022160565312
71.83286957303902,2,0.9136306335578916,95.89528671838248
69.36409001865545,1,1.3642429329706542,96.03111298136798
84.16917584598079,1,0.9492004922465265,97.2694182016032
88.92293493979234,3,0.3375557587298171,96.64107983651384
60.023790321706294,2,0.013468149477908496,96.38502773671182
71.5341027420478,0,0.7038409783594117,97.7320959630711
62.517540057557916,0,1.6601847238687468,96.1336553342354
96.27365157771538,2,2.255524089801963,95.50705367112342
62.51199969291564,6,0.8685005193538946,92.2833993614211
60.21346243676184,2,1.456755421584933,94.66256661593617
86.10127624867425,4,0.6458196499869598,95.33008023244936
64.96322723907424,0,0.5295853399955428,97.61265895395906
97.61133388328953,3,1.357779455842602,95.85123134715336
85.86020028824726,6,1.7110480924818732,92.43975230343412
69.42535828201919,1,0.32051821962913907,97.286646050546
99.68032932008012,3,1.2240348144023268,96.11517468872121
73.9813016351633,5,1.826301457983923,92.50750333217746
86.18936835862857,4,2.4075460951091863,93.22041310380041
81.71967091232362,5,1.7786604843348173,92.95159096441441
96.92707617776016,3,1.271558448598595,95.9204836705697
67.75256457834114,5,2.944835799260446,90.85382526980452
86.64047165104745,3,3.9552160375995236,92.18576433743294
92.98223299145738,6,1.6169573709666647,92.90876280441287
79.13178621931641,4,0.4851012598800553,95.17446779910975
86.24317755876103,4,0.558471881547264,95.44199262008134
63.04233505997672,3,0.09181712024518723,95.6419362087046
72.03502654497277,4,0.613922513475162,94.66504431107845
92.79027365250795,1,0.29940597966658833,98.48022650702549
97.95201003185204,3,1.6844080140001663,95.4763108847924
67.41223184039242,1,0.5904538855333652,96.86206692937958
64.34089614240388,5,0.09496317219835805,94.10308900048216
72.73764071838634,1,0.02190773364286715,97.81059275554787
77.75053206037504,2,0.6484001116648285,96.50944646902096
73.6535954880086,5,0.12550387305061403,94.5320751267397
85.96757405426607,1,0.5296931003122627,97.86274698233859
65.2113368168556,2,1.4759264490919148,94.88945510193248
80.87647721107331,4,0.7575866916585097,94.93471983056345
98.31301539711797,2,0.031062665563983544,98.27837557117911
70.79319700166681,0,0.2520691343450817,98.23717688886924
74.5072828027046,0,2.097286667068479,96.20862013965305
91.82356055078188,4,2.7250402369633355,93.12112974318309
97.80185592086025,3,0.9665612464414393,96.33021930031329
63.90156374322896,1,1.232035106541657,95.91663605931146
85.01051589109078,3,3.2436224954635104,92.95817879999832
79.15432314112213,1,1.0045530361336765,96.9522525136957
73.02890492665995,0,2.241974415261229,95.96107594801953
80.51606611574454,3,4.335643704348193,91.4230308605694
70.22730961849541,4,0.6567151842750831,94.52330725979468
89.2391537347848,1,1.0612451201449866,97.38846354256526
81.47945537494529,5,0.6696541645503635,94.27038777128683
98.48449428006569,6,0.5214306534161204,94.49850792990394
96.18039759353867,3,1.7236461599771498,95.34064448770435
74.97654335885647,4,1.2594723199148945,94.03746038404495
80.56168704621045,2,0.02829997010625835,97.39412438818302
91.15640250822305,6,0.1567651893312954,94.5697018982136
83.1505357320854,3,3.5772849986278574,92.46478478825084
65.54524910648225,2,1.6011747354617307,94.75585277277004
85.58103532871806,3,0.3951037875541659,96.4049272213709
80.49401645759562,4,0.5396150691250913,95.17716273992967
66.4827472518812,5,0.8639763975546608,93.28736568552847
85.22096173114527,3,1.9839354525293933,94.48032554352199
95.20760777344299,0,0.06472002313000452,99.68271636091615
85.7361811735625,2,5.502870924975632,91.08336394870737
85.236008815865,3,1.125426989445351,95.51128805345883
80.18159568203022,2,3.7221586841692273,92.94248936309845
68.6827062855337,4,1.3143020347441967,93.65697287258365
98.83232639668552,5,0.872078693654242,94.89512188744919
85.66781548477815,2,0.32365969266392147,97.2949991430422
93.64847347624058,5,1.0674476028595996,94.40148655038051
88.26991614305021,2,2.3721915479816476,94.96686594957453
79.7430480422878,2,3.847318984319934,92.77036962093047
72.71204482626702,2,3.5120437088910528,92.82114979064409
99.8186095404237,2,0.5945538805228369,97.67746582039378
85.78035177129271,5,1.3684114244993877,93.64692387916537
97.10670836994305,5,3.216620866982992,91.99539037811756
64.90908683491287,4,0.4452217650389483,94.51118822369891
94.27777584558,5,2.5089189915536925,92.70318600241457
60.10035099369187,4,1.7317337581457746,92.72693703990967
73.43155851346661,3,2.7334220778739824,92.99147143222456
79.33740230560883,3,0.8023754422162347,95.60401958462096
82.51359268034946,2,0.652209536918601,96.74302818971515
61.933716257522285,2,0.47047001208385986,95.93212179837548
85.21559865366997,4,0.19660676523604662,95.82485181440025
63.797089438841766,1,1.139097985177874,96.02293688972864
64.58726314626989,3,2.8597704216910427,92.39763865128424
92.14936301765958,3,0.11836643043471864,97.06542843436132
64.74128963798353,2,3.997710278820596,91.83981214731446
64.29570327329112,2,0.03313437782922115,96.5750239102695
81.37553534054373,4,1.9873971547494627,93.48390018132783
73.64531010649534,3,2.3413450152390807,93.47265148703787
83.41245055800917,6,1.427317652805304,92.65784134453409
81.24719110533186,2,0.831320389246573,96.46477508817071
76.24516047644093,1,1.7044454407538612,95.96692349491741
79.56906041960062,2,0.6102662740762159,96.64613349208857
75.65673888441492,5,0.4868784078760834,94.19858285476944
63.16996745765542,3,4.843458138907959,89.94634860619323
89.88571159784622,2,1.9990618886133134,95.49541131355633
91.22301092975387,4,0.08760023307465578,96.2560302667981
81.43470730998935,2,4.598776229857436,91.95320388967055
93.20665838639378,3,3.074830568376763,93.57053623726758
83.92088751127834,4,1.258133911963006,94.4862836812083
97.88236894834469,2,2.855591204557515,94.86740900194822
74.57301693464612,4,0.7448375640324114,94.63484576989342
90.37594209738963,4,0.5049403473564891,95.7128686880417
74.86053613389957,1,0.5522989375177978,97.28026808167363
97.21649038451616,3,0.9584939264890379,96.31063180743897
97.87669879461694,4,0.21442428027515723,96.43652580340066
65.23929972772909,2,0.7390623381751236,95.77509018057631
64.15403897728511,5,0.5306598685250795,93.57091010663416
64.0390868193602,5,3.287817855481232,90.25657291439053
97.87822786719991,1,1.390840357766997,97.4249029640396
85.72900422901179,3,0.992896232469793,95.69497473248684
72.92589519081373,4,2.120393182182907,92.90182294092119
90.73595287219486,6,0.0376247157926393,94.69164798465857
89.13197262527237,5,3.2733643053697916,91.52856146481987
95.45451438713287,2,0.22248146858843826,97.90574795705052
80.30188605730723,2,2.6667086474693296,94.21504392590217
91.99784504833659,2,0.8777938516480293,96.94653963043919
63.33613339866283,3,0.8775285762516853,94.71377237843112
81.20874771468966,2,0.4393470881440106,96.93322087996167
66.27977660131012,2,1.9230313592742205,94.40635119893645
77.11929438901,3,2.798456543600028,93.09781686713046
78.07294061122789,3,2.1920249840844925,93.87321704966
68.14032123031822,3,1.0640628697479713,94.73014061781835
91.58567606565697,2,3.872364917700936,93.33244590204173
86.32815960376452,3,0.707203517235803,96.06776375950527
65.56636654688388,2,0.5618626004298195,96.00408320682841
71.39493353052326,0,0.9302869162699471,97.45340237700222
90.63719368676834,0,0.1791070975271145,99.31693116730588
88.80746718390272,4,1.4135746988163245,94.54408372061555
63.68613668803345,2,0.14564187176329482,96.40953658828572
83.888131290084,5,1.1449738016845072,93.82043800248279
84.69200809655435,2,1.222046278151522,96.1681448710459
75.35401180792435,3,0.7810347703818854,95.43045886593795
93.25054398969655,1,1.0293290735939973,97.62733231117203
99.06133842107161,1,1.3562341019780233,97.52558599867996
70.00270851512516,3,1.0532380335678595,94.83624978547482
96.19830769657086,5,5.015178538693823,89.79170113839595
77.30461564878313,0,2.727632333833749,95.59207198183866
83.98656645164343,1,0.5168706341374976,97.77908356161717
97.11548381894659,5,1.0884206318902374,94.54966943267904
71.75117786201307,1,0.5151611290367948,97.1693655382565
99.0501513590452,4,0.7340200465478017,95.8716835120949
61.79521220358983,1,2.4286164437376723,94.37542087769428
87.65228571379126,3,0.5656084519289037,96.30388414337487
91.88046399741319,2,0.5032876206040424,97.3900780551458
69.41925171945965,4,1.7115419245241785,93.21711227654397
64.59415833980304,3,0.3054994001945056,95.46310863675674
83.91551242478967,3,1.4158444249755093,95.09676231126888
63.11648633883281,3,0.4480466200333991,95.21816837290156
81.73250956390085,5,1.9583899015354111,92.73655759635255
78.46112432401168,0,0.40082254594369626,98.44206916106815
61.030255669623116,6,0.46564763791872,92.69273561797868
82.425978713861,2,1.225409397184571,96.05080765907157
63.90556539520824,4,0.5070735067692611,94.3867900616373
96.8305807853175,2,5.6234846022765055,91.49334751653407
98.25900099084524,1,1.446943985963888,97.3766172663856
71.73640429554625,5,0.05753596426717934,94.5177770576567
80.33738350481096,5,0.5878406154760185,94.31146043666932
89.7354769450076,4,0.6987409543735044,95.44828470200217
73.87706161027893,3,1.5861282493712499,94.39049918126845
60.52276940258359,2,1.0339638666211879,95.18538183018376
84.01500006097271,5,4.877578644689285,89.3476556294215
97.89592345388185,5,1.4876235171735666,94.10964795208581
67.72018818282345,2,1.5377539646136311,94.94070465160482
90.66681204040992,1,2.5648770257424145,95.6554881711296
65.67347317940092,5,2.8289464327312466,90.88893793969255
82.52308380189885,3,0.6808352122760202,95.90915193536372
73.74185799876955,3,1.3402584694886812,94.67878273655207
96.43961946492661,6,0.7216017052314261,94.15605892696863
86.09134606808739,3,0.6532924173247713,96.12061640261464
92.15028224055038,5,1.9454815806124357,93.27293621529259
78.56703919167836,2,4.220074016490644,92.26426313979515
85.15536992134878,2,1.8454406742160652,95.44323968700816
83.885289260343,5,0.6423976152022826,94.42338732477441
65.21130314590398,2,3.0626468510777225,92.98538893600193
84.41236473872702,2,0.42771156740123917,97.10736435605486
60.17367711043785,0,0.6641446786721615,97.2117102411153
64.96886706434434,0,2.941360396495062,94.71881087742314
70.96549254571413,2,2.048951333247185,94.48953302738909
64.99827418587134,0,1.3272983057162442,96.65715574243407
60.538702896857984,2,0.005859996298562613,96.41990314928462
98.57384321531181,6,0.6960923146595217,94.29338138317416
92.9253562992874,3,0.13095142467453152,97.08912610535494
97.18387266971007,3,0.19345764819466255,97.2270444556519
70.55994887415555,4,1.4591719310377746,93.57699112646245
76.80639589466593,3,2.2562345969475643,93.73283827839622
67.78453242701971,3,0.915669745791917,94.89042292640069
61.47778743806653,0,1.6082687031402108,96.14396692813507
98.06793493888719,2,0.0690975564479316,98.22047967920685
66.31569044432233,6,0.9101505759374049,92.42360383109123
94.58891862698381,2,2.096827921822255,95.61325242516249
60.51155577008355,1,1.4953934281980368,95.43110567466653
84.18991845768029,5,0.0767799039991442,95.11736003808504
61.14114035719115,2,2.0930163186318875,93.94543743550129
67.6692134696843,9,3.819702458459388,86.59981772333295
82.22962144557499,1,2.867429741177055,94.87056538286629
80.24467819386064,2,0.6049187454715762,96.68633141512714
80.64541744259687,2,0.13975342654719095,97.26456676027321
61.40255334623808,3,2.838740028946864,92.26363963257566
60.5666504384854,4,1.1005301623964936,93.50769632704848
98.99921902325738,5,0.39605441955630893,95.4746956476953
82.37938551054297,3,0.49857395685196715,96.12068052730478
97.26881586433473,6,1.0264863599454093,93.83165716128224
97.7798304538872,0,2.3722368062414434,97.04230735520463
70.07241401815517,1,0.09241580420351125,97.59272173586355
99.67919297144671,6,0.9235787356329128,94.07566516581284
85.39390936758284,7,2.277790021949373,90.93634744203989
65.38174662540044,5,1.1617372461274265,92.87500263591711
88.98508367295085,3,0.4215187521392451,96.54343168108045
93.31666079124031,3,0.4623026614999853,96.71106984576204
93.92037227212624,4,0.08998154272201715,96.3880407623399
69.68452963330533,3,1.987267705859042,93.69950523463442
72.08296351949126,3,0.041116662817491184,96.15480818059358
71.69339300291915,4,1.3586905723224405,93.75424096335902
74.9308659958403,3,1.0133368668601463,95.13053905955984
67.37677307176028,3,4.596147610663712,90.45346152079156
67.81503557733411,7,2.667560226320333,89.58967950728231
67.73684051334202,1,0.2553587690638619,97.28041150279047
85.28875872988431,4,0.09750547098188449,95.94743137131596
88.05499595272545,4,1.0683465483503511,94.92073393961586
79.02544789237106,4,1.3203132096407513,94.16689654304965
65.95097914335993,4,3.6909403140138446,90.66842058035138
65.32446452889435,2,0.50692480886917,96.05791345580171
67.25792056855532,6,7.039220727539242,85.11583115538068
67.49654405762135,2,1.816210416642512,94.59537470291005
70.65995586823755,1,5.108550419551961,91.60273728994952
95.67741036958742,1,0.6791950329575536,98.1688364789303
83.69345920400293,5,1.3596104013707206,93.55314047855528
81.56256423067708,2,0.8267119038450859,96.48607392691974
98.76729215750957,1,3.1153140997689657,95.39998768815272
78.86757958485269,3,1.6034080053109727,94.61928937286947
82.94565860160186,1,2.75855562318252,95.03701618226107
86.5303405878252,2,0.5607041944248752,97.0536719960814
62.19387827706675,5,1.5516062119404657,92.24776645952478
66.06719229222173,2,1.2541214542109174,95.19841386955798
62.01496685695767,1,0.9307377762638609,96.18386301133125
94.33949175685737,2,0.5259936317002074,97.48578222980262
85.02991114883483,3,1.4792608462471353,95.07638254194518
82.76974015195029,1,0.33603129563733164,97.93524945283272
76.2283811552941,4,1.7519880263692515,93.5090334261216
84.33767460922098,3,0.9973770750544999,95.62003124039565
63.84646814523688,5,3.0055137484082355,90.58570690917196
95.01823207630561,3,3.6936995628063456,92.91847212844766
62.22184432486412,2,3.561319163295366,92.23750922028877
71.4848397948894,0,7.574843363053827,89.48442995407987
72.45572723270061,4,0.4469040828023348,94.88650146227224
98.04335525060415,1,3.353916750618976,95.07746766178744
79.20143830029136,2,0.026846937086332064,97.32785559051096
97.51364206845227,3,1.9811609404682466,95.09828897486072
78.3296872865308,2,2.6729069723625685,94.10899599749146
73.05304259971335,4,2.167163099510123,92.85205641057352
67.21724137960229,3,0.3087038552630846,95.59041744266442
76.09515752947084,1,0.4099892183414424,97.5127708144638
94.6959389015301,2,1.6104617135376325,96.20224288883135
94.26047939352344,3,0.6522130373204051,96.53036832489168
89.27705430027974,2,0.10312200380341341,97.74010631044989
64.61111965127029,1,1.7707060796397884,95.30570868699577
90.74496919553191,4,4.253790971944577,91.2326992934431
98.87751970281872,3,2.128040715478973,94.99022712656617
86.71108525289277,2,2.248424273012756,95.03744513502933
68.46528936027778,2,0.05446335925662496,96.75790843690594
96.40931240614047,5,0.011937543892230805,95.80614056763635
70.33850025699759,2,0.897210108337182,95.84027288284526
74.13721193159532,3,2.6348666815960153,93.14502057866454
79.53494730865492,2,3.321277658164774,93.39121417563501
95.91277967364243,4,0.21937906498504217,96.33238410570007
90.95794675723732,5,0.7973621371648096,94.5910627732641
83.78353248581888,4,1.0789086126335556,94.69448628913068
65.775188134629,4,0.3175357026348997,94.70771656356958
78.61293580283409,2,1.5883512558054451,95.42462528317517
74.30323474782342,1,2.5802139086785756,94.81890504697688
98.72150090020104,0,1.2634588730777874,98.4199243973167
64.21213732107393,1,0.022277044920742596,97.3838744121488
91.07519305722296,1,4.756572904262127,93.0458721677466
99.40988469789886,3,3.8794158689369826,92.91519519217056
90.16135636496642,3,0.53268288547265,96.46884835568115
63.79271100648232,1,0.3415810175291366,96.97973832928915
69.69047236842177,3,3.5675222806487894,91.80349688164254
82.12558893355819,4,0.6565306205523856,95.11844270201505
60.356234662065596,4,0.25192947336777893,94.51549636506195
80.61571885572988,3,0.8987308104259513,95.55230897027535
93.71858951120473,2,0.8306377076547304,97.08916422637456
93.19098565696372,5,0.3781537958840855,95.20576472778728
62.55581394397373,4,1.5135690984529657,93.11150777905513
64.31600964596899,2,1.154456842749882,95.2304522709986
91.61927114653456,2,0.5609730244586336,97.30779592797637
91.15151664261003,0,2.07395344169823,97.06883170209262
92.41593720492425,6,4.298715015675472,89.66233884143564
92.91819501625835,4,5.037938769462521,90.4003832274579
73.34452395056253,5,0.04830271039638476,94.60926294505246
78.50901506678632,3,2.2228063833524905,93.85808309331632
62.42046245364588,2,2.8807834151880307,93.06408302445666
79.5088745272466,6,0.41786973527437976,93.67400004403308
96.11612946611149,2,0.3775794678512856,97.75271111188403
86.82669383948758,4,4.760644512019105,90.42856127755145
89.60777676518471,1,1.8061865966210027,96.51296492231403
98.26741970644197,1,0.9589747638529158,97.9626012686986
98.72395574953957,4,5.3803742011056945,90.27974874615015
95.72593452062218,2,2.5542453234273,95.12120233791835
84.06227049778433,2,0.26246159410309355,97.2881596119655
79.36828189274766,5,0.37833048982821865,94.51441750684351
87.01092791814499,4,1.0664909655968668,94.87075723719101
77.69093969638462,6,0.4093184259862249,93.59336487363576
62.30826784861039,2,0.9934726623823731,95.32324619757168
87.92487118772712,3,0.4432147351677323,96.46438587718508
72.15357229946703,1,0.7883158276811331,96.86169962175599
67.4732054093117,5,0.2934652921944585,94.02150191983223
90.4498080955293,4,0.9014726850694446,95.24072318269313
65.0661122283918,5,0.24262455275195116,93.96215614811724
93.98104307056605,5,1.1806453811991626,94.28227769608931
76.35183273370382,3,0.12705614412409255,96.26512426373628
89.71949019230493,3,0.9283434017806214,95.9719624274785
65.50436688247845,1,0.7025987505722848,96.63209984343717
63.313715939499815,0,4.84935654575121,92.34645794207354
99.84509392105122,6,0.1388950274312229,95.02558066313509
95.86479150850622,5,1.4341188676908665,94.07229693419627
69.26044177779326,3,0.31108441280653854,95.68972079352181
87.21881048709486,5,1.1690276193184657,93.95810738117258
64.9409575448752,3,0.1090040759122324,95.71624298614908
82.99905767646344,2,1.4278279290571836,95.83655936895455
95.06242007452377,2,0.17945454512907175,97.9377755495713
76.48822250073773,1,1.2570321793936325,96.51597250976452
72.29593265932125,6,1.5658617664020307,91.93576251328362
68.00796866602053,1,2.26020555072036,94.8881517724366
70.29295195079804,1,1.7043446597060763,95.66943400589261
84.55792226774075,4,4.458257310545081,90.67798734073294
99.17109071779902,4,1.2278635436830632,95.28511828347027
84.20144482620793,3,0.012020856097901194,96.79564721399292
98.82277112630547,7,5.042190354126307,88.2905101313637
99.40508277129999,4,1.1255016804382052,95.41965212203915
62.137802780022675,5,8.165165153253202,84.30869195509729
90.88505420216143,1,1.7906206250217815,96.59550796008193
72.12065827244305,5,3.3582829193761286,90.5760934103708
67.62211769398877,1,0.5448589445044867,96.92727515129405
98.87113316825521,5,1.044369187829883,94.6903136330169
83.9569378404421,2,1.4657648962029075,95.83892901657862
65.8425645974221,4,0.7131890741188731,94.23630134092846
95.12618862242418,3,1.4232913471655804,95.64835981452251
71.41294105079845,1,0.4150090198392631,97.27263622873281
89.46218568008766,4,1.462318939646365,94.51832655642875
95.48843972166787,0,6.322295864448138,92.18766694874563
93.0835150983378,7,5.263112583028955,87.73844065528215
96.00558931302801,5,2.2149284264494002,93.14236535391213
75.16330085335315,2,0.16995703349434832,96.95421660247445
64.76225298212749,0,1.1420528618436294,96.86764921489402
86.8761072793494,2,0.2386589956804863,97.45741456915088
76.16330399845053,1,0.23840195390110855,97.7220828552412
99.83313497298978,5,1.0138199486646786,94.77507281025187
85.52220385994575,2,0.6951077559718206,96.8419808858311
96.28401445799304,1,1.7327854474229025,96.93485818599217
75.40011872420416,2,0.40245697399177727,96.68705756742007
89.58426131786389,5,1.2728986215110787,93.9517347200799
87.58759788609976,7,3.881743103606738,89.1212881699769
80.3663925407379,1,1.2756967904047243,96.68748347855123
78.92793524295759,3,0.771319136156552,95.62081379876001
87.8416888877824,0,0.40341568716034226,98.9079856197967
95.50028760472514,1,1.3033442984486479,97.41100122209788
97.8585846171112,6,0.8918433287955292,94.02271723630092
92.55895817529859,4,2.297803737557739,93.67058342369565
78.16871032937357,4,1.014304792482878,94.49126976548922
93.30935143130046,4,0.7561612395999602,95.55807408404507
99.70552703389828,3,0.7703475812853099,96.66085925415254
67.73062762430439,1,1.4009173275621134,95.90543058814069
65.85596728344514,0,0.05287012589824884,98.22935421309435
70.69537009743874,2,0.5890453370022543,96.22791410046923
93.34171336603843,1,0.5259633817569707,98.23592961019355
98.93357064786366,2,1.026840667135195,97.11446973183095
79.25859672667386,3,1.2675657086846173,95.04185098591215
97.303919871295,2,0.5221603245214296,97.63860360413904
94.12436873569703,3,1.355449347865123,95.67967921934671
76.75363900152485,2,0.35077673850080443,96.81674986387527
91.24278147620849,0,1.5605805828582275,97.68944237438055
97.98827784829297,2,0.8978900357192774,97.22194584955152
84.81510744727069,2,2.046465620051797,95.18499662830138
69.54495798087619,2,0.33698789211419894,96.47286242850677
71.67970626238153,2,0.4307412162579583,96.46709585360952
75.04839049518884,2,0.5707833703611849,96.46747948032602
80.67547547681427,2,1.1662219111300365,96.03430748048467
77.76461577809307,1,0.24541965762192014,97.79372719975835
61.71338405994157,2,0.5994852284703613,95.76628692883264
81.52059242746267,2,0.02649840510360294,97.4442315352488
68.52924665110157,1,0.5956513397176831,96.91168072489386
95.4810283158061,5,0.24584115423834607,95.47904203070429
65.37489706244328,1,2.6598501577448417,94.27692466382835
70.07848574524917,2,0.6700870296296246,96.09981985170691
71.81705227376884,3,3.965887206534386,91.43178796584718
72.89808616500419,4,0.7421222335763117,94.55435762795864
94.09859755526142,3,1.1861347832531468,95.88156813785929
66.01986430946803,2,3.706896111415201,92.25271788177515
74.70276099860628,3,0.8694798829570392,95.29176219038186
97.88745862232774,6,7.711608810997001,85.84044235791998
66.6252608330629,1,0.6175557080117392,96.79019619203906
71.57120534905354,2,2.2606138464149357,94.26582365175476
65.11967697625946,0,1.5265586456149507,96.42411347407503
94.9326091547747,2,3.5548122016139256,93.88085581580202
70.8144172967249,7,6.99036150956081,84.55228705336327
71.13266641647179,3,1.231115679685325,94.6792945052012
69.79329352512838,1,0.4337110176788056,97.16921145504185
80.16333824477944,1,1.1518984945829576,96.82588871873942
91.5098980635506,3,1.056896744280436,95.907218810041
80.86380710180913,3,0.06869697728768887,96.56075398234523
83.55144181207214,3,0.12807485108295247,96.62388226930406
63.588772768256334,1,0.4643505307599913,96.82221800150083
72.25607316991841,3,1.0156343076993501,94.9940424892567
65.9513733495084,4,6.620519561744592,87.15294519338191
68.92352456326329,7,1.4319777916743759,91.12780287815391
93.14560155944388,3,3.8708289656126698,92.61228531923699
63.52476053317973,5,0.7969091887148918,93.21994700020112
87.64101946748174,3,0.7964945538927934,96.02625750870274
61.138528867342636,2,0.23714790548520392,96.17234895678489
90.22477080849683,3,2.1280432330626913,94.5575866607496
82.71203201757316,2,0.6251712469445243,96.78539610454523
61.1737656391334,3,3.196232696845095,91.82320904574256
78.09299315530214,2,0.4381746809810937,96.7788400405878
66.4527362712619,1,2.3099596322980607,94.75068525480542
78.82698306665644,1,2.55450127687567,95.07594762108202
79.71348236153014,2,0.685170263271969,96.56346980215014
83.02935830215026,2,0.5354422438740283,96.90893722245868
99.67883211060908,3,0.8801127914648532,96.52780625577263
81.95556253982949,2,2.562582134907039,94.42267956510302
67.79411276299352,2,1.3143723350628227,95.21245883607429
90.21184611008205,2,1.0616761480489858,96.63658092784532
72.19780125725455,3,2.172333559729881,93.60308979118687
85.10154473780912,0,0.7176877693087669,98.39385191371994
71.61949996777322,3,2.8229403967140563,92.79344652233179
68.5686860861193,4,3.723205133407434,90.76058814421704
76.61781265368893,3,6.536993488441077,88.58649844655515
87.88107549264721,1,0.7476822247634745,97.69683510491619
68.82262642234502,4,4.725316793750608,89.57075116861652
70.81482101801947,7,1.317305041378242,91.35997500124708
60.69026022187072,1,0.2986570564477484,96.87612454335624
78.99028493585024,5,0.47665465328024126,94.37752866285622
64.90738152133422,4,0.23336865555525393,94.76532668940041
85.7145329960702,1,0.7643476396695759,97.56850948220001
91.39151971771645,3,0.43700512786189316,96.64516983245154
74.18557385121052,5,2.3292598140642387,91.91416691568344
89.93348596904076,3,0.3501447910764861,96.67650054916025
88.13891088521325,2,1.4015874296841957,96.12504062863962
87.05107143328271,4,0.11602944866085396,96.01331823327111
82.42730105696337,1,0.5488955281464657,97.6626904190724
86.97417949630577,2,0.5267116362589468,97.11665501130456
86.69304653175226,2,0.9524229074774756,96.59174483761464
67.71038221402836,5,0.009487359653645427,94.37413427911704
94.20956230091875,1,0.6549639144604342,98.12452141769342
75.1751995849983,2,1.0097921813352675,95.94700936164759
70.58501071811327,6,0.010500571312775764,93.71664985033033
90.7046817559054,1,3.865709022283995,94.09638326105447
91.67243321987948,4,1.8231173196375305,94.19588087742893
90.48957115844044,5,0.138615055164755,95.35814049172431
90.6014786001451,2,1.4485518345760235,96.19181172851603
97.76029615612889,3,0.8606880359772067,96.4551891646338
79.92468081491204,2,0.6739629842956272,96.58747845959086
63.13301276409757,6,1.2727955840765326,91.82929593731303
98.87490139718219,4,1.3314309622074674,95.14602791521015
99.38114453650834,5,1.6825236580904266,93.9500288371169
94.26094248318725,3,3.458672118628134,93.1626405818056
97.87271672960625,0,0.5225634824235311,99.26655965757207
74.92430027264506,5,1.0663581533268736,93.46658522964
82.3082336120003,2,0.08415813656789793,97.41442191671854
64.25394662599328,2,1.4653741771583542,94.85424831870964
63.01228605045141,1,1.3425104361101383,95.73960177919041
61.6590914779984,4,0.8505128151134034,93.86233919576384
91.7097073744386,7,0.2666274631278754,93.66553241296847
75.15898245968407,3,3.4460838606557025,92.22264849019736
63.45914417424284,3,1.028465097490626,94.53879909172339
67.95324745722426,4,1.3453756380405362,93.58321160721258
64.92680016307766,2,1.7313314584821362,94.56874225797532
63.897078799088085,6,1.5896326020065432,91.48729481754656
86.09473091214132,2,2.4176418229241046,94.80356635809814
62.64412385499836,2,1.057033291967503,95.26376624238891
95.91446025119069,6,1.2036888038076432,93.55129644799037
80.99862013019398,2,1.8997033562867471,95.1702869789656
71.57101052681483,3,2.4112490351507336,93.28505168415987
70.24522396437823,3,0.3559808704261041,95.68508415370759
63.89351198255862,5,0.2550227337508614,93.88864831862689
70.99223469687902,2,1.0606256464430028,95.67686095911235
62.0404885003372,3,0.27331785443966067,95.37404299968927
78.80259686767162,4,2.231973412166032,93.06176174878435
70.1240609770443,3,3.3104445029845184,92.1336696452708
69.75427077678853,5,4.453995940558066,89.14291841016976
66.24896534738927,2,0.4521817991176637,96.16983010842827
63.48841603675819,2,0.37972114582230115,96.11875542685115
86.80496965134867,5,0.39223973095465514,94.86956080542186
74.93157756824766,1,0.9222207945715444,96.83991392492653
90.42864596076289,2,1.4277961355485376,96.20807693537989
93.92121026045808,5,0.8900858997654023,94.62795743330442
99.75534778308483,3,1.7611302447157953,95.47441109549528
91.52611914458348,7,0.5275481406083139,93.3432481884992
73.74828868420654,1,2.2641908182998005,95.17038545225057
65.55407833800808,1,1.2903173491803788,95.92932309788395
71.42273503215824,8,0.043721751545944536,92.11867064975277
67.00119762895565,8,0.943949834109818,90.817320080516
95.40840773884663,2,0.06046321972731662,98.09786452326955
65.2164377245598,5,2.8410196177665243,90.85159834490815
78.38496414756096,2,0.08812636645713519,97.21349656762949
75.08072758865654,6,1.6818815767906896,91.935778487284
64.56362331093102,5,1.2776721744725161,92.69497455617953
83.90569748663947,1,0.9419252846278799,97.26497453277852
96.91081033347253,3,2.7599231276111786,94.1336327635402
71.09110909870654,4,1.7128700632103186,93.29911137908294
95.83164010307527,7,8.208957082361902,84.34083350631948
75.06690480400586,2,0.17348852612551996,96.94515900884967
98.14239526931888,2,0.42357921674723154,97.79882470336926
76.7591742270495,2,0.5362587341179399,96.59444823041095
91.13323753052481,2,1.2126268826755506,96.50150961731558
72.09170710956299,2,0.27721313121503294,96.67192959802011
67.16430181156096,1,0.9737573896661771,96.38970622297863
97.15699032306625,0,0.6810510188609851,99.04058829352013
90.43575088443859,1,1.4945379674274866,96.92834198330894
60.39803636198031,2,2.0213474427375977,93.9942848868139
69.6804395498591,1,2.893262477581068,94.21210700439568
88.23121166608095,4,3.002093790609722,92.60904803457238
77.8577074389126,2,2.845223677405966,93.87861695905848
92.7720129642158,3,0.03967633077132445,97.1909890512852
62.170254619263055,2,4.248663727186001,91.41011625833995
64.85274668324864,3,1.2793174708071482,94.30745636919386
80.3379474551519,3,2.1434804104825567,94.04472088017853
69.30025689626933,1,0.8848756757717797,96.60316203388733
92.16877009100486,1,0.7003607432029529,97.9680056127067
64.15596812350569,5,1.597003264518873,92.29139448875264
77.78253942622175,7,0.4919459257170624,92.69879186045061
93.33394446217903,5,1.347447135108558,94.04976066097868
61.621858865939146,4,3.2322375834686126,91.00240784313462
76.13847879627562,2,2.147979863531539,94.62934810357594
60.493147421545615,4,0.13182419698437092,94.66646833469603
74.60875016629471,2,1.8550898478843503,94.90432969085352
95.13112631692734,2,2.816856813932832,94.77632813912697
65.83453940315046,1,0.42288667602781504,96.98426295892415
83.65633990005838,3,0.4944339975680211,96.18949619792129
87.37832829711385,1,1.6644846558550612,96.57153482782962
84.80368163009112,2,0.34364299953956934,97.22781248205708
82.37425472465709,4,2.8778635018130845,92.46527653405715
93.84270751501784,1,1.8664874149935797,96.6523504777586
88.90327323345936,2,0.4529088932789417,97.30167298973824
72.9807173636137,5,2.3925000916715398,91.77803575817484
91.37527031687424,2,1.2276278921677124,96.49561004524246
61.840454305256586,4,0.6538465480071887,94.1074068576542
65.73115711587522,5,3.373892119789855,90.23788731204593
73.08863252826808,9,0.9527920491290509,90.31108116745854
72.03990590734665,2,0.02629304635444961,96.97044363974199
75.87697612930918,4,0.2963577602505571,95.2382194941648
84.73913177027745,3,0.46317613822233217,96.28114522264707
78.28681997160736,8,0.016902969656201052,92.49405743499292
99.47909086702796,5,0.3731074990632374,95.52622554447551
64.70555735577175,2,0.30884593686500744,96.26466274355057
88.27664433131112,4,0.5443437034192038,95.56061977246252
71.14692610588001,2,0.4469564529505847,96.4209985617533
80.22976203009722,3,2.491451949121746,93.62174576255876
78.88780793362228,1,2.391590547964052,95.27448173912425
88.11972736892402,3,3.1714509921585456,93.20024517785595
82.23471470714915,1,0.2893854416319965,97.96447320539906
86.0071048264985,3,1.6589352953552199,94.90963288689866
83.24288246591274,6,1.5364654321442621,92.51838560472252
75.17482463357995,2,2.5714840660498837,94.07296035241913
74.81341535992293,5,0.11568759078631438,94.60184565905257
93.60936269461163,2,0.4976440180853493,97.48329531302817
97.49794242960618,1,0.3010433848630545,98.71364505964465
89.19476704375067,2,1.3218270400050898,96.27354590418143
68.39739833315905,2,5.588947672350392,90.11313270983749
78.96019019624532,2,0.4181669019447482,96.84620922747857
70.22730504829522,3,2.775496337853657,92.78076964699036
92.09097292179047,3,4.035408112892167,92.36205891061893
66.77694960789643,2,0.3349684257560924,96.3368853694875
93.44744833260845,2,3.018178649118578,94.45055803768813
90.31189858929041,1,1.2017576797378795,97.27348571377907
77.10876109431175,2,5.4777751451583505,90.68210788052556
60.96410027008644,1,1.0674222804380806,95.96729827697862
68.64544633917296,2,3.152186807586852,93.04964814785443
97.75462692344252,3,0.590078832052501,96.77963674770912
98.43012667793985,1,0.7175033402593718,98.26050232558575
60.310024034623055,2,0.04992294489836661,96.35559366785311
64.65342889635117,4,0.19526203095909817,94.79835700766664
93.57814863773103,4,4.1702526126272765,91.47460429673382
60.56474533943312,4,2.2332801213590843,92.14830112134075
97.22825638657784,2,0.12552441071357506,98.1107835264726
98.23325810888515,2,0.45823380121136353,97.76178234399062
78.57236067231977,2,0.3614661907142091,96.89485860475894
63.850821716751184,4,2.8255205177671012,91.60191646451703
62.3363495236227,1,2.6800896533949823,94.10070989210716
78.8893017106604,4,1.4481660808100338,94.00666578856098
73.27795856447288,4,3.01618520994191,91.84447567629336
98.32276221352419,3,0.43613033863858314,96.9927817043099
61.53732573960596,6,2.7748021059883503,89.94710375979427
99.95030192177674,6,2.1918483885511426,92.56729702982747
96.7802549670354,4,1.263431603212568,95.12289482449668
91.194806316143,3,0.1967144131746862,96.92368301999753
93.04243512748833,2,0.5844729512172373,97.35075421491374
75.31456543890286,1,0.35860500257703704,97.53540226885269
95.75874344778558,2,1.6299968883879212,96.23194090632377
62.95386013211968,4,2.4282219047207634,92.03382672094106
62.1808595580593,3,1.2373198977288986,94.22425910062829
79.88914802913926,1,3.1671586129488727,94.39386706591831
92.1054639525145,3,4.046650425262977,92.34929268731015
71.38693166018564,5,1.3684146895570255,92.92724895554085
63.0424132381856,4,1.4435407500657955,93.21987176183032
95.36071439160733,2,0.5262951313287729,97.53648156198584
96.7843270781509,0,0.19534206939508703,99.60480587063344
89.33377799664439,3,0.31968640826018324,96.68306520992
65.81202530724632,2,2.204542737445634,94.04514998042755
60.07377267672966,2,0.24638318673339893,96.1080288097564
62.491032420438245,4,2.018409201132134,92.50246057966335
92.81404484675306,0,0.7067277049795339,98.79262899636221
82.29266148280641,6,1.346291136128846,92.6990837107857
75.47004120036726,3,1.0577730389590216,95.10417441326754
95.37427239042802,4,0.1764049129202684,96.35702772401707
92.6913779854408,6,0.5797787056233605,94.13883445252401
67.07984765561781,1,4.076057735680383,92.66272309996444
66.57733016802734,3,0.7968905702446463,94.9725978241078
76.18046315128615,4,0.10146708393083159,95.4872626568473
90.99970165755835,2,1.4370938473015813,96.22547246611602
87.68673574886044,5,1.2533497088131873,93.88031713686719
97.867943093817,4,4.601787645640021,91.17125197992283
85.99014820386981,1,0.9698365023969189,97.33570360731719
93.32371565801807,3,1.2028408501271197,95.82277676274836
80.16957079392412,1,0.7218211881994703,97.34229311385684
65.36644877379123,4,0.20847699769309552,94.81815004145784
69.8994165922831,3,1.9768821239160341,93.72271228091492
88.20813408007578,2,0.5836273362858025,97.11005390046083
65.98770449930865,3,0.18510008862261826,95.6772651186183
96.45799253101708,7,0.39804410463542195,93.74524670098835
69.64117035025438,1,0.29359589907847283,97.32974343861855
80.02434734880396,4,1.6112030926297796,93.86777365628446
93.93301269686634,3,0.6482459133734733,96.51875553879515
89.19011559048435,1,0.4073558408212089,98.17067877053877
87.19828857780004,2,0.31672433151751145,97.37984523106898
71.25251920202233,11,4.319429240385444,84.57931087163858
76.7927697833836,6,1.180422584998502,92.62313138717097
60.42669642781084,3,0.41850931356672416,95.11912364511048
73.76328807693832,2,2.140294262993422,94.51981128825481
70.50638252088117,3,2.0306479911000723,93.68854153672397
81.6532143701238,1,0.6756914771819038,97.4718309458879
92.08895728028575,0,1.8281153520360678,97.410709441571
86.21505105056954,1,3.703348478231657,94.0667343786505
72.01399210946896,2,0.9683387667960894,95.83869308531814
62.01622176944132,6,0.8484654400658436,92.28265256039305
63.1244174685663,3,0.09505703428553845,95.64215243228567
60.06815312164225,5,1.4058926496989592,92.31633647644335
89.05368779393345,2,0.12458599832095345,97.70318119171152
96.6750339032246,4,1.5794706719332674,94.7383868888413
69.72447748366092,1,0.9698474098889953,96.52240698231626
61.99425725132961,5,0.3394001638419259,93.69243266595618
64.41153680585775,2,1.5446179919092367,94.76703525000181
66.11541319457251,7,4.456783924415398,87.35762995043015
94.43678312786749,4,0.2348337896109646,96.24003860886022
68.82438570566072,4,1.7886097968155297,93.0948875291044
99.53944881281004,1,0.9729347490313388,98.0094507418029
90.81549970538123,2,0.5161787408612627,97.32136049623554
68.82872430559155,3,1.1092872531958042,94.71029151144461
99.84515925014597,2,0.5570007447144145,97.72385706885
82.63867295314192,4,4.471730062496464,90.56585757266134
74.94438726071849,3,0.8837851755135815,95.28667715241963
83.1196882595955,4,1.28107652499046,94.41869258299123
84.77549423877207,6,3.7726898780867835,89.91154685823446
74.68848725532594,4,2.31474549236645,92.75672977192656
63.576430029244726,5,1.0995081346347653,92.85941173990052
85.46466355390251,4,0.026075103589464875,96.04194305338777
83.25638783593826,5,0.1391571425609843,94.99583082072373
89.00118470863498,4,1.6535175893246024,94.26583812824222
79.13879907048201,4,0.7453996266067064,94.86246040159605
90.4982439669605,3,0.17353398383206545,96.91667141774954
86.8109982397081,3,0.6881146264123662,96.11481236029057
66.47314413486465,4,0.5736802176150693,94.43524094560514
65.73663992484049,2,2.57192137101787,93.60052635102058
88.81554421197703,4,3.5726391905692374,91.95361018191576
63.19815364406557,7,1.0038999391134995,91.35522775526708
95.91426816969138,1,0.3359179509748474,98.59261186731476
77.18027689741979,2,0.5761331960581126,96.56765400960126
63.64658439027342,7,0.12376615110507243,92.43380983818759
86.99902469465117,4,1.7610507486562592,94.03669033634505
65.63856410408573,1,5.791064989752955,90.53265021750074
66.70581921452377,1,0.846943358948366,96.51895892998814
85.21254729256549,1,0.5417483815125396,97.81052930681322
79.92974447868771,2,0.12951311233833152,97.24107148912839
76.07560932955164,6,0.5374926817298553,93.35878924840175
69.08471513755258,3,2.354336163503696,93.22903236067319
77.34504334170525,4,3.1855669617880094,91.84457181293965
65.07124026736125,5,0.7274681908167107,93.38060018438802
95.8765349635921,2,1.480332015876664,96.4174283291276
79.25990548618711,5,0.4647507061118813,94.4052944269751
72.02174049239136,2,0.07939085701865146,96.90581799619719
65.09200944529658,1,0.9852142568439923,96.27234336405203
73.35212332904581,3,1.448289795240546,94.52965841216363
69.90921349505281,2,0.07261544501665411,96.80832214073266
69.64453073205335,6,1.7612287054050797,91.56875209011658
61.522667322647116,6,0.4198508894018472,92.77231229885014
61.18389092848521,3,0.06091056213245631,95.58610187186531
70.45032038440434,1,5.108898184475461,91.59183819784967
87.93049488255271,5,3.175951999868751,91.58538234428514
69.00331534303443,4,2.29056132570297,92.50149217630816
77.58581607205984,0,0.8029420133527863,97.91576038757965
80.65326302988765,1,7.57067776528552,89.14784983315175
94.84781608089942,2,1.1770400284182334,96.7299427699431
78.8214077426955,0,0.5684253325983296,98.25895998801678
65.02082328112506,5,1.960930780136617,91.89792422789232
70.91795240706145,4,0.5112109050359142,94.73244453430998
99.24697693441938,2,0.17252379002382118,98.15532029869239
99.55483131918766,5,1.1221741391321056,94.63113259900085
63.698061500017076,5,1.5435930432350484,92.3325914231188
80.48629925646661,2,4.077682287983185,92.53109621724352
96.29244627946645,4,1.9211423960840919,94.30925143867242
80.71535680513506,1,0.195353432268255,98.00134372153485
71.84764255409668,4,4.1819089230173665,90.374091420084
84.5140241395094,3,2.0897700407126245,94.31797715812031
89.00691057867905,8,2.6607808262744546,89.85740853740461
70.12782713823162,3,2.900956899878287,92.62524307705763
90.76544482687376,5,4.122660975745981,90.59107907044852
74.06249670443437,2,0.3186273083522984,96.72077206519896
77.04885367456873,6,4.568911599917866,88.569748763827
83.60818669751353,0,0.5157007633093845,98.56156841890441
73.12890817960403,5,6.5744254674358755,86.76713484805715
61.25211277441232,4,1.3254978614789752,93.27200820494585
94.67755403171563,4,0.6356324997657798,95.77111870186684
74.08825648077121,2,1.4973879404811417,95.30754729546119
87.0939171723704,6,3.3703896213865434,90.51022831295467
61.69969291676213,3,0.2242044245149034,95.41593933642022
70.86688219804887,2,0.5121897981471442,96.32871635212587
95.57264972996215,3,0.8095043942852245,96.40722721335584
65.44978208178098,3,0.3451220487756925,95.45834264555822
77.94323888731203,2,0.9286007746007492,96.1828410148447
87.7160224215612,3,0.12315607628518399,96.83801382953584
65.42598097040312,2,0.39354833825910474,96.19904104260922
72.02714783134445,1,1.7491093834853313,95.70242613138483
69.45603999301831,1,1.0396352318700512,96.42523972140685
93.67930911489105,1,1.577388029426967,96.9910998204322
83.69846627115376,2,0.6716447150291458,96.77894965552271
86.8331932199101,3,2.1633060542830314,94.34569239585586
78.85899389090703,2,2.9065175361659206,93.85512865114625
94.52537757506909,3,0.17916351535681815,97.11127266032527
60.82691785615001,2,0.9404774070830726,95.31277300430781
63.02500453384701,1,1.0664678068619835,96.07148885845797
83.20572341311643,4,0.8732359255829186,94.91240305995632
75.73308194129122,2,1.0575578387326625,95.91758469058537
81.49152744823579,5,5.510840827229926,88.46156737973588
95.41340041796191,2,2.4600036302011583,95.21866566465671
62.76474445805037,4,0.6462456083871333,94.16274249283796
79.33503650867966,4,9.372737294946372,84.51946707149834
81.26146081130429,3,3.1424481165219413,92.89213530073889
62.83611747684947,5,0.8033403838853436,93.17779741318006
97.69593325226042,3,0.17279718186146836,97.27744004437926
99.7675106529387,4,0.8503825869779298,95.76791642827342
77.25397511465329,0,0.9053936204633356,97.77622641117667
79.19177634069868,4,1.271135600259599,94.23422609672342
68.10890898045118,5,1.0025189563782892,93.20242270136862
90.59114982383065,3,0.17904151559527,96.9147076724772
85.98994795084394,4,1.5588333723692118,94.22889735069914
65.74477777098527,5,0.09150023219370593,94.17743860991682
96.74450207362639,7,0.3267041507429984,93.84518012278971
70.93278189216315,2,2.254830258041958,94.2408427849578
80.9358125344485,3,0.8417369448411112,95.63670629291309
89.56061158729398,6,1.900011856426786,92.39801635165256
87.11000652005286,4,0.30103774216283996,95.79425503540723
88.51856254307066,0,3.3084686982350284,95.4557656892715
85.32737933074607,2,3.818181377786164,93.08455131319391
88.49289300141042,1,0.5910820536112779,97.915346185737
67.38537179236334,4,0.902125790553204,94.08671764095432
88.42481215856482,1,1.2717738261724962,97.09511201652124
74.67214154948094,3,0.22526574740492997,96.06328818058813
81.08015878216789,3,2.666670992376427,93.45400274825668
81.3275132136438,3,0.5663075267027022,95.98680662863894
60.21535950447676,3,0.045829518951863615,95.5557725524816
72.62538133973126,4,0.9809615077668885,94.2541152576663
63.651310101471296,1,1.0634981894251365,96.1063676777634
61.19717860260901,3,0.7444507806724411,94.76651799332352
99.17030113511115,5,1.9380825077165276,93.63281604749572
74.95573846532797,3,1.6843828147137705,94.32652754560988
72.13910567232257,4,2.839894586926796,91.99908177930398
63.304697232052746,3,1.2430425780893148,94.27358376789546
86.17461462306353,1,0.05409902980765472,98.44381189538399
90.43569798496577,3,0.8357845959211148,96.11884338414295
89.7914670207411,3,1.3104173525155904,95.51707252801835
60.9426744432264,3,3.1393507539434107,91.87991281742923
85.70016291223621,3,0.6638913478299188,96.08833852821591
76.42699176843341,1,0.05709227186000476,97.95283886218967
66.96424817070954,4,0.7705897503649743,94.22350470809751
88.79012910359428,7,0.8220719117277258,92.85302016110644
61.42890438047642,0,0.19720326152863485,97.83480130518946
62.99589595592382,1,1.47090006347223,95.58471472162951
67.60696903981109,2,2.270910908344951,94.0552553619766
75.4594888420558,4,0.1321995385688277,95.4143349958202
66.85244505631003,4,0.1561128324509307,94.95528685387438
96.31058606548673,4,0.47821466975758675,96.04167169956523
82.6025128298838,1,1.592244970790214,96.41943167654594
91.53228412105814,3,1.7924110444445938,95.0257209527194
67.54236408801309,1,2.194073158196447,94.94423041456491
61.14949206672418,1,2.109195581873713,94.72643990508776
80.13972342291936,4,1.3238382767132146,94.21838023909011
97.34120403016767,1,0.5031444807739608,98.46328682457963
85.27246654339531,2,3.951071224721067,92.92233785750449
90.25195270651244,3,1.4895566772008784,95.32512962268457
74.07964249030617,3,0.3218402936537259,95.91777377213084
84.31771484059769,3,0.676198322352939,96.00444775520636
96.75333168690716,3,1.295405776906711,95.88317965205731
93.39924017745682,5,4.543758255472294,90.21745210230608
81.24884983392926,3,0.6546118508432028,95.87690827068462
70.5595208774319,3,5.571703034606425,89.44193240234388
77.00488536805398,3,1.7063646853235697,94.40260664601442
86.47226785020361,2,2.9989042282830365,94.12492831857054
73.26310118561469,2,0.528519388780948,96.4289317927436
75.41122536258612,2,2.2347583307654584,94.48885127121076
96.7363470769884,5,2.6606725376278035,92.64401030869605
86.94810018707557,3,0.2865222796896544,96.60357827372619
88.53595387063393,3,0.8413009289850844,96.01723657874959
94.85590084124405,5,0.21223731712278598,95.48811026151486
78.64358465716812,4,0.06931065877777054,95.64900644232509
63.75352613403487,5,3.197527107765837,90.35064377738274
64.52941542069101,6,0.7828761368348833,92.48701940683269
64.27924834949229,3,1.0723006236281152,94.52720166912087
72.19732776410592,3,1.6330052605895418,94.25026007549785
75.06502256193873,2,1.8030775471818101,94.98955807147877
90.3459840941504,2,0.6186733314858891,97.17489120692446
69.01127962565492,2,2.065128912214603,94.37240928662523
60.15301897786907,2,3.380643665377513,92.35087855044044
79.49219970523272,4,0.44644012456067284,95.23888183578883
90.63766345534911,2,2.596858094038665,94.81565345992105
75.46410413016234,2,5.335098215429404,90.77108734799283
99.08319098174788,4,2.6272592180894936,93.60144848738
74.14921590228734,2,7.211889303860305,88.453193630482
64.34295569553959,0,3.069515603876235,94.5337290601255
83.46417633233925,1,1.2831199106177211,96.8334649238757
75.74902340943598,5,0.5998945476648256,94.067577713274
79.0864381163061,4,1.3114315437658044,94.18060405329634
77.08399326934116,3,1.9702909235744783,94.08985055517769
88.79790668700007,1,2.3261063195479474,95.84856775089247
82.35958312986408,2,0.2650015136246523,97.19997734014362
78.10280181132077,4,0.20927430898758992,95.45401091978093
63.374223752822786,3,0.16336922569471993,95.57266811680748
78.4066187997179,3,2.5095475586876494,93.50887386956072
82.56659929514484,1,2.0184818041960475,95.90615179972198
62.385351295895845,1,1.1349856977762929,95.95728472746325
85.80920234838369,6,1.2519580231898608,92.98811048959135
82.88357357649569,2,0.23277814565379662,97.26484490404023
61.048292196800624,2,1.0865577990924882,95.14854525092905
81.38280833461886,1,0.35413366784326905,97.84418001531903
91.77836855301183,5,0.07400973185669116,95.50010674942256
84.23035802722417,4,2.3874018954360614,93.14663562683793
70.7319621640321,5,2.408262079308789,91.64668361303106
80.95837719239769,2,0.21090074136192166,97.19483796998558
67.69271251215972,1,1.6266814912050667,95.6326178361619
70.83376179086426,1,1.0369773557855055,96.49731526260061
80.13650083537144,4,3.037772497809892,92.1614980443967
69.75661022714502,4,0.8965822014273013,94.21193186964449
78.66215372261924,2,0.7612287793778503,96.41963315087754
90.59802452642234,4,5.046803064007254,90.27373754951242
93.49635879513681,3,2.8083795810020433,93.90476244255439
97.3851362467461,3,0.7850271939031441,96.52722417965353
67.49897094854563,7,0.7988195820212574,91.81636504900177
96.79211002875996,6,1.5152279135580509,93.22133200516834
78.8247569717798,2,4.3747548956137114,92.09153197385254
66.37068242538552,3,6.413998580904407,88.22173582418398
89.96047411056091,2,4.36734453552904,92.6572102628932
70.80264286207226,3,0.7783731445763844,95.20608436961196
86.01089746855106,1,0.24978253387027438,98.20080583278322
65.31017240177042,1,0.39070171040520085,96.99666656760228
81.94765064837341,3,0.7376558127252018,95.81219555714843
70.28327362075127,6,0.4224083756804786,93.20727363022098
86.86882113333684,4,1.7930562317903838,93.99177357851838
61.36996281423458,0,0.901034454693429,96.98725679507962
86.26160510199612,2,1.1444142294268222,96.33978317978762
72.33196769108322,2,0.32091259479787004,96.63150327079671
95.70576438277583,2,7.916242448212417,88.6857972812839
96.92190731357303,0,1.2002124878040945,98.40584038031373
94.89069534412619,3,2.3429968164453663,94.53293858747188
78.27140813564378,4,3.52495419997781,91.48362536680881
64.63536922906567,3,0.5371719131874979,95.18716216562828
94.25263672405808,2,4.6460044386435975,92.53742650983058
72.21760529501628,3,0.049243530278325655,96.15178802841682
64.07157246017364,2,0.4281919119294013,96.0897483286934
76.84918034679768,2,2.7294469333693225,93.9671226972967
86.50435456678245,3,0.22122583640188265,96.65974672465687
75.2627477316014,4,4.34764138807409,90.34596772089117
98.84365060899938,3,1.4286214003818063,95.8278368499918
75.153455236698,3,4.746026733342467,90.66244068182394
69.99227205050552,1,0.6060228320362958,96.97238620408172
74.83725592416411,1,1.284930969525183,96.39994563277799
72.06106405314875,0,2.9485726600198046,95.06476601063368
83.37638708266564,2,0.3870795333587692,97.10432391410276
95.78536227989076,3,0.05250387955663297,97.32626345852658
63.30292414205268,2,0.04960591715470248,96.50561910651699
82.26193848222718,1,0.2630339323899144,97.99745620524347
90.4808584959487,0,0.8670092182649751,98.48363186287946
63.47484665609934,2,0.9269878508973097,95.46135691172819
82.82341991459211,4,3.0517374612588686,92.27908604221896
81.87699163929086,4,1.3419082075960618,94.28355973284927
79.6667593577393,5,0.6126214518474538,94.24819222567002
61.544315743877654,1,0.9171516694730086,96.17663378382628
78.43299055594926,3,2.870687381913007,93.07682466950186
63.64003622738876,3,0.023234292685513504,95.75412066014682
66.66090717032947,2,1.6903477293306601,94.70462808331968
93.7710595995672,2,0.023485494830840354,98.06037038618135
89.27209331993147,2,0.34794571842405403,97.44606980388771
92.60689214746569,5,0.43880941767208814,95.10377330616677
99.4714031526621,5,0.28844556077041383,95.62743548470861
79.69692342273532,3,1.333054625392868,94.98518062066532
79.09721969011859,1,4.64214819537714,92.58428315005337
98.0576889897801,4,0.3740045132918685,96.25407903353876
60.235347506600334,5,1.1019937902420163,92.6893748270396
89.4631159530146,1,2.02560450598417,96.24243039046972
68.78257567499008,1,0.11630851822917691,97.4995585618745
85.17774667926615,4,2.0705407659616943,93.57423841480927
74.12298750439338,5,0.1256077874949351,94.55542003022575
61.09069919756795,1,0.5938944438361787,96.54186162727498
71.97314351849792,4,2.2043941749027987,92.75338416604154
97.47453053140077,4,1.003616834547763,95.46938632511272
62.191645374253476,5,0.4061255205267251,93.6222316440806
86.9217830459761,3,0.06504952530285243,96.86802972193539
70.41458102008755,3,0.5914011009186375,95.41104772990201
84.73385653817857,3,1.545799778947901,94.98173309217145
98.28983473366203,5,0.8547921584265872,94.88874114657119
92.74089927127474,4,0.6411028341936127,95.6677215625314
65.84985343428622,1,0.9206459492114186,96.3877175326606
74.47267757744076,0,1.2977059221021683,97.16638677234944
65.79265919563763,1,1.1023066538809547,96.16686497512474
63.8063716965608,2,0.8865395371634232,95.52647114023193
73.70940502869567,7,0.7148428212041347,92.22765886598982
81.83442823592372,3,2.4219751853919504,93.78535118932585
69.66939201980135,2,0.9333044934924952,95.76350420879908
60.05777863661285,4,0.6566879635904601,94.01486337552208
97.26319078715247,5,0.20465371186239373,95.61757508512275
98.79322558592499,2,1.1989150642773612,96.90096320216341
75.27467389046495,3,0.9329242527184827,95.24422459126107
64.64615116264645,4,1.403743012181062,93.34781594351504
61.50548359007713,2,1.1777882296978355,95.06192830386645
72.4130248428832,3,0.06235806887576599,96.14582155949324
63.63093057500846,3,0.6559802248930768,94.99437025887873
85.7807236475229,4,1.3290629525073276,94.49416063936735
89.29071748441342,1,9.55615926131835,87.19714476063865
97.1223989107514,2,3.1666338229665665,94.4561593579777
87.90078522352616,1,0.5174198492965274,97.97413544202047
61.52549091231352,3,1.3755160015516408,94.02565534375371
66.23540145064038,3,0.32349360197072574,95.52357775016715
83.79299504260965,2,2.733644426980249,94.30927643975419
62.85588418406134,4,1.6528259352159185,92.95940308694396
81.30909051249962,3,0.06938269090279536,96.58219529654163
65.68139170253012,3,1.4981164096680075,94.08632989352489
62.358681077162956,4,3.012443678734459,91.3030016393768
88.93051971551083,6,0.10149783264034144,94.52472858660713
96.33977005346546,5,1.3010550589372696,94.25572243194856
78.43988754361118,6,0.8977958340296952,93.04463937634492
68.4884787240685,2,2.1746802839400345,94.21480759547538
60.79975968033373,5,1.7738070330883593,91.91141954431066
80.43944029569673,2,0.5246394304496487,96.79240469824526
78.33958500501171,4,0.8267555569218862,94.72487258194433
61.92671873405932,6,0.5743665342936057,92.60709609555065
72.74847774778819,4,0.5157461095975404,94.81852855587236
67.29878904603257,1,0.024338457141137713,97.53573330373226
88.64352139050182,1,0.6930711525163009,97.80049068650553
96.21472508461648,5,1.8058097648322278,93.64376453643214
99.47286467997786,2,0.6797294674148847,97.55796787310103
63.45702802386362,2,2.7235550858934894,93.304585298121
66.0150668524152,2,0.6708926352534574,95.89568218031661
69.77246999734554,2,0.9457054274604859,95.75377698691469
67.37727607445434,2,1.915454804540052,94.47031803827466
91.67785898924996,3,0.7591752446652791,96.27288265586417
82.27949581926558,0,1.5940761868090818,97.20108336679237
89.70431876019143,2,0.11413364989696026,97.74825555813322
96.96467215144432,5,2.6559035490357976,92.66114934872925
75.68685382888646,2,2.9486218685850685,93.64599644914225
77.84991957256692,4,6.438825174557195,87.96590576915972
81.0395605718474,4,0.17136338984287655,95.64634196078092
97.18189137299325,2,4.83530559320104,92.45672785680841
91.64487081349237,3,1.5666137885908942,95.30230699436555
92.09824416504924,2,3.0168491635405967,94.38469321200374
80.5085031865676,2,0.6394741219497284,96.65805621298871
77.06946859929892,4,2.094924947180548,93.13956349334829
60.91423078015166,8,0.44222041107352317,91.11504704571935
75.87695436369081,4,5.070933878590554,89.50872706387588
78.93391914692863,1,0.6202637193837711,97.4023794940859
70.35035826919491,5,1.312395127603339,92.94264376033574
84.72099112944612,5,2.0012313380142133,92.83457195085525
69.2101812353466,2,0.7997105733306964,95.9008563737705
72.41123317816358,2,0.6377892521771081,96.25521455629566
80.19856998811804,1,1.1869729705305512,96.78556093476924
79.16603133135871,3,1.4556031955551627,94.81157773190174
61.83735228223139,2,0.0030264121549186986,96.48823591952566
87.34977966531419,1,2.9090866543132536,95.0765849980898
68.10881096369626,3,1.9307783621712944,93.68850651357926
61.75984120291173,3,2.8652355001871737,92.24970945992098
60.92066365418128,3,0.40901158900114415,95.1552192759077
83.47415226707204,3,1.3386534533783858,95.16732346929953
76.79930432294513,4,1.6959056882986796,93.60487839018884
79.54078802621814,2,4.501007900885082,91.97582992024881
82.12291517160085,4,2.4310650437953565,92.98886770602562
92.17875009849347,4,0.07657779186370224,96.31704415468823
65.63459747030517,4,0.7203287713350361,94.21733534791322
66.35163206300643,0,0.4605981962999261,97.76486376759041
69.77887376748865,2,3.7904377375329545,92.3404184033349
89.9275572639326,5,2.951982992820818,91.95399827181164
78.30989594089054,0,1.5466440163921613,97.05952197737393
87.07052367671861,3,5.514600890601248,90.33600511511443
92.98713739023752,2,0.7163566913706351,97.18972883986712
79.70510129201918,0,1.3484471507980191,97.36711848364334
74.31426175888426,1,0.5816583932784948,97.21772301601001
90.74664224051955,4,0.45434685615794257,95.79211588463644
81.95206906404326,3,1.0195036926951786,95.47419902196795
77.64347889824265,3,0.0714254546292653,96.39646339935702
77.56537710089508,3,1.028414815410117,95.24417107655262
94.47887576727919,3,0.1750021827264822,97.11394116909219
65.05424862730106,2,4.438342225289267,91.32670176101793
92.40680666146517,2,1.2603471144497915,96.5079237957335
97.64227639686919,0,0.5158845765719889,99.26305232795707
62.060459685357415,2,1.9091776638215867,94.21200978768196
66.5775413974187,1,0.24311585868657903,97.23713803944705
71.20441452728895,3,2.825356111273314,92.76979339283648
85.97469750088428,3,0.1311519457930727,96.74135254009252
70.94431042650272,4,0.1850622118976831,95.12514086704792
99.52879313248792,5,0.15123852463569096,95.79495342706157
97.06046985556318,4,1.4265386140362293,94.94117715593468
70.20115213648845,3,0.055279287857379955,96.04372246139556
64.94818576843572,3,1.7699619363982484,93.7234549647439
79.71794488741921,1,0.625771273198335,97.43497171653296
85.39576311707012,3,0.3761948631725743,96.41835432004642
81.2526896112006,3,1.2677381379293544,95.1413487150448
96.9319673069277,2,1.5409914848263127,96.3974085835548
86.76571710778805,3,4.737852907609082,91.2528623662585
68.88384831717414,4,2.4717163441914303,92.27813280282899
84.3609409203913,5,0.08430496624949671,95.11688108652017
64.45755595502085,2,0.6230277258524697,95.87524452672808
68.03923728179142,0,0.24698297120977764,98.10558229863784
95.32311843670689,0,2.229837188257333,97.09035129592654
90.13844423486334,3,0.28529997768921705,96.7645622385161
77.16090369956905,2,0.6691983821661298,96.4550071263791
86.28177096290804,4,0.8401273759435381,95.10593569701315
92.5523275382601,3,1.0528904015176341,95.96414789509184
77.28829428443439,3,3.506240850127959,92.25692569406817
95.41363803389872,4,1.3766814923722204,94.91866411084827
64.96446109979426,2,0.6213909361634959,95.90255393159352
80.3605716578829,3,2.9246177414591474,93.10848729314317
61.10607023461021,4,1.1212501982578715,93.50980327382106
63.08623306158762,1,0.09822965773849036,97.23643606379319
95.71919223713348,2,0.3321772355472896,97.78734692919993
99.93645044943125,6,1.26555391661213,93.678157822537
74.40156524388041,3,0.40636675812368594,95.8324381524456
82.68462336969066,2,0.2783994459656948,97.2001518333257
83.85272936341724,3,0.7828947435893152,95.85316277586368
95.31683089012644,4,0.9123749771264212,95.47099157195461
73.34047378793638,4,0.4244692494881878,94.95766059001099
74.81129580092613,3,3.232603530652508,92.4614405532633
78.4265046028454,1,1.164305969243038,96.72415806705062
73.53696065822379,3,1.656612679508516,94.28891281750097
95.43139409410756,1,0.9149878726718019,97.87358425749922
98.4533690531047,3,0.8849379965550488,96.46074285678918
63.10288041766838,4,0.7588920453343606,94.04447356648218
92.38560865291737,1,0.8369087534790131,97.81498992847105
75.34905960630006,5,0.4877792393362361,94.18211789311152
63.78955873050518,3,0.33526934730913294,95.3871547197543
77.38013528114496,4,0.29481999458688163,95.31522277055299
88.85988306293895,4,1.1033299415600748,94.91899822327485
86.6105094456937,4,2.336201034543254,93.32708423083278
64.16330836214924,1,0.2349420233333263,97.12623499010748
96.52729370678105,4,0.9986784599128948,95.42795053344358
76.79683367123367,1,0.08246002206136764,97.94088965708804
79.70049862010595,5,0.41078796671907525,94.4920793709424
90.71961873289784,5,1.091959243264114,94.22562984472796
99.58132894702547,3,1.3317703901894002,95.980941979124
72.58028023876462,4,2.850946058489774,92.0078787417505
75.4701680166572,1,1.0900584468294483,96.66543826463752
66.00511810447783,4,1.0216899957359917,93.87422791034071
66.5276183754653,4,2.9462508325657035,91.59087991969442
87.2976769850658,2,1.6913470150695924,95.73526743116977
95.8836304301118,3,0.9797232985400576,96.21851356325752
78.34506242426332,2,0.6856155748845388,96.49451443135172
72.38641918439117,13,3.6567417168200675,83.83123089903548
77.88852968716843,2,0.30523041481456786,96.92814998658093
70.2500463668238,0,0.14249326575094054,98.34151039944007
83.704989415445,5,0.6471726118959829,94.40864233649707
85.70861419088277,2,1.0555020452453352,96.41882825524974
71.45185652208308,3,0.302254021561578,95.80988800023026
91.3151726475505,3,0.27128077138609946,96.8402217067142
95.71618576488794,4,1.2199082779656363,95.12191935468563
71.73799881132548,1,2.0880583588912214,95.28122990989681
78.34721115553108,3,1.4208371718491106,94.81235595155762
62.5426391809878,3,2.2274727657954054,93.05416464009491
93.04559947284227,2,0.19858080404911682,97.81398300878317
97.21184405885003,1,0.20945183916730942,98.80924999594173
78.81167557485824,4,1.2734833535120604,94.21240375452844
82.35571604675243,2,0.133637683229728,97.35742058246194
99.63125039866952,5,2.126796236190326,93.42940703650508
81.62972188575398,3,0.08934199066528851,96.57427570548936
89.81718237167485,5,1.956074265437217,93.14357000005909
97.81528548809825,5,0.3173670952024681,95.50992376016195
84.9707920478687,2,0.21912368778912197,97.38559117704649
74.51558223907486,3,2.196697846350341,93.68974169633333
67.48670280876726,5,0.13453750749587687,94.21289013144332
78.24727284628432,2,0.04950709868385644,97.25295512389359
76.79560661124387,3,0.07029667195973162,96.35542432421052
67.2977449537407,5,3.7193700547219652,89.90164318202068
78.64810817479818,4,3.211697498281168,91.87836841080251
66.925139788742,4,1.531545177557886,93.30840277636764
99.10481693101761,3,2.5503138908351213,94.49486417754873
63.67982423009211,3,2.657486143618846,92.595007839162
77.81766415688506,1,2.256241085638315,95.38339390507828
73.21732583336163,6,0.16483029718778294,93.66306993504274
83.88352156633835,5,3.456864139248654,91.04593911121853
99.1992952734608,3,0.6882579631743757,96.73405520786379
61.267364221661886,2,0.49032588502761676,95.87497714904995
69.21238308345214,4,0.27450270989070913,94.93121590230376
66.30415521478312,3,4.091703141088951,91.00516399143241
64.69307775463278,5,0.11248665955538684,94.09966989626517
88.12267509071259,3,1.6041449488373667,95.08115981593079
78.34964388918766,6,1.131195485727856,92.76004761158596
74.37020506811452,5,0.698639017595363,93.88014343229129
86.70571292894215,1,0.5615721785074252,97.8613990322382
70.15047409874549,3,0.3445008270813059,95.69412271243971
67.06273595676235,2,0.5777028578404859,96.05989336842953
82.39287003421775,4,0.4108230929232509,95.42665579020299
64.07432656812166,3,2.1867438867855133,93.17962366426346
65.25922917518916,2,1.7033628390863411,94.61892605185585
99.077654011846,3,7.18173207767364,88.93580420738394
98.5760280696233,2,0.5772842862342416,97.63606026000008
74.13631918923774,6,1.863303459084301,91.67085180856073
81.35693787964293,4,4.969491553584515,89.90445702968073
62.3364552313728,3,0.2906112560007179,95.36808925436777
92.5180561210083,2,0.38903653287485584,97.55905896660059
80.35949935416676,2,0.2426061282065663,97.12684761386046
98.85828271505062,3,0.27092833133447713,97.21780013815116
84.01422203132665,5,0.471761505065868,94.6345972954873
84.82821987200353,6,1.155171423931579,93.05520528488228
68.51603364057526,2,0.3551033515845212,96.39967766012734
72.80125356096032,2,0.8082436167774127,96.07017033791512
60.642285529200976,4,0.22890671171903854,94.5574262223972
64.31578085977264,4,0.15950258031752157,94.8243859466076
90.97639157072048,4,0.012282037546057962,96.33408113348075
91.49631703521632,4,3.322395952488951,92.38794070877407
73.64384330629883,1,3.9907878543041337,93.09324674014998
67.07316814231363,1,2.213552393075277,94.89739553542535
95.58116939931523,3,3.0282725653462004,93.74513139155032
77.10855446855075,2,0.571074583351088,96.57013822340623
66.99414132455718,2,3.1431001158907117,92.97798692715901
96.85178805305637,6,0.4062832688976099,94.55504947997568
93.6165620561985,2,0.46428708445671946,97.52368360146187
89.15589972503055,3,5.089191521106573,90.95076516092364
96.04494573190024,0,0.9836436389197907,98.62187491989127
73.17877192187791,3,0.9667299660047606,95.09886263688819
99.68024219592985,0,0.31556159300211895,99.60533819819395
87.58519202241592,6,0.6548014313175885,93.79349788353969
88.75751943335436,3,0.1114713269670921,96.90411037930721
97.70467609950556,1,1.5620940360749045,97.2107209616854
88.96988189199246,5,0.4187005694636252,94.94605341124327
94.40741773742076,5,0.8224473492716882,94.73343406774501
98.25259999862897,3,0.5168979063387743,96.89235251232492
91.0119075048488,3,0.39031317902250995,96.68221956041543
91.45472677377634,3,2.1050632271890253,94.64666046606199
85.57807692506825,3,2.2203843863589494,94.21444258262267
94.1120773371061,4,1.1125857596162587,95.17050095531579
80.26978319351551,4,1.0275513379073349,94.58042755418697
70.6669380992032,4,0.12707373475819406,95.18085842325033
88.55057071187115,2,2.6801014735941115,94.61140676728063
87.2406504290805,2,3.515944546879152,93.54289906519904
64.7411709139525,4,1.6519618671934246,93.05470430506551
99.66436068890205,3,0.38863473000575366,97.1168563584382
82.14483118259494,5,0.9497937521456958,93.96748905655491
82.91056473888322,0,0.10519960095540992,99.01928871579767
81.03397116291924,2,3.569393937988086,93.16842583256026
97.98733709217814,7,1.721386757387795,92.23370274574356
97.2441323734104,3,2.2031352351928155,94.81844433643914
80.94808039727936,3,2.505478036086064,93.64083037656069
73.91450598072237,4,0.30973503164405003,95.12404326106326
96.37185312898234,3,3.4123790537264083,93.32373779197742
72.98933243902066,3,0.6648950799447424,95.45159252601734
86.1689355738956,3,0.20491686223763883,96.66254654400961
63.53188678666781,8,0.15961474876368553,91.58505664081697
78.44133455376041,4,4.018758798709786,90.89955616923628
66.4375964024801,5,0.19668766630736473,94.08585462055517
73.83754291386123,3,1.2544841689814021,94.78649614291538
80.97789914083394,2,0.45977092090623584,96.89716985195422
87.49672761578083,3,7.66914768480213,87.77185915902649
66.44728261311595,0,0.3713897332563846,97.87669645074814
83.59807932390453,3,0.9121556726173798,95.68531715905436
96.13311686475814,0,1.960126627772064,97.45450388991144
86.08688533363467,2,1.753105038203765,95.60061822083722
93.17884851233013,1,0.2661709202120719,98.53953732136202
84.43751145718433,3,2.3717724569554317,93.9757486245127
72.95667433970769,0,1.2709210410241976,97.12272846775635
69.86709240933513,3,1.7548480608741623,93.98753694741777
81.94123637429686,2,0.3634828293139588,97.06088242353809
99.96628432777095,3,1.616483416598964,95.6585341164698
71.53507895913746,3,0.10421248945179748,96.05169896061471
63.874046315326524,4,2.7291519689699726,91.71871995300236
71.47327244527331,3,0.08200775896375273,96.07525431150717
98.86360765050112,1,1.7007400130420245,97.10229236687462
66.22006206914332,1,0.09588045755505017,97.3959465543911
70.05274961033378,3,1.4358234108457189,94.37964938750183
69.23845724998175,3,4.8682783005282,90.21998890186525
87.72274009073635,4,0.2614751121448883,95.87236686996295
86.29678203499377,0,0.028299749464545776,99.28087940239223
91.67931328899601,4,1.133268114511315,95.02404392703622
72.66056646705651,2,0.1267809599352135,96.88089117143056
62.30677391311387,2,0.5333578647700652,95.87530925793162
96.20685674088496,3,4.65195004697296,91.8280027806767
62.04711836245023,6,0.17798839499659558,93.0887698441266
91.56837223579515,2,0.7312397445176688,97.10093091836856
84.5194554501347,8,1.2837764073133522,91.28544108373072
89.88818251843088,5,2.084883372996913,92.99254907832525
69.3507344471803,5,0.43635975710750385,93.94390501383
85.47822016629777,2,1.6948903510370066,95.64004258707048
92.54329732071739,1,1.0945673091180879,97.51368409509416
61.68620881403814,1,0.38227396855094964,96.82558167844077
75.55289807547639,1,2.6322309430144566,94.81896777215647
61.65695467029598,3,1.5387119018764834,93.83639345126302
72.62586450972876,3,4.281289752489022,91.0937455224996
62.29866518748682,1,4.831158787237671,91.51754271468914
68.81894569467156,1,0.674706868889827,96.83129904206578
61.773299200803194,5,0.13691474764828904,93.92436726286222
84.12298816416974,2,1.0214867308075148,96.38036533123947
66.01422962398273,1,2.916239816301796,94.00122370163697
60.52720345223671,4,1.5391462849248483,92.97938463070201
93.97208361886864,2,0.8585918067572994,97.06829401283467
96.50096341540905,2,0.30723945644987755,97.8563608230306
95.70547265888256,6,0.50321483161312,94.38141583500838
89.2467144514455,5,0.6765609720168946,94.65046255615201
70.55868547136343,1,2.156154431977747,95.14054895519487
64.26109335050896,2,1.619101821616186,94.67013248158602
96.97913087177545,4,0.5545463051615511,95.98350097739491
69.97981516901221,4,0.6999715006621074,94.45902495765608
87.49227608402364,3,0.8815213629096178,95.91678816870964
88.23150932238889,2,3.482787101327293,93.6322309445267
69.09593459319716,1,1.7280724970223047,95.58110973323309
84.0030407461928,3,1.2453241834494926,95.30576301717025
60.899716735233575,7,2.07573009723391,89.954109720081
87.81242159284992,3,0.5612490674086614,96.3171221987521
81.42947529861324,5,1.0093442082334405,93.86026071505053
68.19885727054401,4,3.8347562202087753,90.60823539927667
80.73705631245372,2,1.881413382578664,95.17915675652829
71.84482921840103,3,1.5264653957216345,94.3604829860541
74.43417870095976,5,3.253067915085538,90.81802743694534
65.4520689370324,2,0.24102340277361872,96.38337536352327
81.40673216078194,0,1.451435253959595,97.32861430328758
78.11723193356258,3,1.5223638952306333,94.67902492240137
97.80367402510498,2,4.945985827311659,92.35500070848126
90.54805943975757,3,3.9741100953520263,92.35847085756545
79.58476176523764,2,0.5548656924598512,96.71339925731006
85.51504428392668,1,1.0718254961333868,97.18956161883627
84.93828498404363,1,4.768289371920309,92.72496700289781
61.09970631530227,0,0.5858807827817083,97.35192837642707
68.89812675102273,5,1.005057056729879,93.23883786947528
85.68279998394918,4,0.017454333731394038,96.06319479871979
74.77398248643402,2,1.6453628522992347,95.16426370156262
73.85515949201833,4,0.6971327935049673,94.65619862239495
76.97823978820331,6,0.09100559009668951,93.93970528129414
88.85543516436142,4,0.3514768655936607,95.82099951950568
90.39547232419844,2,1.4608733805332286,96.16672555957005
68.10623248031158,3,2.8467826296666647,92.58917246841558
77.1140060281849,6,1.515267834097799,92.23737890049189
64.11316978106747,1,3.4569411197565887,93.25732914534547
85.99998810094782,2,0.7682171025775159,96.77813888195438
91.31913387016772,5,4.247888871428502,90.46849004779418
92.21202034637487,4,1.7610140558959726,94.29738415024357
82.52855826548569,2,0.07253848418892965,97.43938173224757
74.17242336807041,5,1.0770113988967007,93.41620748972748
92.68405280700638,4,0.3480765496617913,96.01651078075616
73.54107618610703,3,2.1680147696904912,93.67543608567676
86.74602709740624,4,0.9315215552877647,95.01947548852499
75.89285855829,4,0.444830014610861,95.06084691038147
95.61667690440902,1,0.23307146162813486,98.70114809126669
66.54573013989376,3,0.21267527699386765,95.67207617460204
79.68607876494906,2,0.12603912732222838,97.23305698546078
61.049779479689306,2,0.04170274422972105,96.4024456809088
80.32661087417378,2,2.1095460094417535,94.88487533237858
87.56326352946476,2,2.1008902448484648,95.25709488265508
83.98295617359065,1,3.5082659990145677,94.18922860986206
78.09498406624905,2,1.1128867215707876,95.9692851374275
86.78091014254582,6,3.1919147482148036,90.70874780926952
66.61767966435004,1,0.7170143762624802,96.67046673170252
91.97506792746609,1,1.5157442132029915,96.97986034052971
86.84884093720034,2,1.208004026664715,96.29283721486236
64.83989530310026,0,2.2615644129140557,95.52811746965814
76.13642401353536,3,0.43702048551577755,95.88239661805784
67.77364765351781,3,0.18469370762973086,95.76704993352021
92.5159827708566,1,3.618551769994193,94.4835370145498
75.22254853543967,1,2.215963686066594,95.30197100349207
78.75641940727255,3,0.14105511527526923,96.3685548320333
65.33599401447006,3,2.1638908366650145,93.27013069672549
71.42697557655549,5,0.6819547982822999,93.75300302088901
65.43764441959539,2,1.1957210997538872,95.2370169012751
73.72294938951838,3,1.22723416791455,94.81346646797846
71.75542930214198,4,1.0876068768158809,94.08264321292805
96.50483372338999,6,1.9003988385530446,92.74476307990585
70.58727368826733,3,0.8469112450103724,95.11307019040092
67.88470888839265,0,0.644696194030745,97.62060001158274
65.93657438730342,2,0.1443593608605277,96.52359748633253
96.08408879862247,1,0.12437228105342771,98.85495770266701
87.3969691259571,5,0.6018401473552718,94.64764027947153
82.54424744544117,1,0.12394479223034162,98.17847862159564
80.97053910784672,2,1.4400667691007145,95.72044683247148
97.5958792804505,5,1.0652337239738894,94.60151349525385
66.02858792796847,1,0.403050567721309,97.01776871513286
68.32286792765261,3,1.5777275432573197,94.12287034447385
72.79543872693353,3,1.3349653065622975,94.63781356847191
89.63009588114292,6,1.6684974823008574,92.67930781529611
68.17695162657617,2,1.427399038819931,95.09596873474489
62.57940458951201,0,0.2099624640675148,97.87701527259458
66.7482791229799,3,1.550645472980377,94.07663938857254
89.16435073651391,0,2.914487643491566,95.96083236463582
99.53739389096432,2,0.07540833353793988,98.2863796943027
71.40004080344221,5,3.152095422551751,90.78748753311001
82.71476524799189,4,0.8616340021966098,94.90177745976366
71.53488841658094,2,0.7945336420415552,96.02330405037918
72.85401122423741,2,0.15119039847079196,96.86127208304691
71.32590358137462,3,2.276200976098445,93.4348540077506
94.75670280355851,3,3.8660901649879476,92.69852694219239
94.62126579509246,2,12.965412349831796,82.57256846995647
90.48294892154736,1,1.5295286391413085,96.8887130791078
99.47616023006782,2,0.17342516888018863,98.16569780884717
96.4864219840379,2,0.20616230514676206,97.97692633302579
87.17950648202739,3,2.386486211490934,94.09519187031225
85.12786441517125,2,3.0376996159076213,94.01115368166941
83.40062431003845,3,0.22804609945479049,96.49637589615617
98.90999045931419,2,0.5095528440816016,97.73403611006779
83.1035560029239,3,2.699561156728378,93.51570441207214
70.9975489859165,5,1.2104968286849376,93.0972812548739
78.6403019509999,4,2.1112605699844593,93.19850241356865
93.80847145513769,5,2.007337350724529,93.28161875188745
60.908014630175096,0,1.8888102016726551,95.77882848950156
97.22731212500665,4,4.0566615461274225,91.79337175089742
97.54282260009761,4,0.17096243959726565,96.47198620248817
99.32798571086978,0,0.49808850567593144,99.36869307873238
81.93985378824546,1,0.6530380997023432,97.51334696976946
70.78217073291815,3,0.06102200597571405,96.06588212947506
61.97568304723502,2,2.771215684700026,93.17332533072172
74.73814022908805,7,1.4895760147044776,91.34941579380903
64.87156331033239,2,0.2015288509921686,96.40174354432602
74.32796894295706,4,1.524382537363961,93.6871394023111
71.12574435914132,4,0.17989281401375284,95.14041584114057
68.6210924361757,4,0.02981848579494708,95.19527243885484
74.80368844970671,3,0.6166495230558123,95.60020499481836
97.26261808458507,3,0.6895540999071101,96.63566598434072
91.69338787263855,4,2.0774649999425456,93.89171139370087
99.11466111801988,3,0.7894114022555824,96.6084393731943
63.09465656406127,1,1.1926571228601284,95.92354428077091
82.31156807457631,5,0.20922707318773767,94.86450591590354
77.00349175623832,0,3.222465721848698,94.98321572159348
69.58825040985296,2,0.05966108585673613,96.80781921746457
90.75226782356233,3,1.4512720702999475,95.39608690681818
67.55849847967232,2,1.1142959992065022,95.44076972493582
64.60598844663647,3,1.2530269248010855,94.32666711257052
67.46340661210847,2,0.7314587009158191,95.89541988950644
79.17796615747943,6,0.28561880347690416,93.81615574370169
79.09620245881534,3,1.759095370395974,94.4438956784656
63.37574532047525,4,1.0111360973475783,93.75542394920667
98.25624356715949,3,2.5149558644415406,94.49486514102813
97.40276545703372,5,1.516526180646914,94.0503068560754
95.18978291206219,4,1.9381743649518075,94.23367990766094
76.30197720344339,6,0.2349620283694584,93.73314442612882
94.58103609511274,5,0.5240601360491286,95.10017964149668
91.41771737011071,3,0.39355090841291707,96.69862477841004
90.23268786659072,3,0.3189437700996828,96.72890186920992
78.5106408956468,1,0.36874512257063985,97.68303789769757
80.20284506899424,2,2.0559204091900263,94.94303776242168
87.98679092541376,3,0.9742740082070797,95.83021073642219
67.11689683061756,1,1.7688282622793525,95.43325092679565
80.29777298153193,4,0.08402280766206334,95.71406127988212
68.46690995351715,1,1.4632246422491795,95.86747592697684
91.8375186982403,6,3.5874129288681926,90.48698042027019
67.13605346767116,0,2.389006042234924,95.48999542270165
82.54636241737835,4,0.03888075551012743,95.88066121425676
80.4015528010741,3,0.020179102581912342,96.59586271695541
95.94096385773388,2,0.4879345015952325,97.61152679097242
97.64115546021475,5,2.698552446653516,92.64379483702652
83.9722951719464,4,3.608622123483981,91.66826821041654
98.09095664125513,3,1.2818389235352916,95.9663411238204
65.12380212058261,3,0.38441286185308676,95.39489467180543
82.31476717419119,3,3.0469165947321093,93.05943844503103
88.92974978065632,4,0.508591664195269,95.6361774919985
64.85560988156968,1,0.9129615670268092,96.34722661364631
89.00025752412611,2,1.0222164577796717,96.6233531268707
66.81551794807665,2,2.5739296963100022,93.65206026183183
99.91213687176715,4,4.1169583290541505,91.85525684872337
88.08370347678647,1,3.0045153098840363,94.99876680197848
91.73201909641244,2,0.07829279946542358,97.89264959546212
86.74378053846725,4,0.5946314567586009,95.42363127881305
63.695796527670375,0,0.9025845168483606,97.10168840616548
97.72160457965978,5,1.728828429046386,93.81148611412732
96.82584140713982,0,0.4344139970499711,99.31999527389702
70.61752765085086,1,0.7267188323583051,96.85881378371258
97.59341699393296,3,0.1746038233939581,97.27014626162389
96.57182539410508,2,0.031276965580898805,98.19105891100817
63.384853685703106,2,0.7104308456883941,95.71672566945908
86.28966240544693,3,1.1522679265549982,95.53176160840636
78.03558460379469,5,0.7314931021549274,94.02398750760382
90.80826493794841,4,1.0048485051633742,95.13459504070137
72.49323028441303,3,3.094999466991969,92.51066215383028
68.81503944083556,4,1.3780452511988452,93.58709767060316
79.21275508800724,6,0.7130518437311058,93.30497554192303
73.26400123181723,0,0.2786967805298859,98.328763924955
62.35912848893626,7,0.0027329170320861884,92.51467692400831
78.37706305615174,0,0.4941339142643845,98.32589245569032
77.43049764907539,5,1.4319034119999332,93.15324078805385
70.48987535551402,1,2.8686075067485026,94.2821647596775
61.9339532604872,2,1.9096278043003112,94.20514429786398
63.21804169141773,0,2.406600085367941,95.27298198212935
88.48666135616506,6,0.8244093488172151,93.63504184922759
89.61959073919445,3,0.04436843338744386,97.0277374168948
97.7112470612139,2,0.027459566710242467,98.25261087300841
69.25027425261034,3,0.12672682219984083,95.9104415259907
87.8928643240837,3,0.29247324612255876,96.64367532085711
65.96905926212652,4,4.012502338806928,90.28345015653801
87.8798928351641,5,0.4109918637190936,94.90080440529529
62.60389655102574,2,0.5674226477247761,95.84928765028155
90.86183366509202,1,0.01075905104085166,98.73018082200558
65.85228433004005,5,0.9671909512244901,93.13198507503262
99.74362389272075,2,0.7361868389674586,97.5037569878751
95.63170016162005,8,0.2671817128958241,93.06096695260601
61.77882035887578,2,0.38188424244532126,96.0306799270094
63.341818582435366,2,0.6066604509283651,95.83909838800773
86.88250856844925,3,0.0822640138943452,96.84540861174925
72.56008927704667,8,1.3151942989548542,90.64977130510651
93.69144671047853,1,0.25970306449409464,98.57292865813102
67.77021098650083,3,1.833903780849714,93.78782601230539
85.07902236839799,2,1.9675074559485777,95.29294217128161
72.77268265361803,1,3.5828108941288646,93.53926105972627
90.10816577915855,4,0.5665686586900563,95.62552589852986
93.78836666861079,2,0.6637791410257472,97.29288336419964
90.40230141941261,3,2.9729749526726845,93.55254512776341
62.054555298275645,3,3.8800004589564265,91.04672721416607
60.798754744126754,4,0.3415251309591214,94.43010758005539
87.18809291600174,0,0.032117545878438715,99.32086359074596
79.1394936511324,3,0.6443767319861161,95.78372260417328
86.07098546180467,5,1.5312181492740389,93.46608749396138
95.72141361768911,2,1.94259770986235,95.85495342904963
93.75469141198447,3,0.5218741851160829,96.66148554845992
74.64851194140735,3,3.9028759661608503,91.64897443767734
61.0835156118852,6,1.3585168556533098,91.62395555381029
80.77684437447384,1,0.5192996962794115,97.6156825831884
71.19926855960678,3,15.079874720318006,78.06411376359873
87.6482132053622,4,0.2640396433021148,95.86556308830558
71.81804864487204,4,0.7314961207151213,94.51310708738545
87.30342217129342,1,5.131059376520041,92.40789985674063
66.74122615654414,5,2.2121269471970675,91.68250897119073
95.30196156863273,0,1.2279395939542201,98.29157056568657
73.94353940842522,1,1.5493638268914833,96.03794037815148
96.7605452635757,3,5.274551999844068,91.1085648633659
95.49602761025776,3,2.9586076569414264,93.82447219218318
89.42850440532132,2,2.275717362828496,95.14056438487187
79.60353684547326,5,0.6772598226313439,94.16746505511605
98.88504466973345,4,2.8290163970807356,93.3494325569898
62.875566626634814,2,2.295822299688055,93.78879157170607
64.58933442995475,3,0.30298913784138914,95.46587975608807
70.10293601192551,4,1.0369353021192909,94.06082443805313
90.25879383370531,2,0.21875121379206666,97.65043823513479
74.40904522495826,3,1.5076808624520543,94.51123522630544
78.77013039464188,2,3.666436318734849,92.93878293725028
73.36245961268445,3,1.2951805038813213,94.71390637597663
72.4145148669278,3,1.1324717030556304,94.86175969967964
60.96518666240575,4,4.037178259603569,90.003645421596
86.01198691004568,3,1.5981830849800454,94.98277964352623
82.40277808346194,1,1.244391453294294,96.82686916021994
72.85153137335908,4,0.45687057395206576,94.89433187992547
88.59831424168476,4,1.7638544451333007,94.11329037792427
93.14524961533257,2,1.085116707061024,96.7551224322934
73.17796277088972,0,0.06229291686719585,98.58414663830385
90.71073724040033,2,2.1293836249337366,95.38027651209953
65.02018384274429,1,0.06457602795129057,97.37351795859567
62.183431208520936,2,0.5030996639274916,95.90545196371306
89.83107286774383,3,0.19532543237136468,96.85716312454156
74.37242436216495,3,0.6193547218803305,95.57539555185186
74.64331952318079,2,2.12791781011047,94.57866460402647
96.16036852508708,2,3.6991955687334532,93.76898374377421
91.6053427766069,4,0.646215011530458,95.60480912499379
73.85898159745719,4,0.43148957168805524,94.97516159384719
86.56482871069349,4,0.8250896255806022,95.13813388483796
60.39409998086949,2,1.1719565619699253,95.01335712467956
95.93704012111957,6,4.631684447097667,89.43883066953877
74.64784998214569,1,1.8588765678721493,95.7017406176607
75.31923740358577,3,0.25076408503191083,96.065044968141
67.71016805663757,3,0.4541546227961488,95.4405228554765
94.06200751622549,1,2.838738887745527,95.49661371051664
69.77678244703588,1,0.14741365545779558,97.51194273580244
84.37154834889132,1,0.9437009492295438,97.28613627836911
73.22081997114074,5,0.10774121678499463,94.53175153841504
73.299883533125,3,2.251184543282897,93.56357272471678
64.01861959748967,3,1.469367980103499,94.03768940375028
93.86202206553831,0,0.46324245223384586,99.1372101605963
96.33353285170102,2,1.7015376622596663,96.17483144787346
62.92643982104173,3,1.4826834611168325,93.9671018377119
73.50270515123894,2,2.8659046480919246,93.63604967985164
89.57145622304883,3,2.4474930855920864,94.14158110844194
72.15190787224367,1,4.950714557418513,91.86673792470997
90.95321671403323,2,1.9837247235567683,95.56719116743353
86.26958507409387,4,0.06334524813872733,96.03746495593822
89.18832127246962,3,2.026556609477601,94.62754813225035
89.1664351591817,4,2.151666371493104,93.67632211216736
63.944720786230114,6,0.11478062515082404,93.25949928913052
92.19416379579269,1,0.5634834992016245,98.13352799074768
80.42565474777263,1,0.021576182755279817,98.1953913180823
96.46202533805034,1,0.3455763728964931,98.60840961942672
89.64132408829445,6,1.7304559864545994,92.6055190206692
64.15591031452352,6,0.5102187231583826,92.79553304793612
65.12157402870365,1,3.0536727484163917,93.79167140333551
90.59833579595528,1,1.0162542062921118,97.51041174224723
76.50292797260282,3,0.6832237663120212,95.60527787905572
97.35763594674923,0,0.7433869464756555,98.97581746156668
70.38813040266123,5,6.897852867375886,86.241983079282
89.40145266496766,1,1.6496282808763465,96.69051869619676
89.14269776927341,3,0.5390786848015581,96.4102404667018
96.13208664371857,3,0.13086775796166034,97.24956302263193
60.76698165015138,5,5.139730356986064,87.87067265412429
89.1353773741388,5,0.4920091594399545,94.86635787737899
75.39355841514167,1,0.9535110514556995,96.82546465901024
95.70275341171885,2,0.6215838393029891,97.43923706342235
98.49653607958857,2,7.275799774987824,89.59386707399403
95.60568179502478,5,7.330986884692743,86.98309982811995
76.38980877998327,2,6.510688600071627,89.40666411891321
82.0357144161923,0,1.0151047538563924,97.88366001618195
88.72248517315842,0,0.8002427567538742,98.47583295055327
66.22240801806305,6,2.13821620694223,90.94526095257248
94.2764658808118,4,3.5032216019298996,92.3099573717247
97.75739474924856,3,3.2391733389590796,93.60086173071153
97.27812490849232,1,2.53952483315501,96.0164764456386
79.07841464923163,1,0.24752307674645135,97.85689304036583
87.45115465278857,1,3.745143853650819,94.07838510825844
98.26124236063212,1,1.3451760446216756,97.49885086448559
66.02031397993896,3,2.765731428346286,92.5821379849814
87.82851671716202,5,0.3821196994407487,94.9328821965292
98.51772765210715,2,0.5156819732350705,97.70706801472328
63.647207702074205,2,1.5647686291776326,94.70463803009055
64.0032357961388,0,2.9660606343889384,94.64088902854022
90.40104782166772,1,0.4103806822434338,98.22759557239127
92.49257308609043,4,0.8093253297970483,95.45343825854806
71.67909395587698,2,0.7168333959575628,96.12375462264477
74.02919136719453,3,3.860661962494661,91.66866521336613
92.67763693846602,1,2.9626248841402627,95.27873198595499
81.44400890336877,0,4.0823130518031405,94.17342478300466
78.92113597572258,3,0.666931728604608,95.7457387244606
72.75466692982233,5,7.102114642797739,86.11519577513383
81.42297868942299,4,1.1399840765441769,94.50316804261814
84.52980937862476,4,3.2479582743022926,92.1289405397685
70.36720194430988,2,1.4631995093083856,95.16252068604543
82.1149247918126,2,0.34052956772612497,97.09711075831927
97.78655003735778,3,3.144220454871726,93.71626295602182
62.81096217744165,2,0.13072206972569878,96.38368162520125
65.56836308695927,5,1.304791125223331,92.71266880407997
69.77346601522831,2,1.3813992311965035,95.23099422332561
81.5543671107091,1,5.231304861744773,92.00015252144172
66.98422201880204,2,0.1494649740241975,96.56985313211106
69.18033366023927,3,0.33922310466873595,95.65194895740947
89.35103633018466,0,0.1778378585946858,99.25414638619561
68.59824074442558,0,0.15035831136821184,98.24948206357942
71.2556591054492,2,2.959746120942426,93.41108761014155
92.91440344241065,1,0.07692733357428255,98.75340737183139
83.61512258295028,3,2.7578417219219657,93.47134606284115
73.10219745440995,5,0.7873837373513417,93.71024938789888
95.4766202377436,5,4.625941844218618,90.22270079882483
73.75231859890458,2,1.0232255056161397,95.85974532320586
86.12441353009167,4,0.1222885056789477,95.95947446968985
79.92525820477367,3,1.941882838847163,94.26600350362209
77.41500904665071,2,3.504741302092314,93.06506088982177
73.17500301189826,1,1.0273989635385454,96.62587139434866
72.9994865778541,4,3.3064793548867106,91.48219910302865
86.54787951419674,2,1.8068138957940802,95.55921730075694
67.6127625225885,5,0.258606475083931,94.07031035602871
98.15812652465102,2,1.2789911143925914,96.77311698896145
61.88695297577446,3,0.045906122477957195,95.63926030181517
66.09960864315158,3,0.13822135432935823,95.73911480696235
66.01175902388027,0,1.3367798905113681,96.69645208258038
96.15565376357728,4,2.873221509835552,93.1599168763762
85.56568609490267,4,0.14262508823173092,95.90713419886706
94.67638111005814,3,1.1591193237937751,95.94287586695037
70.19508733608107,2,0.6183440670556337,96.16774148633729
61.82194656248187,6,0.4643293070781423,92.73390215963032
70.37716549692207,2,0.015671592397583367,96.90005236396901
84.53312238236495,6,0.12739281876018924,94.27378473660602
85.3518079211853,2,0.3883970945325669,97.20151388262019
98.29222557504673,2,0.14211065014656823,98.14407849857645
85.34001448553708,4,0.42829969065238893,95.55304109549398
90.17141012523315,2,0.3663157004635971,97.46899166570535
71.76576784343493,4,0.0007908360067832328,95.38733938896361
62.32628019687958,2,0.07637308283546168,96.42466631044142
95.03526957718951,2,2.1148087775418887,95.61399294580922
71.57614564061024,3,0.06694951622698284,96.09846786255814
79.971557956462,3,0.15855844095626292,96.40830776867558
72.70692477891474,5,1.2740775540974687,93.10645317402877
78.05107470655976,5,5.27640684552283,88.5708655207006
81.94667121208614,5,0.8449111634379269,94.08344016447879
63.9053568733443,1,4.543178671378994,91.94345343801243
86.68766724479909,6,8.521104926849363,84.30905745002072
73.00363360246546,4,0.4201445147567565,94.94600826241516
60.47087251025248,4,2.646086253027055,91.64824012188016
80.37764586699123,1,1.267404809978254,96.69799652137566
82.12668217004315,4,4.069863679115072,91.02249769356408
80.71931873539913,4,4.056867815488184,90.96772455818413
68.9312960792215,3,0.8495080827054093,95.02715510471458
80.99620907109068,6,0.6465737601886011,93.47392194132821
83.79624137048857,10,0.9267683756107735,90.0776900177915
94.15539507941727,2,1.0695415356816491,96.82431991115288
78.96403716315248,2,1.556637459531454,95.48023690671988
64.05951450619999,4,6.342413121993031,87.39207997891836
91.84432168374875,2,1.320558032212572,96.40754644553235
65.76482447359244,3,8.306797070421506,85.92008473917382
98.24043121547518,1,0.7433823028118559,98.21996279739953
71.87204312462381,8,1.5667253844933346,90.31353169483918
80.60006559794293,2,0.4601740212932499,96.87779445434525
96.69527041819063,2,0.03573436999253653,98.19188227691849
79.183800111964,6,3.75614573087213,89.65181512855165
68.7372249859573,3,0.5986412517894542,95.31849174715052
90.27722611794339,0,0.7840152093688106,98.57304305465459
86.60452825154266,1,0.7419664777892628,97.63986663923002
71.46236871446808,2,3.4900079876801904,92.78510885050717
77.3289214556197,3,0.22727279114840276,96.1937187234029
91.57120169278085,3,2.3194662656261285,94.39520056588769
89.24866608899276,3,2.5482572133828887,94.00452464839017
83.02659881536776,1,9.607546826401279,86.82227374908685
87.65636185434757,5,0.588253865542835,94.67691345406598
86.51244811648525,5,0.08847295048304232,95.21945486524461
88.8595708819114,1,1.4212429309263745,96.93748702698392
72.92027481975376,3,0.12661546078891048,96.09407518804099
76.97702885758025,1,4.800208733644215,92.28860096250595
86.35035230592527,2,0.37579139869248546,97.26656793686529
72.55322024178062,3,0.09588065528337225,96.11260422574898
92.16002962887065,1,0.5902226771341046,98.0997342688826
77.25881270662241,2,2.942916905265263,93.7314403490128
74.52724903807712,2,1.3754909023411197,95.47577336909451
69.93958347398393,4,4.900813081702443,89.41600347565627
89.0849937633848,6,1.7951444292787868,92.50007637303469
84.54345658181003,2,3.0113838374145,94.01351222419311
94.62162330398982,2,0.002144738821475183,98.12850747861373
62.916295588901555,2,1.8042620534852065,94.38070031526283
98.3659909743663,4,0.5778079518210586,96.02493000653304
69.68682561348992,2,2.0487825746508923,94.42580219109342
69.47466015322044,5,0.4984154500435568,93.87563446760875
69.84462741620933,1,1.0955150405746528,96.37761332212088
63.49868222572167,3,1.4351112866747737,94.05280056727635
89.61076449928447,2,5.038209767507588,91.83468650395511
68.55486146679102,5,0.6698069914612527,93.62397468358604
70.31896107268454,1,2.0037629493237823,95.31143251444568
98.20399181303857,1,1.9036302428042038,96.82584329928689
81.52817337854358,4,0.6268438306889498,95.12419607210043
79.6555526398981,5,4.014455127931183,90.16543147847749
68.58143345514229,4,3.241533087506607,91.33923196774919
87.10481426588547,4,1.1623979232165382,94.76036320543443
89.92407831094249,1,1.7887859994066082,96.5496607162592
70.78603736389128,2,0.632731512212331,96.18002405353977
77.13721169594177,4,0.6640957449508579,94.85994569085605
80.1180999673899,0,3.91862272360423,94.30355773004442
68.93237510856169,4,0.13107521645370313,95.08932849568365
92.19169381254221,3,0.1824154191742747,96.99068618761798
78.4429529997459,3,4.445217072218008,91.18788716332568
75.74884746271843,3,0.37463750967876785,95.9378773615214
73.30697710993327,9,0.18755358152159063,91.24028455767075
95.39571702585336,0,2.371090919388055,96.924476748027
93.99374927614049,2,0.07523386743529775,98.00940682288467
89.81531825243974,2,2.3715987326929557,95.04484743339044
62.38730604147243,2,1.5997957793691202,94.59961036683067
97.7265088363398,0,0.47296417956558345,99.3187684263383
88.1442297079026,2,0.013018430604171526,97.79158936867012
68.60825686624737,1,0.8700646779161239,96.58633522981302
79.19695223528825,2,0.41051311426902665,96.86723187464158
74.76344197237279,2,2.109070519772439,94.6072874748917
78.9557215782331,2,0.12305096089358127,97.20012492583936
73.07373959090056,3,4.795124586615184,90.49953747560681
66.97949643907779,2,7.117697291282467,88.20773807241493
61.43829342508413,1,0.8663074670049298,96.23234571084829
80.73806134862369,1,0.04856636813981896,98.1786234256634
70.27002802696812,4,1.2120957783803936,93.85898646729193
92.88369601482007,3,1.6531303211909265,95.26042841531189
71.2174726847234,6,0.02939572315395951,93.72559876645141
84.31326973294222,4,3.499716570514564,91.81600360202964
60.720767636291875,5,2.0419855264655076,91.58565575005599
70.16704700457991,3,0.48990833053563815,95.52046235358623
92.45975749914427,4,0.522239991611466,95.79629988502346
72.21145349604049,3,1.267402024643124,94.68969024523028
67.73435420257128,1,4.572026713116832,92.10028565438836
72.69230708392945,3,1.780972208032424,94.09744870455756
98.59475230534568,1,0.7343286307050352,98.24854325842124
75.75242187781103,2,3.8011647221213027,92.62622342734498
74.92751574202315,2,0.005416757393852263,97.13987567822853
63.52148113376708,4,0.0008388753813002863,94.97506740623079
77.16257073964789,4,2.8956447755121117,92.18335480636786
60.7760011808641,4,0.661102643669565,94.04547688663973
80.3816697328933,4,1.5342787500691188,93.97794898656173
77.41484804570459,3,6.232024134950706,88.99231344034439
74.368866944552,2,0.39770722914194,96.64119467225727
84.65538000796906,1,0.7351412726744072,97.55059947318917
81.30117194990595,2,0.7077895206277903,96.61571117274195
69.49994432984542,4,0.30064854029305305,94.9142189681406
83.27654594428097,2,0.46093189706592363,97.01070902073494
76.51681338937041,3,4.499582035949279,91.02634222632939
65.00251278885,1,0.11981877925239176,97.30634310433963
90.06610738519252,3,1.0958488303158096,95.78828677288065
80.78368704884579,1,0.5714522092601244,97.55344170133014
95.29957521388084,1,1.2875248975506142,97.41994888363331
72.23507047724033,4,2.3615808743209934,92.57785647467682
89.59258496191737,3,0.7751639778906105,96.14943247462713
74.5764908502261,2,1.013182976031076,95.913004971274
78.32869933103879,1,0.06584972102365905,98.03741530132355
60.558221260928946,4,2.3327577181370076,92.02860180128204
68.42182373326227,2,0.026368608562204524,96.78944885638847
65.68874884598112,3,0.4098227094929848,95.39265019090747
92.91244713973285,3,0.1364721964412009,97.0818557212572
99.19035576064041,2,0.394108937312016,97.88658706325761
99.71489421734276,0,0.9007783788262942,98.90481065627559
81.93386940252,5,0.00046659135484149986,95.09613356050019
76.38276005494875,2,2.072830006977986,94.73174199437385
72.52639335920291,7,1.0543713377633903,91.76107406264407
71.60454754742554,0,1.8598421762177608,96.34841676590996
69.43345998817074,2,0.10421696931600742,96.74661263622933
73.51559635085145,1,0.02972881990564039,97.8401052336558
97.60079518571439,3,3.529538020365127,93.24459413484757
83.47455701199617,10,0.8752275917634332,90.1234547404837
87.48524233125885,2,3.5723498999635455,93.48744223660668
72.04790047346437,2,2.781049920413973,93.66513511917645
71.85057613794704,2,4.135809382265541,92.0295575481787
66.62502968974611,3,0.11434940558126144,95.79403219778979
73.19146258447245,3,0.5988167280687546,95.54099305554112
83.48409976858122,2,4.480821847730164,92.19721877115286
85.19483780862905,4,0.8093093063228056,95.08857072284408
78.0871064412202,3,0.5212420223845345,95.87886489519957
65.66469027891614,1,2.1541920783861768,94.8982040198824
98.77687476313734,3,0.14669701192647056,97.3628073238451
73.81465258997066,5,0.8999813592774899,93.61075499836555
96.9457692509618,2,1.0841563304042623,96.94630086606297
83.94340122398283,6,1.4646374286280177,92.63960514684553
88.6656344416664,2,2.408762255469298,94.94276701552016
66.45863026493798,2,0.2323796968602589,96.44407587701458
70.82860385306519,2,1.6947799024699697,94.90769430968929
63.783942815891436,1,1.5533986777574023,95.52511872748569
96.37347671916825,6,0.07277333425576445,94.9313458348515
93.18821074162233,0,1.963312643504684,97.3034353648755
76.28259130621056,0,0.5136232905640946,98.19778161663362
73.84510783675309,3,0.7441625328000918,95.39926035247754
61.43057414401472,4,1.5019282013400157,93.06921486559271
90.56931446586731,3,0.26598518679879524,96.8092834991348
71.44464084497693,2,0.12952440653126068,96.81680275441133
67.21980262975376,2,2.7621084362364456,93.44646000800395
95.24314129724871,4,0.08102322346444117,96.4649291967051
66.4034070561919,2,0.2100223113392392,96.4681435792025
97.10437516517794,2,2.863696863856549,94.81878252163104
64.33033723155458,4,2.5565867067705237,91.9486128134531
82.15177593032799,4,2.4854987858548725,92.92499025349055
90.44291628896666,6,0.17301318586158895,94.51452999141442
74.07030268944918,3,1.5042940537734228,94.49836226994435
96.86345568899533,7,3.4624147973109416,90.08827502767664
86.78924305844556,1,0.6831942414190556,97.71962906321941
91.47456598926709,2,0.8577242087197526,96.94445924899965
66.30893554900996,5,0.2089741466632796,94.06467780145456
99.59226063260738,3,0.37698008985295123,97.12723692380683
67.7023370078575,4,2.8305973636363824,91.78840001402921
88.12607806253726,2,0.21316823663376366,97.55050201916634
85.30300967810425,2,0.10286989312350112,97.54170661215701
88.6293245474421,4,1.9452648179735519,93.89714844580384
70.26080800523259,6,1.0960671865170286,92.39775977644119
94.42510823751869,4,0.33708059937137924,96.11675869263028
71.15675183378616,3,1.2073082402943527,94.70906770333609
76.64110891853711,5,1.8211280521441342,92.64670178335389
61.32928246779794,0,4.747999532992343,92.36886468379909
87.79412539481262,4,2.557503247903047,93.12070237225697
94.1281086023973,2,0.4108933035674018,97.61333346583898
79.61940478661695,6,0.6415747460680616,93.41108054404917
66.56258200769673,0,0.1259293396711287,98.17701389277948
90.38502537572498,0,0.7658700779171406,98.60020717528568
99.4312132668781,5,0.8585625757004783,94.94128557250333
81.2385216121256,3,1.1145164897439803,95.3245062929135
63.42515344974903,6,0.6359531626539834,92.60811387730267
66.73029074946055,5,0.6724048214037652,93.52962875178851
61.44757189074655,1,1.3454124218689807,95.65788368829455
64.24533143629431,0,0.4438747079044553,97.67961692232937
82.0740877215025,1,1.6720769322520785,96.29721206737263
98.78792400453808,5,0.6165649196816906,95.19951829660887
89.10557943499774,2,3.064993409627734,94.1772868801966
66.81617879804004,2,4.430935565709913,91.42368626105011
95.95601679181934,4,2.8825392956536473,93.13875368480659
65.36606458228833,3,0.8904243685553099,94.79979398684804
90.38995782529271,2,0.4296124100816523,97.40396299916665
72.57719462958704,4,8.332129528658642,85.43030429708898
86.14356419565014,3,1.733676401602684,94.82676652785929
73.7797810301288,3,0.2732279935417373,95.96111545925635
62.78364377764997,3,1.04055384144778,94.49051757914516
81.72771897638646,1,0.778793413639274,97.35183385245219
68.1732569330863,4,0.05654988865378398,95.14080298026977
77.05523528612362,3,1.6602754837610374,94.46043118379293
85.60281328895115,2,0.10569374728757283,97.55330816770247
88.88562601399948,3,1.330905725753879,95.44719442979532
71.17701115554684,2,1.1365586965842502,95.59498012187625
73.3959771207814,2,0.05263527561216134,97.00663652530447
99.50782024959815,2,0.02242288349948109,98.34848355228053
84.01154749277778,3,0.24864955620579263,96.50219790719194
90.15654044802942,2,0.00015707442105286263,97.9076385330962
90.65028743839918,1,1.3433497296134989,97.12049469638376
76.33835879257362,2,1.5436027277670588,95.36459466630821
92.53981460148177,3,4.7221674118959465,91.56038983579896
73.59924178752532,3,0.4837476479671228,95.69946491181572
69.36987809314905,3,0.00146942001211203,96.06673060064291
74.53026935130445,2,0.4482419379114122,96.58862314207153
99.41848480190671,3,1.546711402933726,95.71487055657487
98.6536340901748,4,0.6374461425974737,95.96774633339177
96.88327923074903,2,0.7886576326356263,97.2977748023747
60.16792991362078,4,1.6410680454894258,92.83911484109373
86.6357283149964,1,2.4382252482334357,95.6059161178697
81.1912951733477,1,2.1813748228734173,95.64191497121928
86.13089538428223,2,1.8080750351443164,95.53685472704093
70.19643019875032,2,2.653358214425613,93.72579165262678
83.06853220043476,2,3.2419368081808186,93.66310244020475
94.38581774390492,2,0.2510701787232711,97.81800667272732
64.46200008303701,5,0.004939287938059559,94.21717285862618
85.590738082759,5,1.4974659701274802,93.48257773998498
66.92560396563476,5,0.3252192631365622,93.95601708251786
68.35459166227751,8,0.27591578461307265,91.68663064157819
70.65179935100326,7,0.9090300372960649,91.84175392279488
60.638540170813386,0,1.4816454610982634,96.25395245522276
62.936677233876644,5,1.2214668762133611,92.6810736102378
93.71423624828756,0,0.34130790946887485,99.27614232105172
80.83834624639559,1,0.7849282035347971,97.30000346807802
80.79139031944725,4,1.833020198204062,93.63994527812748
82.21209435548491,3,2.711808049921012,93.45643505786903
76.8916852673521,2,0.7672644121109071,96.32386696883452
65.90008780314264,2,0.19819358824512817,96.45717208426298
89.14244888997624,3,0.6583333004467521,96.26712248396271
71.1054872718702,4,1.0347253453710072,94.1136039491483
63.41533061170913,4,0.9557261535928365,93.82389514627405
88.10244593907947,0,0.06256630152164513,99.330042735128
95.85359860862039,5,1.9835856159176768,93.41237719132981
93.17817613602242,8,1.7070977267170606,91.21039153474065
63.55180353948887,2,1.3716673524765122,94.93158935400263
65.85119234234695,1,0.9919600737139356,96.30220752866063
64.620810161275,1,0.001287888469009422,97.42949504190094
71.03159067829465,3,3.0100823491382016,92.5394807149489
75.64759039586355,2,0.9765834951818804,96.01047932557492
91.49511877388056,7,1.721154758588078,91.90937022838833
77.24154391720047,5,0.017580493940034643,94.84098060313198
75.37645634595526,4,0.2704437970018207,95.24429026089558
69.56364155933554,2,2.5047564978296286,93.87247428057123
73.87176876416677,5,0.44465474412141787,94.16000274526263
75.49961954191136,3,0.523016468733945,95.74736121461483
77.35628973448088,2,1.3832202001450618,95.60795024654998
85.93563426876253,4,1.6397412199404862,94.12909224950954
78.39794994635541,2,2.1804334355279402,94.70337737468424
90.68339331206332,2,0.14140367051064898,97.76448526099038
65.0692141059502,5,1.0393014330483437,93.0062989856395
97.25283446197119,3,1.6007852021433915,95.54169948052649
64.52109000638957,7,3.3387488211192786,88.61955591497635
83.30976195393642,1,0.5255194905409881,97.73486470904763
94.71685969366634,3,1.0145863410877551,96.11833937537801
75.03052465760307,6,0.8930451680662235,92.87987203120069
69.56621702128179,5,1.3746984769748298,92.82867267869429
95.54104367192484,1,0.21021090143987003,98.7247991018684
79.7941204137339,6,0.5622222209023804,93.51503935560383
73.7769730115684,3,2.190129726534259,93.6606929787373
76.39464715177274,1,0.019346199732967154,97.99651691790908
77.10918539255545,3,0.4176596523923245,95.95426768675698
73.49210307457585,3,1.9658991664811798,93.91552615395138
91.78566712071412,1,1.1255323216070174,97.43864457010729
68.33257203485385,4,0.37216494644801074,94.77003066600508
81.05618404184334,2,1.1362659656956142,96.08929004325744
87.75364664542644,1,3.8896609260867683,93.9200892209672
87.79861783418042,4,2.0156650418998963,93.77113284142915
76.83503841068395,5,0.3208818990599692,94.45669364166224
87.04186339618315,2,1.5462787575986074,95.89655866069083
67.78747988964574,5,1.3045329621160668,92.823934439943
73.02982120701272,6,1.5489489926205935,91.99275226920592
61.39070412524979,2,0.16102220999309053,96.27630855427078
71.64042379660856,1,0.9876962484350025,96.59678569170842
85.0297499498042,1,1.4157805690854801,96.75255081458764
84.2334158765787,3,0.2641300821270307,96.4947146952765
75.70774524139148,2,5.313236284707726,90.80950372042031
97.69306404308324,3,1.1410620762869357,96.11537871060983
72.35069464013273,0,1.8452199017282704,96.40327084993271
98.63268295332682,5,1.1284256958321663,94.57752331266774
87.07490666673829,4,1.8570019859853069,93.92534295015454
82.19344538500803,3,0.04209706569884583,96.65915579041179
76.05278743066104,1,0.43580822095594246,97.47966950638592
61.84083174936375,5,1.4271332887371944,92.37948164098356
94.64526718561132,0,1.0286824835175432,98.49784437905952
83.56108771527593,1,2.309821163065835,95.6062689900848
82.69591126838081,4,1.638284636933974,93.96885399909827
73.72996871528063,2,0.5580585034978771,96.41682823156658
97.44219081662055,3,1.5726263667352507,95.58495790074872
73.12479429312994,2,1.401160899685054,95.37484663503443
82.56802458267052,4,0.8794215533973411,94.87309536505671
99.9173173507269,3,4.47850585115751,92.22165884614733
64.21885611874376,2,0.5530496188167422,95.9472832633571
80.49500773958152,3,1.4383258276579385,94.89875939378955
88.43159444995078,2,1.599797326043693,95.9018229312451
79.76731479071873,3,0.6005270235886186,95.8677333112296
83.64830519420885,4,1.9406577436797527,93.65362596729474
87.85334778871565,7,3.808395159781245,89.22259319769829
80.51018971009779,5,1.8514516085371804,92.80376755526028
79.07528596924294,3,5.009827663825412,90.54197110187165
90.19362404947154,4,0.8344815430264328,95.30830335084185
63.86761575567854,3,4.037092506782446,90.948869779645
62.509043617882504,4,1.4823383383507065,93.14664617487328
60.27747700778653,3,2.1679776564316233,93.01230066267138
71.57215711255807,3,0.1706062277759134,95.97388038229681
60.21156021508328,4,0.47703231529465817,94.23813923240057
90.80895914966658,2,0.47213637417875165,97.37388430846883
62.02614021016883,5,0.4925968436647833,93.5101907981107
79.01085920633605,2,1.9335749466706058,95.03025302431207
84.43587177303431,4,0.1661722051365984,95.8223869424878
75.7443073891159,2,0.033638769937350294,97.14684884553097
90.58369001783355,5,0.6935219319630637,94.69695818253601
63.24679081789363,5,2.110576408339191,91.62964785088765
72.36016993329521,3,0.02646966706389298,96.18624489618809
96.76628771420216,1,2.1355047160833154,96.47570872641013
71.80242683991563,3,3.443193924560595,92.05828863252307
95.634701040131,3,1.3985122293064378,95.70352037683882
92.8782902689157,2,1.1858674496758999,96.6208735738347
84.99970070173849,1,1.9995251059479608,96.05055490794938
67.25431394431304,3,1.1343587830337436,94.60148515757515
88.97257398868096,1,1.5933707986194807,96.73658374109067
86.69092666294902,1,1.6420192424779336,96.56412324217393
88.13702209792888,0,1.7722570129579713,97.28014268934687
97.5571427626429,3,2.0887637999035444,94.97134057824789
94.72353718552341,4,0.2758328167320869,96.20517747919767
96.35925770026748,3,0.17482322082771812,97.20817502002011
60.70259784319771,2,3.1603471657613493,92.64271329324626
92.77518192263028,3,0.5030079172388363,96.63514959544491
72.03932644724387,2,0.657258718566041,96.21325586008294
75.16906031612727,4,0.1973868746527142,95.3215887662231
88.8924792505378,1,0.021811787356836754,98.61844981769869
67.33701845537347,5,1.7497840831892106,92.26711002294162
72.8577981391457,2,2.1865290896707,94.41905499935244
83.27208442234188,1,0.367253544712677,97.92289996746189
71.45874809695941,1,1.9373425181017052,95.44812638312592
88.45992634853967,2,0.8047758749817926,96.85726526744884
94.30259029920222,3,0.9051140941350796,96.22899260199802
87.68364156052588,4,0.7044840487227737,95.33880121955896
97.47258839723733,2,0.03933743643787259,98.22642449613642
73.10491541012469,2,0.21142656467133292,96.80153389290064
68.94374277765633,2,0.7500683595189137,95.94710510746012
88.04219857094523,2,0.7137208106045005,96.94564495582186
92.86220715632771,6,6.074829529596344,87.55331492230077
98.83315894388252,4,1.0832010859661352,95.44181664403476
61.41747063108957,2,2.335708145133855,93.66802375739385
75.43253043764109,5,0.7981690300795785,93.81382368578656
87.54274324602196,2,3.0655792471144587,94.09844206576375
89.56220443245894,1,2.9792067061102876,95.1030621742906
91.67195079819487,2,1.1619586758783371,96.58924712885573
76.31004547959468,4,0.13019818805915723,95.45926444830874
60.214639648692796,5,4.990771645675869,88.0218060076236
96.87041346031276,1,0.9082618738237975,97.95360642442708
67.17091844489946,3,0.30105544961008346,95.59727938271287
69.91694303768169,0,1.888778694894398,96.2293127180108
72.26905505400279,2,0.5610254442796501,96.34022221956457
82.67442133232511,7,2.168564911165429,90.93144317321774
65.0230105842148,4,5.997123275204281,87.8546025989656
67.1367430647584,3,1.3575901773698378,94.32772894039411
81.53938991737276,0,1.715312054663379,97.01859503027258
74.32796482173893,3,0.9732793577084558,95.1484630118368
76.01218966717818,1,2.579899655956491,94.90472989621112
77.95079149088738,5,1.2101792224689234,93.44532450758166
69.78051622163784,2,1.986307747142833,94.50545651451048
70.9866567094798,4,0.1190015334055004,95.2065309953874
63.28352062922276,1,0.5886504473418965,96.65779549465086
64.45143456402043,3,3.679858917835434,91.4067410267985
80.63963115231053,1,1.228367332475058,96.75794075864546
74.724008180466,5,1.8216739609745773,92.55019165585381
67.08363055374778,1,0.5585681411854114,96.88389975826489
80.6771191629673,4,1.919442437476895,93.53052503317609
93.4336665768797,3,0.005480616350864113,97.26510658922295
89.75030210548499,1,1.0313713144425207,97.44986952794322
73.86792138517664,2,0.7765430203103029,96.16154444488647
80.81632686275675,5,1.9408739032396167,92.7117676592503
99.54602792914649,3,0.05659656664778575,97.50938551647998
77.74356214125334,3,1.8463260699001038,94.27158682318255
70.0160803900186,2,0.3844855612166125,96.439421346041
88.73456410647061,2,0.034367415074087276,97.79548730723462
81.31227268435732,4,0.668082266384024,95.06391491455703
82.61237807482453,3,0.2905289858211551,96.38198412075585
81.29923473098735,4,0.16952610178827182,95.66153041440344
84.0804003259235,5,2.0274593063039443,92.77106884873145
81.3215265385869,3,1.4610593368862117,94.91280512266589
69.04774294668928,5,2.0013602181371297,92.05075488556992
76.74712542733182,2,0.7015306451884733,96.39551949714043
73.36758998873978,4,2.067058022210393,92.98790987278451
72.92636813734306,4,1.1979592744347562,94.00876727754545
86.73404162685262,2,1.4508285096935456,95.99570786971037
64.58719300968035,4,3.0635469175303696,91.35310334944758
75.81562809004483,0,1.2875279707477827,97.2457478396049
73.56774010901489,3,2.199973049475406,93.63841934608025
79.74075659824315,3,2.2489514032507003,93.88829614601131
75.48424724671912,5,0.39031298989466634,94.30583677446236
77.16924453254576,2,2.1354781813034305,94.69588840906317
63.45406645282242,7,4.415522962065561,87.27407576816245
61.70057543618377,2,0.26461853839788024,96.16748652573173
98.13967148448955,4,4.294213166173168,91.55392777481667
74.06211709821729,8,1.5687318852093615,90.42062759265963
65.92702186080635,3,0.28063218492855463,95.55959247112605
97.42699934644892,0,0.9526164040428513,98.72821028247103
90.8090851169801,4,0.25658592311370737,96.03255114811256
80.35483580776267,3,3.2220731962768694,92.75125395485588
66.43697362151455,2,1.680202267285774,94.7056059603328
72.57824603453349,3,4.380059649453324,90.97284072238268
81.92045901264754,1,1.8734130402939082,96.04792730227969
83.36395491856337,1,0.33836367342305057,97.9621613378205
66.83871807773437,5,1.379119492963862,92.68699251233008
74.36882635778146,3,0.0337229239709533,96.27797380912394
70.96546444617674,2,0.37876540175654105,96.49375474020098
63.85677234698464,2,1.6207014878658454,94.64799683191022
69.29791762031269,5,0.8323723712053498,93.46604903556921
98.48717381672675,2,0.35002816072723697,97.90432489796365
82.88854015714888,4,1.4616905784635836,94.19039831370114
82.26239211970707,2,1.8146857662397535,95.33549668649765
90.71855608192713,2,0.4006331383799572,97.45516803804041
96.47834358714421,3,0.05169176044686276,97.36188706682097
73.32549618549477,2,0.5098276706823681,96.45448160445589
63.60523266574051,2,1.8381252770051004,94.3745113008809
70.23680928024753,3,0.36235869686458166,95.67701002777488
94.60713716175904,2,2.9094303367683323,94.63904045396595
67.12552227298819,6,0.1094942374723937,93.42488302868253
88.50781090454657,3,0.3890890547078035,96.55848367957796
94.50070469870778,2,0.947282820660704,96.98829585014255
95.13037967146465,0,0.5442059236363502,99.1034718752096
96.39406357755144,7,4.195785207656722,89.1847609296895
91.84337401739663,3,7.612003282714275,88.0577647616127
61.82985588574581,2,0.9869863063545874,95.30710922666178
70.74897818399234,3,1.5006653456772139,94.33665049438696
90.06980516593006,4,4.935093399664999,90.3813781786985
69.53717082145292,5,2.139973960296226,91.90888978871718
97.12064579345737,5,3.4833555496584223,91.67600563008276
92.05091188557869,7,0.2786700110066113,93.668141581071
97.90636039435842,1,0.16003310307881913,98.90327829602334
78.13437804607875,3,0.3271614097012929,96.11412521066238
69.19863373600333,2,4.881902377185485,91.00164883417759
67.09568625774446,2,0.2537225351857466,96.45031727066433
93.85778390139798,1,3.1798646092060805,95.0770516640226
77.7518603244974,2,0.8363061297617697,96.28402566051075
83.61255305501373,3,0.8526353631375088,95.75746521698568
68.92538919521876,5,1.2211326432344787,92.98091028787957
91.6832911329509,0,0.853819582305588,98.55958105788083
61.70587659317818,1,4.850157602968093,91.4651047060972
66.7531461112142,4,1.1416916873380838,93.76762728075501
60.274148483108924,3,2.326100326137801,92.82238703279009
80.06563306614831,3,0.9869701816124901,95.41891743537242
74.08779119298586,4,0.04545741666517382,95.44984065965109
93.46336454000848,1,1.3993477939174668,97.19395087429946
92.67074066175894,1,0.12071301330842743,98.68868141711783
60.993856463418126,2,1.365310068449752,94.81132074103121
96.83865555664119,1,1.3610478018546488,97.40867541560648
96.12261227362305,2,1.0564474465499587,96.9383936778212
69.51771384437382,4,2.0766146274732824,92.78394813925075
84.1163272633481,1,1.4440322500375233,96.67297766312238
79.7648809530197,2,0.8239271805780084,96.39953143095738
76.03664896902954,3,1.033079333878404,95.16213724779739
83.6927070394096,3,1.2433658739056632,95.29259630328369
76.71256837959507,5,0.08424654316977748,94.73453256717602
72.54480917788092,0,0.18624530322302732,98.4037460950264
99.66839290083357,4,0.2515858739668635,96.48151659628144
75.1354462440881,2,0.16382201664787757,96.96018589222695
84.39727696848138,2,3.258387138194922,93.70979928259017
62.1179519137733,3,2.446449264999023,92.77015847768983
75.8010032908175,0,2.4994043992363526,95.79076488545725
77.76272077514136,7,1.3204817776031044,91.70355790563335
91.94435047112134,3,0.17344270167830622,96.9890862815421
65.01705520083138,4,1.9202392602454452,92.74656564774703
72.56806229560995,0,2.622418119423453,95.48150137147235
66.50774173717423,3,0.4615438001910854,95.3715345266294
66.73957353301559,1,3.0390804089668118,93.8900821858906
96.9073349259741,8,1.4054418323452564,91.75883654748439
82.99658155652455,2,0.5043055576881337,96.94466240860046
95.59440749661026,3,0.7894162481481156,96.43242087705278
71.05019086688272,9,0.47921276326409423,90.77745422742723
62.41029434735062,2,0.4011021121803246,96.03919218275114
78.18505196280964,7,0.44528571670431394,92.7749097380953
95.91930128598501,4,1.4179880764279076,94.89437937258576
90.68317288445968,4,0.03822655212726108,96.28828678167027
76.76316001688188,6,0.6782013474669262,93.22431638388379
96.27424944465696,2,0.4241744708043801,97.70470310726759
82.19690071269977,2,1.5963383642587008,95.59423899852455
71.76598925988266,1,1.0177225478504495,96.5670324055736
83.34977024168637,4,1.569144705499085,94.08451486548542
68.64728250186205,4,3.599744493956666,90.9126707323451
97.91349419988813,2,0.6756971050404923,97.48483818394581
61.588888579637654,3,1.5698599020910204,93.79561254647265
74.51262378735701,4,3.775549340823244,90.99497198037996
61.13190181387583,5,0.08313483053905926,93.95683329404692
70.04256996727362,3,2.712467309739541,92.84716772667623
68.47010754592537,3,1.9093766275909072,93.73225342418718
99.58405520369327,3,1.8128731772300246,95.40375494750863
95.45328891584211,6,1.0625545747293101,93.69759895611693
68.32859055749628,5,2.164254006238864,91.81932472038818
67.18128137978542,2,2.5781624033211745,93.66526918500387
90.221878100862,1,2.8680997992306825,95.26937414596628
86.00413961270445,1,1.2198801185878694,97.03635083832978
66.90605900857457,3,2.504726088752869,92.93963164392528
74.99306799108726,2,2.6817151810572755,93.93159518228563
97.7383586905645,5,0.7281419201397553,95.01314763036052
95.37484236070668,4,1.2344059426844727,95.08745498681397
85.91835403550222,6,2.686754246382027,91.27181260611668
85.93445867992251,1,0.030542170220947587,98.46007232973099
71.81799232625967,3,0.44984750182786504,95.65108261411955
83.1224672580922,6,0.09893856561514222,94.23739708416645
62.20276056263903,1,2.8484065933228435,93.89205011614453
79.5968302984472,11,5.1805549500627475,83.96317557484707
98.34499847071167,5,0.9842156574050491,94.73619113464953
79.30449995555914,2,3.462826466403041,93.2098332380943
72.14965857813446,4,2.1444277639243374,92.83416961219751
81.01239831398873,6,1.1390727803504697,92.88373257927887
72.54163941716939,3,0.4166369378392319,95.72711764545139
69.7251595337878,4,0.7469082708443358,94.38996805167619
62.94482237173714,1,0.6392103461016642,96.58018870326487
80.96341041950774,0,0.3159562031362657,98.66902307721188
67.02600080764124,1,0.32560836825260075,97.16056999847893
99.35521443855991,8,0.4818169935904682,92.98958032961943
63.7303419527495,5,1.422032405576948,92.48007821094514
90.6449646786345,2,1.2113129220208239,96.47867272750673
81.86339599374719,3,2.7928411550922245,93.3417604135767
60.02489882260688,1,0.6521662357404463,96.41864545824181
85.47058744266296,5,2.0101454671964447,92.86135481149742
88.64978922177862,5,3.5116344654713165,91.21852810252335
84.39553509201214,0,1.4437526899989583,97.48727352660185
84.50236982681118,1,1.5794388255837335,96.52979190064008
88.18004926992208,4,0.5430652454652845,95.55732416893777
67.3642282447157,1,2.4618857708127395,94.6139484872605
65.93572202632353,2,0.2586683380113678,96.38638409570254
60.96259810433915,2,2.1025124931552535,93.92511491343065
60.49467635580647,0,0.44285506926542106,97.49330773467182
95.56833945119304,4,1.0972555906223536,95.26171026381283
82.63969058559437,2,1.4376160750368114,95.80684523923554
88.67794327434044,2,3.619311980161304,93.49072278752345
87.05797631782866,5,0.9354832604754311,94.23031890332092
97.51109042897258,1,1.311805728110463,97.50138764771607
74.20399052265843,4,7.498598983818983,86.51188074555014
98.2859183213822,2,3.219503520973136,94.45089169090134
76.9426366471674,3,0.8541756840360237,95.42212101151515
88.01047402996625,4,0.1714642946076999,95.99476654796908
78.55387109559338,5,1.0782709771885033,93.63376838215346
68.91429239730917,2,0.26745182891944497,96.52477242516213
76.97442501332245,1,5.159836918626493,91.85691694831434
77.08389452788825,3,0.8124054724813272,95.47930815941682
75.7523406582034,4,0.01060884633673425,95.57488641730609
85.32367109403324,5,2.0005209103034933,92.86555846233748
93.19263922676615,1,2.355787962651037,96.03268640615707
79.72427262806809,5,0.8467246655488974,93.97014403274473
64.1681733177434,4,2.332467480175981,92.209447689676
80.10510737940939,3,6.978562605413174,88.23098024247466
84.6673273867402,2,1.4145233580858616,95.93593833963398
83.09982185425471,4,1.7089059410829945,93.90430396341314
68.39275707714243,2,3.004906752202099,93.2137497512146
97.19480581440484,3,1.1537659087312688,96.07522120024272
66.81563216290158,6,0.061191485667042994,93.46735182534462
85.51205049843857,3,4.233417111494105,91.795501991129
83.31914729176327,1,3.46232289407907,94.21116989169327
61.54911747514832,3,0.05689890059147849,95.60917719304764
89.23353891195659,4,2.066457851587519,93.7819275236928
97.02724028100343,6,6.480841067688911,87.27435273282347
69.83988533546433,3,1.545486299412882,94.23741070747776
88.21802102381108,0,0.8979675433449091,98.33333999917666
79.5643591152248,2,0.5864688593224678,96.67445532457428
88.52956934218193,2,1.7032841791392581,95.78253745214198
95.90391283558789,6,0.5012764702639017,94.39366387746271
86.62823034995768,2,3.23602766322234,93.84817832163108
95.37991159347149,3,0.8666923569445131,96.32896475134015
86.26454283246471,3,3.7338376034415903,92.43262201749333
60.48926494029696,2,1.2041681064264533,94.9794615193031
78.46452060682066,1,0.22194153651555376,97.85689618652236
79.45280277028056,3,0.4860467079937584,95.98938408892151
86.72957971407598,4,1.1773834879825935,94.72361880012468
62.50193492941661,4,0.4322746663382188,94.40636714686497
69.46448085441277,3,2.0856888086973857,93.57039747228377
95.0821769368128,4,1.5981429494767163,94.63633730746858
88.38585573022192,4,3.4295770867556064,92.10380028240436
84.90910030751559,7,0.2718177638917144,93.31927369870573
98.02273723894463,2,1.191957998687852,96.8707872635218
63.68326161875695,3,3.6531991741355796,91.40032407197515
95.94432680197562,5,0.1260715645812664,95.64593046260126
70.96239377244709,4,3.147313379666067,91.57134363302308
81.5607288805515,4,0.4762843262693976,95.30649525250429
62.69029177764721,3,0.9214300673808844,94.6287985080253
81.33681963613363,2,0.5053963955216471,96.8603653071807
83.43928056094462,4,1.4752727654228524,94.20163670953981
84.0609386611259,2,0.3676693805002004,97.16184367645606
86.12119694194243,2,0.019333513814433323,97.6828596305198
76.23622620249542,2,1.6366253951250176,95.24786083597475
85.5405720337917,4,1.226708688425644,94.60497817557881
63.08312837941572,0,0.9360754510708251,97.0308658776858
64.19934245770014,3,1.0227180548568533,94.58270545705679
90.90343720002001,5,1.8160192186907058,93.36594879757216
62.326044690831324,0,0.6119317489070267,97.38198413585313
89.18060352706412,2,1.5819275809523876,95.96071707921034
78.27904495557301,1,0.37214166664744214,97.66738224780173
66.58338370835881,6,3.9427015452489007,88.79792733111925
87.95935956287032,9,1.034725001347458,90.95629797652657
85.3996302354277,0,0.42666837317554496,98.75797946396074
70.00857580285424,4,0.1981678764914266,95.062627338353
97.93439226033789,5,0.8928868761480141,94.82525536163928
87.74694972912454,1,0.22005479147455778,98.32328173668675
83.88454020389722,1,2.1841390087474974,95.77326019969786
76.66814971180644,4,0.014197145978273032,95.61637091041639
82.39607721641512,3,0.5599658965108852,96.0478447850077
63.12299561900832,3,0.333665985865511,95.35575059791181
69.61101441993532,2,8.160963352443186,87.08739469806494
67.04597763873916,0,3.3906340294392603,94.28353804660985
83.20069007360462,2,1.5107961890931136,95.7470790767685
84.65874233370265,2,0.32565673248167304,97.24214903770712
72.29535437744063,6,1.6552647256347335,91.82845004811035
75.75210976770005,2,0.10241943132666981,97.064702170793
75.23615396680003,4,0.6269843021446189,94.80942653576646
98.57967569391757,2,10.627834825645797,85.57558199392092
71.41556258567248,0,1.8169131799410314,96.39048231335438
73.0695732097644,2,0.7055612630005421,96.20680514488757
81.47068535914522,5,1.6496874341616983,93.09390934696323
65.91119487129889,3,2.217905529419184,93.23407310826192
97.5726313776902,4,3.2759905661909117,92.74744288945541
97.11476447194877,6,1.1673493600131686,93.65491899158164
93.626012989645,4,1.6519280014162825,94.4989870477827
73.38333686504743,5,3.1121745425169163,90.93455739223208
69.62279013890067,4,5.844052240873916,88.26827681789634
61.18703466639619,0,2.923252666424681,94.5514485336102
88.34816012416277,3,2.955112427579745,93.47127309311244
79.23619409039202,6,3.1640614889201455,90.36493591781543
74.96159358294824,5,0.18597126619466448,94.52491415971382
95.51009351959934,5,0.030484864660985676,95.73892283838678
99.27096710984628,2,0.38760449248911416,97.89842296450537
78.08199551903299,9,4.418104276749565,86.40237464385217
68.16703970258447,4,0.20230932337103574,94.96558079708399
94.66300770360762,4,0.9536333494116308,95.38879036588642
68.5101863647655,3,2.8634230253036166,92.58940168787393
62.67739232886167,5,2.0280015939374088,91.7002677037182
66.10351011781823,3,0.5999882309550267,95.18518962874488
81.66615796741861,3,1.7753583671020619,94.55287785784846
96.36505149359087,5,4.376806424294326,90.56608486552635
83.33386619729747,1,0.6751110781329974,97.55656001610528
60.14392406702615,2,1.1825427073898813,94.98814495448345
67.46469280419689,6,0.9162920319217094,92.4736842019038
99.99365201991688,5,1.7693134299031825,93.87650648511203
92.61632400130955,0,0.5287110570129305,98.99636293164995
72.9604646353137,6,1.8290199754013465,91.65319926128407
69.67004739095019,0,0.501429544698021,97.88178691590988
79.71627313962514,4,6.3293235190792725,88.19062543408613
97.45338726032895,2,2.8034564828513187,94.90852158359486
77.81204398718037,3,4.479821104895758,91.1148168734841
97.92392906740714,1,1.494578582979785,97.30270215379461
72.68906938333859,3,2.048245774501805,93.77655853976476
62.63083169120614,1,0.08541108591681393,97.22904828146012
83.55164162037983,4,0.6719482353635753,95.1712441985827
62.6999608130531,1,0.8587265482429707,96.3045261827611
62.6085069833339,4,6.29967926754736,87.37081022810986
62.62478313546308,3,0.2619627862943623,95.41688381321993
69.74261194769461,1,1.7584734436489184,95.57696246500603
86.05927740977745,1,0.20163825943014785,98.2609979591727
93.71477714594656,3,3.426411282131129,93.17404531873997
85.11339322250085,7,0.5194738956407841,93.0323009863561
97.59683492090886,2,0.13537738758424928,98.11738888094435
67.24754755951166,4,0.8325716291739444,94.16329142296685
94.80249407807251,2,2.6337275774596542,94.97965161095205
89.34621410662086,4,1.0267945088448505,95.03515729471722
64.4135495390582,9,0.020769746093329725,90.99575378164091
77.56673631192729,4,4.6410759247155795,90.10904570593766
76.85590727941029,6,1.4728072144083575,92.27542670668049
60.92609734438565,5,0.5414276978655522,93.39659162978062
78.2938440661052,1,0.7507539604037987,97.2137874508207
82.25987673293594,1,1.163404238324585,96.9169087506573
85.51239937943119,3,0.062051871600641614,96.80115772305079
67.38733407859887,1,0.06732127229635279,97.48858117717432
65.08075761116268,2,0.1764018158367484,96.44235570155404
97.5545014775911,4,0.5173289794324716,96.05693029856059
81.22491252909424,3,2.2559280429396136,93.95413197492718
89.55995979910547,6,1.4097308859126865,92.98632092686005
95.10708180375099,3,0.9957240236440912,96.16048526181464
62.259594994471776,3,0.691351995163165,94.88335735552779
62.71035932761418,3,0.04920216310720375,95.67647537065207
96.13797434623743,3,1.1860477106326723,95.98364146455266
69.09522894303754,3,0.31703318748815124,95.67432162216609
87.4676651751149,2,0.22093005217364436,97.50826719614737
65.46498620579041,2,0.20560178140266414,96.42652717260633
72.1159673103867,4,0.36027347906597557,94.97347019064017
71.48990521147272,6,0.21533838516783427,93.51608919837223
64.15829627921086,3,1.478831604922146,94.03331688805397
91.52850839299049,2,1.94268700496153,95.64520101369568
98.3905056503217,4,4.107494891608646,91.79053141258571
75.62871265969859,3,1.8510328898562631,94.16019616515742
92.58673332829463,4,0.5499933406025957,95.76934465769162
60.34709638766402,2,0.8040941451404389,95.45244184521468
88.17837788367405,1,0.2123263780918096,98.35412724047353
68.130550097511,1,1.2978060411577643,96.04916025548623
70.25344059854618,1,3.341342956084839,93.7030604826255
65.52643968315988,3,0.7242231193239667,95.00725424096923
87.83498794361783,1,0.562477149530731,97.91677681774401
99.14432514397076,2,2.7401803072947586,95.06899988844482
65.33231509968238,1,0.8607729524546617,96.43368821203852
99.25875946722275,2,1.8148046947606806,96.18517233964832
75.66747508271715,4,1.1567434938526706,94.19528156151266
75.35194708191246,4,0.7193959150251913,94.7043222560654
67.34638245545742,3,1.0325059448753626,94.72831198892243
91.50980376273185,3,2.5673011936498304,94.09472875575679
78.43100841647409,6,2.6683565733515358,90.91952253280186
73.66889225597276,5,3.6187744421471395,90.34091528222207
79.72617548437454,5,5.176906619111173,88.77402083128533
67.2391689056726,0,1.135112820677132,96.99982306047107
88.47649051263097,5,1.4262246042593447,93.71235500052033
94.48921601405294,1,0.19584409100847458,98.68944789149248
60.18056191711498,4,0.3508845414408211,94.38796664612676
75.7928151354264,0,2.6530609281574726,95.60596764298235
75.34905198987774,4,1.472540539176505,93.80040395248209
64.38489677424568,4,0.07507562166202623,94.92915409271785
62.23881510545519,3,2.7452155639739235,92.41768207850404
87.747238955897,3,1.469095873712273,95.22444689934012
92.72827441979632,1,4.213844900550667,93.77979984032902
71.77136047209466,3,4.426250347580712,90.87706760650788
86.36214668765996,3,0.14731339040333602,96.74133126589899
70.69862183338651,0,0.1088342817404685,98.40432995358077
66.26340173973026,1,4.157185616720698,92.52454734692168
83.03280091497611,2,3.3770811682000046,93.4991426439088
81.29252564215781,7,4.661165684185113,87.87122746108575
81.7153135548622,2,0.12407410043536668,97.33687675722067
76.8925236857889,1,4.653847339293725,92.46000937713697
89.3356537299015,3,1.505375039064487,95.26033263961769
87.24049075454151,2,1.384016526450975,96.10120470598591
65.0723192822547,6,1.975568747497182,91.08293346711612
85.43157623864121,4,0.6376255640553377,95.30642813506566
80.82578177021162,8,0.7940083198767157,91.68847910465853
89.4264156054634,5,1.386866917849772,93.80708047885345
71.71427351220184,5,0.9355445663979651,93.46306019593254
73.72443888408905,6,2.2066551533544128,91.23823576017915
72.77376960110783,1,1.0399920632229591,96.59069800418784
75.21058132961544,1,1.4710257839173742,96.19529812577993
90.87824294296266,0,2.0792216258336773,97.04884619614772
65.20816109100615,4,0.11054627838671077,94.92775252048625
94.58759949924826,5,3.6696184517004937,91.32583783292182
64.71544936596946,3,0.7006841113851359,94.99495153463631
99.5354944083953,3,0.4843869394398141,96.99551039309199
74.75838197495328,0,0.7097205803796823,97.88625440229204
63.72126340237601,1,0.47299083079533566,96.8184741731644
94.65133610536846,1,0.4309847741894791,98.41538507624105
93.10234824013946,2,0.9584181393138437,96.90501564483036
70.62472158804944,3,2.192963046153972,93.49968042401771
61.9560870975375,3,1.2963727853307254,94.14215701248
66.5913266302096,2,2.621908970105971,93.58327556738331
91.20450860466575,3,1.7688444665092071,95.03761207042224
63.61867924479847,2,1.9849617363906702,94.19897987857112
67.33004245563048,1,2.736850009772689,94.2822821110543
67.07235032930085,2,1.879071374901107,94.49873186658371
76.21862323937553,5,3.0413004945540365,91.16137056850394
97.32733673907069,3,1.0543480268360295,96.2011492047503
69.20037117543436,2,0.5557732230957733,96.1930906910568
76.08065345640729,1,2.175835061052284,95.39303059955762
75.80847049495377,5,1.623145053527899,92.84264946051421
76.24128255815444,4,1.3473062565809333,93.9952966200106
78.41897155180996,3,1.8044920639779576,94.35555810081695
82.31199023342577,0,0.07461316306155952,99.02606371599742
82.80476004192906,1,1.061498906553225,97.06643931423258
94.04541502022809,0,0.48401890364290423,99.12144806663991
96.79680873384163,1,1.062030864549156,97.7654033992331
66.06717452595512,0,1.0475022248925068,97.04635605642675
89.40520755956237,3,1.6378892689086175,95.10479325528777
67.67907110335297,3,2.0258907523503082,93.55288465234727
86.24403866089399,6,1.0789569992905383,93.21745353389605
80.98033927818558,7,2.213838231214954,90.79241108645134
65.54705352620408,2,0.6897782584451333,95.84961876617605
63.49730089656842,4,0.2340773063180579,94.69397227724676
81.44478507844018,1,0.1635653842783515,98.07596079278798
69.17399095764453,4,2.109221455609738,92.72763380115055
64.2255896149552,2,0.599662339848624,95.89168467292942
90.76718866866841,4,1.2849371683236597,94.79643483144503
92.83725487196699,5,0.8940417563476373,94.56901263598118
64.14033859210433,1,3.661595421311569,93.01310242403133
98.94302066701007,2,0.33632883148447745,97.94355643556914
71.83628360272874,6,2.5982016758432094,90.67397216912458
60.702299193158204,4,1.2878559720579874,93.28968779318832
88.02347099665329,5,3.135923920249512,91.63806484553325
77.3623510956894,5,0.2877796246212786,94.52278200523894
67.22164709770496,5,0.2652203130176881,94.04281797926402
71.63367120712225,1,2.317263611829557,95.00096722616064
62.551548676905554,2,3.199322642578939,92.68839026275054
98.54919114389847,3,0.20165579230002967,97.2854726064349
82.20449485010141,2,5.784383406238918,90.56896465501836
89.03839600895282,5,0.8546603891389769,94.42632733348087
78.20045013737479,6,1.8123306768168939,91.93522569468847
73.2467936130094,2,1.9646876023969293,94.70471455777415
66.49747800243931,4,1.5895379451319345,93.21742836596364
62.385474588159376,2,1.3648071909832322,94.8815051002281
62.82421543863709,3,0.3444156523286362,95.32791198913749
97.66629540283992,3,1.4209983307197933,95.77811677327824
98.81484005559311,3,3.202328422656456,93.69794789559191
98.98707160478116,3,0.325217815146243,97.15909220206356
81.87109388907504,3,4.713759935627392,91.03704277170088
92.14463712035848,1,1.46848284055788,97.04505244734847
67.2251414183164,4,3.6820471644802444,90.74280047353953
96.34544113919276,1,1.033640078952463,97.77690396221668
80.96056883107119,2,1.832887532722906,95.24856340228607
65.42957874125148,1,0.12078009348924802,97.32654282487547
93.17075975139988,6,0.23515563843370219,94.57635122144956
83.67468010028301,2,0.8592996929412828,96.55257437348462
86.03470881285787,4,5.533682811406921,89.4613160669546
61.80362152185268,2,0.8555199729965441,95.46355710849679
85.64656519931467,1,1.2981022459015763,96.92460556488385
69.28010335202843,3,0.6415586032637071,95.29413484368497
75.79265347447206,5,0.8020338612210458,93.82719204025835
60.44436123802753,3,1.2368136188166594,94.1380417193214
78.77055945235945,4,1.4962520017065737,93.94302557057009
93.6168183380905,3,5.087350697407189,91.1760200800159
89.34876858691297,1,0.9874828016857155,97.4824590673228
87.17417123247131,3,1.8351703168019082,94.75650418146128
62.7303053439926,0,0.04976861166586326,98.0767929332006
85.26018310572763,3,1.4382264597794705,95.13713740355102
60.12915540609005,3,2.1630464267325604,93.01080205822544
70.62967486202837,4,0.14458669712944688,95.15797970654609
81.63925898356887,2,3.192568172932586,93.65088114165934
73.09798529276014,6,3.288941470430494,89.90816950012142
78.7475696701431,5,0.44420570396054815,94.4043316387545
89.35314192917978,1,0.3006753783506547,98.3068466424382
66.05413787241287,2,1.1824284988418203,95.28379269501046
65.32227239636731,3,3.1476934097207674,92.08888152815345
70.01139233079857,4,1.403610255887138,93.61623730947537
89.8136176686707,5,3.32119805122264,91.50524322196637
93.47295831717761,4,3.649119827724879,92.09470412258902
70.84653683565163,1,1.3241387401709919,96.1533603535774
61.9138799496683,0,1.5298236905231541,96.25990556885563
78.13549389750804,3,1.159947800968638,95.11483733371304
74.63617559575096,3,1.1122260979025667,94.99713746230447
67.85740014779134,2,1.0230143005082282,95.56525284677969
94.86045046526216,6,2.1028057100926105,92.41965567115197
94.10877828523658,9,0.028937703550762275,92.47071367000092
97.55706806424914,3,1.338913291739076,95.87115745312556
91.38481566385003,4,3.0926907889147337,92.65801183649482
76.11184286848105,5,0.3704008109147048,94.36111117032641
64.95809305033528,1,1.2074671331589604,95.998944092726
65.24423917496019,5,1.4048438307937197,92.57639936179555
73.73528483709016,6,2.135199748284309,91.32452454391334
78.0009810924885,3,0.8501019848076735,95.47992667285521
62.06135494592067,4,0.11467027057996138,94.76546342260008
88.45190135461837,4,2.2889697848247703,93.47583132594119
84.40186327334945,2,2.623845679465348,94.47147834830905
75.61556739611441,3,0.5403224729072599,95.732391402317
62.659221579456705,4,2.9096839857616543,91.44134029605885
76.78012435497857,3,0.08977187602391593,96.33127996652023
66.665572952664,4,0.515518474646235,94.51465647805772
77.95151836081806,1,2.2796059576463326,95.36204876886531
68.10591057221276,4,0.372168974418491,94.75869275930845
62.469790326980636,1,0.8158005561987194,96.34452884891057
60.39214304308243,3,1.900326345898074,93.33921553707643
86.73927164301747,3,2.1428585996527274,94.3655332625676
82.55544134938516,4,1.4985891977714203,94.12946503014355
85.19254654896721,1,3.4358235805758657,94.33663903075733
98.13755298813257,2,0.30235445598200633,97.94405230222822
86.08544544642461,4,3.606458577347683,91.77652197950401
93.7513772767173,4,0.7756221345005516,95.55682230243521
84.78771856555672,3,1.211691336720893,95.38535632421276
78.05940913556415,2,0.7339047261220599,96.42228478543174
68.97008780064016,3,4.475582849551505,90.67780497057021
68.63968432591031,1,1.952120122704672,95.2894400690499
82.83501730539584,1,1.141045708171235,96.97249601546432
86.06124767690747,5,0.2121647404682473,95.04846469528347
85.90154178118007,3,0.34544689101773074,96.48054081983773
69.81252599447348,2,1.211755728277272,95.43651942579095
63.72842759450543,1,0.44634636768910396,96.85080573849835
80.08552055917828,2,1.1566205581348288,96.01633135819712
74.17746370090497,7,3.3631126329667893,89.0731380254851
66.12359251419217,0,1.1425670905911935,96.93509911700018
98.97479104555443,3,0.9540720779207038,96.40385305877288
69.49022733653317,0,0.431343880798013,97.95689870986904
88.89841725311072,1,0.7907825319861358,97.69598182427217
90.08684418134368,2,0.37019795402017375,97.46010466424298
68.30947536967543,2,3.7096810586384077,92.36385649811768
91.08467659285753,5,1.7266624685842524,93.48223886734178
64.28131200549944,2,0.17154515424793748,96.40821141517745
63.65067077699089,4,0.803606677176305,94.01820552623798
65.83901730673826,0,1.2450287079579279,96.7979164157874
95.18290052903632,2,1.0133174974032615,96.9431640295679
74.70866080553765,2,0.5022950716721742,96.53267895427027
96.05967482767181,4,2.000742255430162,94.2020930348674
91.46324185667262,1,0.9323265169432007,97.6543702725018
85.49746945630525,5,0.2733636095056773,94.94683714140845
79.9425616837967,5,0.014007547819947602,94.9803190268059
83.91837824447302,1,1.4751554570425258,96.62573236377261
60.53394689382997,3,0.0044039537085570684,95.62141260024123
90.67431575719428,2,1.3210442843135624,96.34846264668344
64.37638657416592,4,3.841080416136787,90.40952282934416
84.93929761391291,1,0.02407596247464066,98.41807372572607
62.048471688634145,3,0.7903603054984542,94.75399121783356
69.53973102758307,1,1.3713967973595265,96.03131039454772
75.87340206559061,5,0.6768622682702283,93.98143538135525
88.41647441533652,4,0.8009699972680138,95.2596597240452
69.20311224078634,5,6.134395916350897,87.09888051241825
67.67958914625854,3,1.7071590936438015,93.93538854494037
91.10427070585082,1,0.6641741548181395,97.95820454951077
85.69257988800594,2,1.000336772527751,96.48422486736699
89.14442090848878,4,1.0590738093682024,94.9863324741826
83.48577056165314,4,0.3505095835862737,95.55367702777913
89.6102045515191,3,3.0431082819737387,93.42878028920747
68.5715531310558,3,0.271931830902339,95.70225945946999
94.46659877304023,3,6.814317673808164,89.14614873008222
71.2704131074355,2,0.2913559908871364,96.61389346630722
72.28924346075726,3,1.0303347739521331,94.97806044429531
85.16983217057313,8,0.48531012609620905,92.2761194572132
72.53532321184267,3,1.090496900904612,94.91816987950659
96.6496524464329,2,3.141982557477554,94.46210355334858
97.66791693682019,4,0.22250621198085657,96.41638839246399
71.28376817244273,3,2.179007519883334,93.54937938476213
63.73373589124605,3,5.44062095142464,89.25794165285274
62.1085490689397,4,2.0525324091496753,92.44238856246737
68.32390244132573,0,1.2660131890968662,96.89697929515005
92.52978683970892,4,0.975534203630171,95.25584829762924
60.29902345874279,5,1.3837784406760667,92.35441704412585
73.81564657982729,7,1.0057224843760961,91.88391534774004
80.16758461974995,2,1.3537101540018557,95.78392704618527
64.8576262594449,1,3.8499971914662057,92.8228846832128
94.54149888010389,4,7.495812268712601,87.53210022155008
74.03362708538269,3,0.40418645998703506,95.81665760228469
92.09818381118737,3,0.1735200778625645,96.99668509712428
74.04428945833995,3,1.8749021492427715,94.05233189382567
83.9658887795325,4,4.901142173154774,90.11692383119089
60.77094469896843,2,0.6325354180303685,95.67950473331197
79.88939892847694,5,0.4932897109977746,94.40252229322651
86.26063100775735,3,0.611187340484425,96.17960674180655
91.06847111563651,1,0.1574904113761938,98.5644350621304
67.07403208197464,2,1.0897967584140562,95.44594549400186
68.99909607936395,5,0.037269951054038665,94.40523086270335
95.7578174295933,3,0.9680318423627795,96.22625266064433
72.13396943923895,3,0.6349630348140135,95.44474283018513
78.9769415620811,3,0.1914404481432123,96.3191185403322
97.78046379012468,2,0.7832048509793155,97.34917736833106
86.36881057104316,4,1.8966979220016387,93.8424030221502
65.68464503681508,2,1.8862154822492427,94.42077367314167
69.33399397903862,2,0.7333386007624481,95.98669337803699
94.76824811841007,2,0.20921688474668643,97.88735214422448
91.52593655777757,4,2.1144870385214802,93.8389123816631
71.80822805534264,4,0.9414201626220773,94.26070720762064
70.62834482770496,3,0.27665603782605985,95.79942999599398
94.1574084574444,4,0.8592946556785297,95.47671683605799
87.09077709502091,1,0.05082383647752168,98.49355025097802
96.0880690165324,4,0.21425788585111588,96.34729398780529
71.7916345963986,4,0.2045382891815476,95.14413578280207
76.51593600122916,4,2.0387876401396916,93.17925163189383
95.42369349128128,2,0.47697503614157055,97.59881463119417
60.90058238436768,2,0.5081371479985684,95.8352645416201
88.31689840365124,1,0.7641545943348083,97.69885940698079
99.99075859489443,2,0.4754343811668843,97.82901667234447
82.99013213658053,4,0.003818309006735884,95.94492463602094
91.88774187918123,1,0.5053652928263838,98.1879487425674
74.26727535504794,4,5.195664531297906,89.2785663301949
67.2573214670131,2,0.7689603630536523,95.84011363768627
94.59964872613193,4,1.2718084336762143,95.00381231589515
99.51710739408242,2,1.8093735334860135,96.20460712952091
70.74483148320793,5,0.10628539988876716,94.40969909429387
91.24796388999805,5,1.6653339752730902,93.5639974241722
75.53411743729178,7,0.08148207528928901,93.07892738151745
60.73983629722158,0,4.785300776149602,92.29463088348156
72.92848459448365,4,3.264358841486466,91.52919361994043
96.76824907001469,2,0.15869299986037366,98.04798085366829
82.3626489837487,3,6.472114192423774,88.95159541827891
90.67923473248946,2,0.9359236382348913,96.8108533707426
62.35405140006947,2,4.417824429089212,91.21631325509642
77.08747986907548,6,0.2813617573381616,93.71673988464798
77.19341717774839,3,4.623986624867921,90.91088690904591
99.3099872953708,3,6.332571875249553,89.96641311446908
61.62627474742844,2,0.32433695715573996,96.09210938878454
95.38582913589754,5,4.055945406483602,90.90215696901456
91.07466627607245,2,1.6138106207695606,96.01716056888014
65.01058674809157,6,2.9052811898836644,89.96419190954418
87.68872903029039,3,1.1828738200935685,95.56498786740224
98.2089680119322,0,0.018179295974599455,99.88863324542709
95.71282080554715,0,0.6064220693237299,99.05793455708888
96.96101927171672,4,1.4912692141804662,94.85852790656928
72.22861302766451,2,0.33744513526148895,96.60649648906944
76.33641673646258,2,0.3280864334214575,96.82311711671738
81.7786994525017,1,1.8819966058537068,96.03053904560063
91.37389581181978,5,0.7702390401243122,94.64440794244182
62.115158369405286,1,4.864235638055589,91.46867515280356
93.76803963203068,2,0.8463297154724192,97.07280632303463
84.01411524230329,1,0.8115922778798961,97.42679502865928
99.07429782534055,1,0.48248990321181107,98.57472700741286
65.36157421625238,5,0.2382004496541037,93.98223817122769
96.26200032374152,6,0.6825533730832651,94.19403596848716
60.673640607837385,1,0.2185042440621105,96.97147693751734
61.28559972720617,1,0.0692864133002662,97.18113629039999
65.49289036393574,2,0.5835002931398916,95.97444416642892
65.65037661915377,5,1.3825735651874305,92.62343055273277
74.07164096333152,3,0.64464270478755,95.53001080242151
64.67262413866435,2,4.097491585988699,91.71664130374678
86.11211689349997,1,0.1640824967165605,98.30870684861513
91.53911386857129,1,2.6192538616036365,95.6338510595042
72.10584052789532,2,1.9165603095996615,94.70541965487517
97.95536705247164,2,3.1555585137088267,94.51109813617299
72.33098371561691,5,0.4576090096835427,94.0674183741606
73.22415003306709,5,1.7521136677549873,92.55867110034737
64.2322088290598,2,0.25271880376777756,96.30834787693166
84.97476228641449,5,1.494940453620021,93.4548095699767
60.519981027949626,1,0.37302331963963853,96.77837106782991
82.52484008746218,4,0.02667748667345588,95.89422902036496
77.88271995020116,0,0.576601960153096,98.20221364532634
80.79394485252897,1,3.8769029371298,93.58741371807069
87.41369350816306,4,1.3633517818296186,94.53466253721261
94.93901366305228,1,5.49857143813864,92.34866495738625
61.03909216531459,2,2.6978676150381924,93.2145134702199
77.91271799662655,3,0.1559293956161204,96.30852062509199
97.85851565394574,3,0.40597721205025916,97.00575312823698
77.06827060569645,6,0.2909387446862915,93.70428703666127
66.7747362767533,1,2.463144665628313,94.5829632150837
81.88184073701416,3,0.4993951917728465,96.0948178067233
79.50469831333902,4,1.2316913462023489,94.29720530022414
73.9569141813625,6,0.9813076825545157,92.7202764900027
69.42859866773354,1,1.2359431029355024,96.18829820986407
80.37798616889697,2,0.8056703950821589,96.45209483434625
67.46093222313247,3,1.1904049669991092,94.54456065075769
80.9576186717261,5,0.8571030982050283,94.01935721574027
90.7713992416409,5,0.2771839070778503,95.20594927358863
84.85674868887983,3,1.8490022671593078,94.62403471385282
98.50489456148877,3,2.9615645176914986,93.97136730684464
79.04603293738907,1,3.0438161591655675,94.49972225587078
83.79918489523499,2,0.8285284608387631,96.59572509175523
73.20024125122093,4,0.7554454829785232,94.55347748298682
65.7421710460419,3,2.077096271086526,93.39459302699827
98.94327247739841,2,0.05456457669149284,98.28168613184013
98.40051643037566,2,1.0631621909126867,97.04423119242355
88.10550942274978,2,0.9714332650954774,96.63955555302292
83.90489101772111,2,0.958943093077584,96.44451283919295
67.58620552167078,0,0.7021868719192262,97.53668602978047
60.99822954998017,1,0.8631892702748507,96.21408435316918
99.20571349500909,0,0.6855826984331227,99.13758643663071
86.93051423843602,2,0.3780259180317431,97.29289461028371
95.79934202983807,2,0.5008775043869798,97.58891409622753
71.72426720489506,4,2.5171272681915373,92.36566063841491
99.98242645361677,6,1.7851788214527202,93.05690673693758
78.65260876872752,4,0.22797158047796745,95.45906454186282
97.16600728982287,4,0.3854664846944885,96.19574058285775
83.60959000036421,1,0.5749410841189817,97.69055019907543
94.45364252573873,0,2.687035607905262,96.49823939680063
84.8389534491984,0,1.3821015875228126,97.58342576743254
77.04077619009546,5,0.3209753374807983,94.46686840452782
87.13956113129672,5,1.3260720963525907,93.76569154094173
96.5935937937079,0,2.3736593036457503,96.98128852531049
69.84948856748463,5,0.8184951624479473,93.51028023343669
77.58075714675697,3,0.46186117397637116,95.9248044485662
98.74515125798177,2,0.5012192639197162,97.73579444619543
61.58606794646063,4,0.6071416775575307,94.150733384254
82.7759350976263,2,5.050522346394285,91.47816993920817
64.6926403610284,1,0.3474483414309362,97.0176940083343
87.8636059517703,2,0.40751260234286046,97.30416517477708
80.36292255848849,6,0.018629632728236742,94.19579056865054
68.52121155011031,0,0.7500664841265797,97.52598079655363
74.31342501718673,2,0.3836971297241598,96.65523469519034
90.36504303462439,3,2.215643822456283,94.45947956478368
98.73145932440445,4,1.537319633274666,94.89178940629063
95.28551118766191,5,4.904564103162674,89.87879863558788
68.08590481822317,3,1.1288332901561549,94.64969529272378
62.27893707599309,0,0.007664720556889014,98.10474918913138
80.98035373675594,4,1.6339070826468596,93.88832918766157
96.53840096107646,3,0.7722965916384388,96.5001641380877
70.92466163453149,4,0.4595687926346942,94.79475053056494
98.08954114609799,4,1.8110017196621282,94.53127499371034
82.39929662054519,2,3.942401620814424,92.78908288604995
92.44993502293386,3,2.1482604708475552,94.64458418612962
81.72024803803441,1,1.2582789494528361,96.77607766255832
87.71278239716798,5,3.782759020971521,90.84632829469257
69.90639179189431,4,1.6852911328039062,93.27297023023003
92.1627428805124,5,0.6360228549689605,94.84490971806287
90.82360573704352,0,1.2172897180724376,98.08043262516524
61.28556252813739,1,3.6386727378710413,92.89787084096162
85.13041466155417,4,5.736755350801969,89.17241431211535
68.56463563706856,4,0.14754498429097598,95.05117780070425
98.50171935176522,4,1.1555532430127,95.33842207597301
68.59820284825959,9,2.4777092522605564,88.25665903970031
90.38500555452309,4,0.037288231397081276,96.27450440004965
93.0500978266301,4,4.874734573080752,90.6028234036346
72.93899919687532,4,2.216829030300728,92.78675512348289
79.84678797908317,6,0.09145973519346015,94.082587716722
75.46802047379842,3,2.346047852683519,93.55814360046969
88.72344078795989,3,2.521128264407575,94.0108181221089
72.8897137956725,2,0.9743698163262848,95.87524191019209
86.5818818189041,3,3.6661902947263076,92.52966573727363
76.17478720437828,4,1.091284159182792,94.29919836919956
83.16718989521569,5,0.25863094718934415,94.84800235813357
84.27742743409706,0,0.10114518838463077,99.09249714564329
69.89263984751865,2,0.18639959250277785,96.6709524813726
69.86012038039226,0,0.6484002022487207,97.71492577632115
91.85740710252742,2,0.018541128096302567,97.9706210014108
79.93586088185519,2,0.04672742885774394,97.34072012946346
91.91199506379071,3,0.5022146448097883,96.59294217941779
70.51009847755633,1,4.0924953642772355,92.81451048674514
94.5658079602977,3,2.2652965480043754,94.60993454040964
79.53679714679097,1,3.7565275277548977,93.66900682403367
61.935306367558624,3,0.5576441740948594,95.0275923094641
81.19494795005767,6,1.2031738676575974,92.81593875631377
63.160812703421755,1,1.9799372064976812,94.98211598737387
79.89376139256414,2,3.8619172054668343,92.76038742306801
73.23589561490041,0,2.7066155585727127,95.41385611045777
97.36616103828739,6,1.4083515689371155,93.37828616918983
89.38431065348063,6,0.01376636753848311,94.65269589162786
71.83700646672489,5,2.3017325571741822,91.82977125472722
72.1236125747933,1,0.004116382196826784,97.80124097010348
93.29401120978092,6,2.4506685047870143,91.92389835474462
91.46534738728974,4,0.3785691574898739,95.91898438037664
76.95497586616486,0,0.4529243013256198,98.3042396317175
70.33199355527029,3,1.3086523393448857,94.54621687054966
82.30312241131853,5,0.1468151766805936,94.93897790854922
60.64471316852937,1,0.21970337103176696,96.96859161318835
70.48725485206813,3,5.665384403885213,89.32590145794114
90.08557016681137,1,0.13742786557335965,98.53936506965253
89.2715466663577,1,0.821824801790978,97.67738757116871
88.34793725601628,2,0.8409393146465418,96.80826968522496
74.35768925700523,2,0.14702854940084237,96.94145020356925
70.42442335419645,1,0.03727531227204176,97.67649079298337
74.02957643009087,3,0.9679222068299762,95.13997217330856
98.23168421646807,5,0.16464484634511695,95.71401039520926
82.85190075647773,2,1.853615439426948,95.31825651051155
73.62011488010373,3,2.9575515301076543,92.731943907876
63.74123796995192,6,1.2307076030293658,91.91021277486236
60.071793418402216,4,1.0172781596776987,93.58285587930688
91.65641889388948,5,0.0036251239927398023,95.57847079590319
89.27768030800274,6,1.354650044708162,93.03830396175034
92.91673379485201,4,0.10343216915600958,96.32171808675538
84.39923057788774,3,5.2853646532594905,90.477523944983
82.25164818860097,5,0.7525360704166759,94.20953912493003
92.42200415302892,3,0.8320162278150354,96.22268073427341
87.47848345079859,1,5.626726927187112,91.8218518599154
95.95028395583402,4,2.6267702928710666,93.44538984634642
96.47976605380197,4,3.391040962257202,92.55473914798145
95.81744037127925,3,0.9397959041642252,96.26311693356689
65.97541780572557,4,2.141142112796096,92.52940035493097
87.83118611488266,2,3.8101977940796514,93.21932195284855
80.87293860475938,5,0.5101120955976631,94.43151241552077
63.91227350190156,3,0.896392845239016,94.71994226080825
81.67115774331654,3,0.5211531640020283,96.0581740903634
73.81708946587237,3,1.143598525000212,94.91853624329336
70.81694693153233,3,1.393891324117776,94.46817775763529
85.33742047097147,3,0.7374471216152181,95.98193447761031
91.28357792560692,3,2.854650244331285,93.7385986030828
89.21720596204153,3,3.354109364518668,93.03592906067968
65.91357190779335,3,1.409241580530882,94.20458869875262
60.26238975579409,4,0.3035966417704697,94.44880351766514
70.70962783550875,3,0.009878266002978999,96.12362747257187
97.929864828213,5,0.3134421093498291,95.52036271019085
92.73670635142135,4,0.8850030887722934,95.37483161104431
62.70000206429153,2,2.5161880688465272,93.51557442059874
98.77531377611439,7,2.202858503611325,91.69533548447212
89.36614416328017,2,3.667488377034806,93.46732115572225
95.17342899197087,4,0.9320400614201743,95.44022337589433
94.42204708505427,2,0.506789730141464,97.51295467808296
86.95448822384728,0,0.602812784716627,98.62434906953241
74.15778254239477,3,0.20604725324987444,96.06063242321989
67.21901658695988,4,0.4113538279604513,94.66732623579546
80.62094170266138,2,0.25523675177301464,97.12476298300545
75.35772078530518,2,7.412106423484534,88.27335833108381
98.26092236906007,4,0.17635998970465855,96.50141413080742
82.55384469300218,4,1.7764340727031684,93.79597134740631
85.90368312214522,3,5.657438493941462,90.1062579633775
77.65925611994234,2,1.0762444502311572,95.99146946571973
85.40468091321068,2,2.0716676656374715,95.18423284689557
86.0146899661384,1,4.017492808301899,93.67974312834464
94.48050623533766,1,1.4011291512908377,97.24267033021788
60.48752527358473,3,1.6476639874017387,93.64717947879716
92.78960342155642,2,1.8845940614772578,95.77796729730511
84.56771848166461,4,0.5269378835588776,95.39606046381257
99.65531087062939,1,3.4390310187577535,95.05592832102217
66.91728349699868,3,1.8501897778511909,93.7256364414285
83.9353188772828,0,0.7275289315394281,98.32373122601683
75.60087850425452,5,1.495499468830063,92.98544456261665
89.13173952460133,2,2.385158115885051,94.994397237168
84.43347959172135,4,0.8611198553627787,94.98833015315073
96.97838134236846,3,0.6428020071426613,96.67755665854723
78.75669455903218,1,2.2308916485588837,95.46076474968095
93.85543976673786,2,0.20258605294510512,97.84966872480277
66.78025017332214,2,0.44104378324629623,96.20975996877056
97.98005664920385,3,5.275602339777161,91.1682800247276
63.37942989392858,1,0.8793795424163104,96.31371604379686
95.9871309202471,3,4.68945314990999,91.77201276612037
88.34709374994655,2,2.3163150241447426,95.03777665852364
77.38457001645645,2,0.45945250759291567,96.71788549171133
73.790628499194,3,0.23415473912685253,96.00854573800747
67.9411502551738,1,0.41096737825308377,97.10389665885499
73.82482429551077,3,1.6104738795698021,94.35867255929178
91.7887682262083,2,2.4535292209373676,95.04520334618557
77.27887569965024,4,0.6217661576823055,94.91782439576374
78.35587609531987,3,0.636687644579026,95.75376863127116
87.65768812152237,2,1.5802055829722752,95.88663770650939
68.97102752093488,4,1.1332830354156416,93.88861173354798
75.2882004178355,4,0.04442258405601477,95.51110292002456
85.54141447769823,4,3.763702879636114,91.56062726832158
61.37084916385244,2,4.2016021584713386,91.42661986802702
78.46611986364883,5,0.09929336872152222,94.80415395071661
94.36238414186846,6,1.6859937991797365,92.89492664807774
61.33447324246187,2,0.611374891053346,95.73307379285907
86.51964788555793,1,2.1771458104387333,95.91340742175142
84.68889718038874,4,0.060895877547550104,95.96136980596238
65.2484570112264,4,0.44383468290423583,94.52982123107624
96.34891315623565,5,0.8839066478794086,94.75675768035649
94.56196148114557,3,1.0866471054535716,96.02412154751299
65.41379264415859,1,0.990170557957369,96.28248496265908
68.39970129564934,1,6.317793862200702,90.03863243014163
89.98419816205066,2,1.1378739810028682,96.5337611308991
63.97852792617196,1,0.014107582653901756,97.38199729712392
94.46228154326053,2,2.030434563133827,95.68659260140244
81.58613861060442,2,0.029914784150272968,97.4434091895499
82.59417824163273,7,1.4751810691839327,91.75949162906092
82.06261213773413,4,0.8794891822341011,94.84774358820579
76.88422305125077,4,0.39662793051305945,95.16825763594687
69.59678611015818,0,1.761991249596822,96.36544980599172
99.43392348652372,3,0.01790337551857865,97.55021212370389
88.94925714083006,3,0.25659768311934983,96.73954563729828
93.41775472487645,2,0.9582431919112463,96.92099590595032
71.51718276271555,3,2.812447709774047,92.80092188640693
93.48137778935528,3,0.7450241136767569,96.38003995305566
71.40452098517073,7,2.9149932667018223,89.47223412921635
67.38493314950426,3,2.1664325667012467,93.36952757743371
76.97846881658148,4,3.3574283931307987,91.62000936907211
95.79702908549802,4,0.603292704512448,95.86590020885997
79.55341044369996,1,5.34729367397216,91.7609181134184
89.4920238530547,4,1.2033292003920033,94.83060615218233
68.3951391192076,1,1.3003102985131765,96.05938459774457
97.99404797334874,2,1.0273569082621523,97.06687410875286
96.4710369752108,1,0.7246165784194801,98.15401195465716
82.21955235207123,1,2.450886641193887,95.3699136481709
67.54300768334352,4,1.1021587872933654,93.85455983941513
89.37228242200447,3,0.02171814507243834,97.0425523470133
89.3764412363498,4,2.0269469341230777,93.83648574086979
88.1710612955991,7,1.2164751018358289,92.34878294257696
86.87546990378553,1,2.5734504565662197,95.45563294730981
82.93304908421715,2,3.124908756391074,93.79676194654157
80.2888072458401,5,2.703523396156123,91.77021228690465
67.51835484649638,1,0.30048598966631623,97.21533455472525
70.36642224457282,3,8.612553167976492,85.78325731065685
74.37573663705577,2,4.877288145635344,91.26604105709038
89.97591111508046,2,0.15462427990605138,97.71324641986676
95.43400722710663,3,3.4858758165511783,93.18864938149392
61.495899106404025,3,1.2468123714336468,94.17862010959982
99.8032644894323,4,2.5928753737439316,93.6787127759789
77.108539647867,2,1.1165561430194972,95.91555961076995
91.00306629151278,3,1.1480293929016598,95.77251804309364
83.61604905597687,5,0.6869569784984546,94.35645407860069
88.13044889735141,5,2.154690277503378,92.82089411186352
93.39774042967301,4,0.6300290542012514,95.71385215644214
72.0487553435281,3,1.7641411777728757,94.08546835384895
71.64274383764578,3,0.3349477708534867,95.78019986685811
84.5477534930368,1,0.73293238153881,97.54786881680526
91.60247357659662,1,0.048238955778606346,98.72223693189551
76.63863026121714,3,0.9199162562984986,95.32803200550266
99.45472684956022,0,1.7893388496485203,97.82552972289979
74.84331809013679,4,5.041794649503707,89.4920123251024
71.25594356481814,4,1.1913199838950006,93.9332131975669
74.29396556675148,4,5.576167587632871,88.82329717317813
90.51114674897924,2,0.09088097725987038,97.81650016473712
79.1073884130058,6,0.9743936516494174,92.98609703867099
96.91891583643525,4,2.586431242283372,93.54222830108172
92.71128661585215,2,2.8175742670037325,94.65447521038813
70.9851132983066,5,0.530405908518184,93.91276857469352
60.30139262846283,3,0.32715237047198986,95.22248678685675
66.93165393201785,3,2.4036759313109246,93.06217157902778
94.33447347263706,2,0.3875679895571136,97.65164208616332
90.68001512200738,5,0.3170578182378433,95.15353137421496
90.24560291922305,1,0.16611023211090853,98.51294786742807
69.71621547458916,5,0.21232243929590666,94.23102384657437
64.62207126055137,7,0.9224500765227,91.52416347120032
73.3032978604626,2,1.0854585394962344,95.76261464562765
85.49116957434859,2,1.8363066142373095,95.47099054163266
78.17565099039064,5,4.91416940212681,89.01177926696735
99.85468316189113,5,0.49844645831787193,95.39459840811311
77.87391665528456,3,1.203490065623093,95.04950775401652
66.24362092743822,5,0.6537686875944647,93.52765862125855
63.42967832285048,4,0.2606153832466919,94.65874545624649
61.879633239608516,2,4.894751432006819,90.62027994357224
62.939262223400824,7,0.1419676260235249,92.37660195994181
68.82924285236898,3,1.483667202559947,94.26106149954651
82.53203689077138,5,3.0350523228054396,91.48453905717204
81.9815432402214,1,1.642154857727525,96.32849133273804
75.98659623022968,2,1.0854710506719378,95.89676455070516
91.83024074494006,5,0.4433778338517047,95.05945863662495
63.36154984843271,3,0.25408058726792393,95.46318078770013
84.55726744171808,0,1.3533242741062557,97.6038742431584
90.98597488795227,3,1.9147647999416255,94.85158098446766
93.12521561565096,3,0.964805144775035,96.0984946070525
68.63802595806473,2,3.217254041684045,92.97119644788238
64.63432722422245,5,0.37612279293800677,93.78036900968551
76.89866225203137,3,0.5953711228145957,95.73048776522405
83.8484279942471,5,2.5324810592345237,92.15344412863092
87.13778559379031,2,2.3527559093239923,94.93358218850072
94.88889076821192,5,4.499218072135452,90.34538285184806
80.5143843765943,4,0.03821519564104717,95.77986098406046
67.89574370152457,4,3.8666062001211943,90.5548597449308
90.26129858008244,1,0.05845043695255442,98.64292440466106
62.76225043113939,3,0.7510027274971434,94.8369092485604
83.61226201369176,7,1.0137609192892367,92.36409999753751
99.85833705008184,0,0.8783658400360146,98.93887784446088
75.88097375622328,3,1.3864536083819763,94.73030435775279
81.80487325906473,5,1.4495536275524905,93.35077930989024
61.78153732908681,3,1.547306203879102,93.83230942179942
67.69548090342553,6,1.0709986766403607,92.29957563320285
81.13442773798275,2,2.7642084021610036,94.13967130430593
61.500609877027834,3,2.6673263905389826,92.47423882520461
78.6935821738505,1,5.973125120161697,90.96692896449849
64.4436754689543,4,0.41273950870849013,94.52689636299753
67.20728816261212,2,0.5164681681621206,96.14060260633606
94.42612904258604,2,3.215692604880696,94.26247532627247
81.38071234993019,2,1.217548840811609,96.00797700852257
91.64977564754824,1,5.690372581011657,91.95404168516342
68.47144206626591,4,0.31625442438094464,94.84406679405616
95.22436902062353,3,0.6368426039103864,96.59700732633871
86.15646816721704,0,3.1824974756724815,95.48882643755387
72.02596374210478,5,1.4024993944341668,92.91829891378424
79.04056407667458,2,1.1916128579184944,95.92209277433153
61.29082471957391,3,1.491429127588363,93.87482628287266
60.709706509766605,1,1.6011160934940583,95.31414601329546
76.23551065401794,2,0.4263800179107884,96.70011951120794
76.46045272893005,1,0.5896263241455282,97.31547104747187
88.23043600519071,5,1.4447169034433511,93.6778615161275
97.85149122265454,5,5.928251738816876,88.77867247455248
75.09281684117094,4,1.9145687210225062,93.25715837683154
73.37263609980315,7,2.0998488086971627,90.54881323455356
91.87255337292285,4,0.25857975108479836,96.08333196734438
65.79252288173754,1,8.248919941599393,87.5909222141676
70.88740118201824,2,0.572692467790938,96.25713909775179
66.37144080870384,3,3.04517880022573,92.26435748016432
66.18267336901847,4,0.5241841213570487,94.48011272282247
70.31671273267202,2,1.5604037668520419,95.04335111641115
65.2121226828017,5,0.009139438247722956,94.24963880824282
66.15866543902682,2,0.11254706037215048,96.57287679950475
93.13336524387525,5,0.5486146509486416,94.99833068105539
67.73121531628864,3,0.0311133884297883,95.94922469969869
75.63892836281609,5,1.5210680799771448,92.95666472216823
63.888199814177774,3,0.14161698685833726,95.62446960647888
72.91153881658639,5,0.22540010279217385,94.3750968174787
85.21260952667183,2,0.10347925385802846,97.53645537170395
95.9762264790534,4,0.23115913800396848,96.32142035834791
75.14531635791076,0,1.0679241143454905,97.47575688068095
93.88840828472982,1,5.4607811233118175,92.34148306626231
65.15910435524103,5,3.011398322712571,90.64427723050696
84.88000613251803,3,0.13830299304516877,96.6780367149717
69.74894824730981,1,0.17533127327741588,97.47704988443259
70.81011954150816,3,2.6939953683959352,92.90771153500029
84.36655221566359,2,0.7206679034304992,96.75352612666659
87.9619190422445,3,3.5949815874302598,92.68411804719591
76.52574403962336,7,0.0412963162039917,93.17673162253638
76.29864547052836,2,1.6219801507355045,95.26855609264382
73.85444943698313,2,0.6441678604949255,96.31972103925524
68.28186357117518,5,1.4894376732886117,92.62676797061242
88.64108774463222,2,1.9881999783230546,95.44621441324395
79.06702135639478,3,0.5858474735452696,95.85033409956542
85.47261602363595,4,0.021751814069164398,96.0475286242988
64.86129889805254,1,1.921387536516332,95.13739990108303
98.24267039745575,0,0.17934231492568664,99.69692274196197
94.42703437399484,6,1.0045105069734355,93.71593911033162
68.65645194201302,1,0.7218011502477322,96.76666121680337
74.88840291553873,1,2.2108341661850464,95.29141914635488
76.81819457152127,4,1.038209992936724,94.395057737052
94.20272921611884,3,1.3165003838956602,95.73033600013115
63.417194750565905,2,2.785910531853893,93.22776709930362
65.31238438202064,2,3.7322916234489725,92.18686927096226
60.38916622026618,1,0.4966790662528042,96.62344343150994
74.53646828377745,1,0.7646152326382655,97.00928513502295
84.99735243660999,4,2.5811858856627063,92.95244455903526
85.36865759967753,0,0.43066723330357054,98.75163220001959
72.35957619955907,3,0.73171907696076,95.33991591762504
92.405852895958,2,0.6082020248213085,97.29045021501233
65.93451244083384,4,1.412634188910117,93.40156459534956
71.80695892129731,3,0.5572787348201362,95.5216134642807
66.38137976502645,1,0.4217264260512794,97.0129972769898
87.32064402131132,3,0.142786601048169,96.79468827980776
82.07696567573572,2,5.281221957624743,91.16638193463709
89.5517018150051,3,0.8721602015740209,96.03099284886143
74.22440214348202,3,1.3823369479489538,94.65241576963535
74.31077245985863,4,0.9088416665658641,94.4249286231139
87.79119784613755,5,3.057429050856558,91.720645031279
91.13728969444715,5,7.4358561884164125,86.63383705862266
66.17731508250905,2,1.4988237669131554,94.91027723382966
61.38840571146845,4,1.6708413875606585,92.86441062050064
65.85433802410786,7,1.3650300099387866,91.05468088927884
62.04794362591843,3,1.4142939993039945,94.00524438213112
93.8792632486842,2,0.26063308734671115,97.78120345761816
61.2231636532908,2,0.12821139623082928,96.30730450718754
98.83418346703276,4,0.3014743893828835,96.37993990609218
83.02768782864268,0,5.388778928034782,92.6848496777904
93.03861996573683,2,2.965264312697892,94.49361382304937
74.18537457973478,0,0.3625129050849405,98.27425324288481
68.62278629860623,3,1.091600580598096,94.72121861821259
91.889596874912,2,0.5948961698549204,97.2806044399197
90.35412011467562,4,0.8049132059664297,95.35181015857407
93.95431344850579,3,0.2703039617062718,96.97335091837776
76.0688356858436,5,2.2022048813504562,92.16079592667163
91.32401937330224,1,6.441488361126323,91.03641493531353
85.7048280208956,7,3.527308516534872,89.45247118120294
89.28604209126232,2,0.612441312825899,97.12937252917203
86.76006663384953,2,0.9001915424223749,96.65777348078562
91.05773967934408,5,1.748843389992271,93.45427491597648
66.69034223398782,6,1.2916952259430796,91.9844828405677
95.55547880567732,5,1.1630964208990364,94.38205823520502
94.85770727186681,6,0.5350652746033644,94.30080703406931
78.11513113824975,4,1.0071234375822669,94.49720843181376
99.0650267015022,3,1.7843989058748866,95.41197264802524
85.88236658793645,2,2.19988213384146,95.05425976878708
74.82463891641545,2,1.8001502835074494,94.98105160561184
80.53855885052089,1,0.3323663529554995,97.82808831897944
66.46375673309609,5,2.241806047223568,91.63302057998652
68.16926022080919,1,1.8516837133590616,95.38644255500958
87.4439435726035,4,2.5151491885072046,93.15401815242153
74.63721863060145,1,6.165481844947095,90.53328271759356
84.92891050162442,1,0.6980132121424261,97.6088296705103
62.23597881011504,4,3.299831737837029,90.95200085510132
72.6886418257634,1,6.435558542858784,90.11176183985762
99.23956947634693,3,0.20678328539131566,97.31383853134777
70.47031028985847,7,2.0196741847102144,90.49990649284067
73.66746356622853,1,1.3316305786847487,96.28541648388973
63.7368039013858,6,0.15192434151718195,93.20453098524867
85.35906306886392,4,0.07694530587981153,95.97561878638743
67.66462710055502,3,4.3064609663173234,90.81547819544696
81.71228717754025,0,1.8126500777898045,96.91043426552925
62.85406047669941,4,0.14455040682948578,94.76924253563959
62.869042806927794,5,3.51323512330707,89.9275699923779
62.07321235238278,2,1.8287034097708201,94.30921652589416
95.83512127090087,3,2.606431957118213,94.26403771500318
64.28374537316441,6,0.2850241701944052,93.07215826442493
78.56252967595267,2,2.99189827577184,93.73784855287143
88.0185034771313,4,10.480125005884053,83.6247751667957
72.0257726463293,2,3.256103199286839,93.09396479317226
70.73963530250423,4,0.18776821238669514,95.11165991026118
88.16940671555531,2,1.2220487770611448,96.34201180330439
61.85601689371943,1,0.9844924744932149,96.11140987529411
69.93948117241868,5,0.4490317222089607,93.95813599197018
85.38628846016515,5,1.871377278950546,93.0236616882676
71.57421829624906,2,2.195304791400237,94.34434516513217
93.14735034832496,2,2.5027417829419543,95.0540773778859
63.090722881870185,3,0.4711474120600479,95.18915924962145
64.45545896421487,2,0.5007432334712599,96.02188106804523
80.67803050501965,6,1.131683520487531,92.87588130066594
89.88856828122229,2,0.12271957220746608,97.74716492741216
93.39736335235531,2,0.16170883682509302,97.87581756342766
84.9743247790576,8,1.6202261499768698,90.90444485898064
98.80215427080833,4,1.9078930642860334,94.45063603639717
61.48612604138345,2,5.041522399202634,90.42447942302601
62.70405606917972,1,0.8274628397340913,96.34224739577807
62.42799476576455,7,3.483084639362011,88.34169817105382
80.95564141531634,2,0.9780304932090662,96.27414547891493
92.65751394621026,0,0.3033376722902973,99.26887049056215
98.26330700491445,4,0.6752497777123889,95.90286561699085
96.51286599086498,2,2.000925403002374,95.8245328159404
66.33049898457568,1,0.4366594035103082,96.99253366501641
66.48660846042817,5,0.4817990885005131,93.7461715168208
72.39559092420649,6,0.4935928860910863,93.22746808290103
84.14978348140963,1,0.5122336642223712,97.79280877700364
71.25176679161173,3,2.9556437360119756,92.61581585636621
79.51003605361242,4,0.3005740659308692,95.41481292356357
97.5044872311264,1,0.5102741770586217,98.46289534908597
66.11012001084607,3,0.37097392709563703,95.46033728802755
92.31053004848083,3,2.5901369083781685,94.10736221237023
98.26734886581758,3,1.3734154198675146,95.86526893944986
76.41594613637028,5,0.5284671675561322,94.18663670575116
85.51368859639888,6,0.11094015830508637,94.34255623985383
91.61166907755694,2,0.21896768005190104,97.71782223781557
72.95865656400623,1,2.4429150101475554,94.91643481602324
94.19418944845802,2,4.615531399379101,92.57107179316797
64.8145107408884,0,3.1031563938565796,94.51693786441652
85.79718673612831,5,0.5437159035862491,94.63740025250291
77.8161486192663,2,1.3265417600406113,95.69895731891458
90.86432516145011,5,3.9187890348998695,90.84066941619267
65.13534491678128,5,0.8479994202259108,93.23916794156797
90.26535590336371,2,2.4356944176680915,94.99043449396648
76.87569070884727,1,1.5351441184347592,96.20161159332065
83.3127146240922,1,3.0422928307031407,94.71488433436085
95.4897243762262,1,4.398944804148591,93.695752453833
62.881196213126834,6,1.1953305433092902,91.90966315868519
78.18895723366879,4,1.5140158970533775,93.89262878521939
93.359560541714,2,2.7972702573963626,94.71125371821006
89.25480044962706,3,1.3504571289262106,95.4421914677699
85.94789837104221,4,1.32463472875658,94.5078332440442
77.57207986676974,4,0.5407679066304523,95.02968250538194
61.03129035311052,4,1.051107777694988,93.59023518442154
81.07488930472812,0,2.2875564979967833,96.30867666764027
71.13280549713227,4,5.860963192237864,88.32348444417117
69.7536807230226,5,2.7136107058143333,91.23135118917394
79.14663456880956,5,0.8616962310393508,93.92329625119325
94.8005337078259,0,0.6587030870010366,98.94958298099004
77.19276623846886,2,1.9303811760863239,94.94318090061985
63.07374636839283,5,2.6336541139358403,90.99330238169664
64.96155988684461,1,1.8551319309817842,95.2219196771641
80.1397985757285,4,1.5474130123858747,93.95009431392337
91.6166947997908,3,9.510634493464789,85.7680733478318
90.69299715826104,1,0.892755364833963,97.6633434201123
80.09844302749511,2,0.11689908232644783,97.26464325258301
71.63675678800168,2,4.218445426567867,91.91970332751865
75.19715287901687,5,0.12586854407170509,94.6088153910648
63.83695079904761,4,1.575645223526975,93.10107327172001
64.7075997103227,0,1.7795961772225453,96.09986457284909
88.62448833922335,6,1.0133566767132651,93.41519640490525
97.11687087412464,2,0.3561421359745317,97.82847298053679
66.3146090405479,2,1.0699403209366334,95.43180206690343
86.76868646516562,5,1.505743952408018,93.53154158036865
76.22727696462337,2,0.7698043312649767,96.28759865071319
72.32809320635994,7,1.7433264725347495,90.9244128932763
61.792302876032906,2,3.0807912867070506,92.79266559975318
95.10805643620265,4,0.5111502453717697,95.942022527364
73.88308553405737,2,0.31545413944360406,96.71560930937055
88.67850807738964,0,0.2429305787353756,99.14240870938703
77.39832329031886,3,0.17860669686835173,96.25558812827393
75.40745160618512,4,1.4657872992617196,93.8114278211952
69.56219599628068,2,1.9165771791942618,94.57821718478093
97.49346363865351,2,0.7424196215552077,97.38376963606643
82.38536362128228,3,1.7949135057160803,94.56537197420482
96.01270123646687,0,1.2022756987106844,98.35790422337053
84.15497495014398,4,1.9054718026655746,93.72118258430851
97.09502126421148,3,1.1464800509475181,96.07897500207355
61.77721699368036,3,0.9898451410141014,94.5010466804671
69.44248242266185,5,0.26172933632316375,94.1580489175453
92.14365949798952,4,1.471300677933292,94.64162216137953
92.3037884576588,4,0.43313026336347693,95.89543310684677
88.87714986814736,7,0.675682741948229,93.0330382030695
70.02795822163557,6,0.03454743853247062,93.65994098484282
65.02193423435052,2,2.0149644010668366,94.23313943043732
67.7833613133524,5,0.3369607820097714,93.9848151272559
80.1511852470247,7,0.10154916621767691,93.28570026289002
77.46551582790494,4,1.4602658070861962,93.92095682289181
84.84276794884218,5,0.9746640706023825,94.07254151271925
97.83883344049303,1,2.2915328843985634,96.34210221074638
66.82230551647103,4,0.5459815123247236,94.48593746103388
93.49710017772104,4,0.34686993030057867,96.05861109252535
80.5801195708663,1,0.06392362203060806,98.15229763210658
84.44684544735638,1,0.8455345168774944,97.40770085211483
72.27068464560323,4,0.13863050873916385,95.24717762179317
88.51839744018028,6,2.0212725331354835,92.20039283224644
92.88986380197031,7,0.04669825643862047,93.98845528237217
73.08728831258055,3,1.6589966081206282,94.26356848588428
83.16034895359424,2,1.5812658812289557,95.66049839020496
94.1439117955799,4,2.13389657036982,93.9465197053352
83.00604834154998,2,0.4444883273987403,97.01691642419901
67.23269371607086,2,1.0047085153579802,95.55598446737396
95.39173740857441,4,0.07555055437644352,96.47892620517699
80.12810492267147,2,0.39353455645524715,96.93416377838727
68.14702463295485,2,0.28048487661625293,96.47076937970824
95.5512320094981,0,4.308985236924315,94.60677931616573
75.20258617524814,3,2.4906879168014977,93.37130380860062
99.38505651342747,4,0.3708202718059201,96.32426849950427
62.4713508791742,2,0.6638975994247998,95.72689042464896
62.42224456830025,1,3.1467481050152544,93.54501450239671
91.18937559807175,6,1.5996825751131802,92.83984968976777
73.08002088816751,0,0.12286966003029431,98.50655745237202
76.94863935791048,3,0.7506509599302245,95.54665081597925
65.09761014032448,5,0.996174356372518,93.0594712793692
93.36402548229694,4,1.4582327178323693,94.718322012716
90.66905345810102,3,3.3918703281046874,93.06320827917942
77.16184873509621,2,0.13622964139727245,97.09461686707809
91.95060820873553,4,0.315098812548222,96.0194118353789
76.93477721061159,6,1.8307330069030878,91.84985925224687
90.79563096455594,3,0.23550434707597678,96.85717633173662
78.08893017839941,2,4.450177729115524,91.96423323398135
69.85379457079428,1,0.32112988862758257,97.30733386218661
87.7297996733431,2,0.9382589454477337,96.66057924912988
88.8537456289315,7,4.198098376609019,88.80496922951575
67.0670696613543,4,0.6518215027958911,94.37116767971264
65.7836081852301,3,0.15123836084007436,95.70769437625341
77.99686973479812,2,0.9004925718069599,96.21925240057155
83.65548174519628,2,6.640430592455962,89.61425737631266
76.22500617851611,3,0.4846347921818558,95.82968855830758
90.57573700152592,4,3.6893254383133964,91.90159632410023
94.52782167027975,3,1.2754834738994316,95.79581091483468
76.89270961454275,1,0.2254352209314907,97.77411321560935
60.45691121777645,1,0.4475088414945858,96.68583495109532
63.03216037999347,4,0.6749824388265264,94.14162909240784
92.688971498268,3,5.2729784414307606,90.9068744451965
93.30542961723329,4,0.9972541039640948,95.26856655610474
64.16275128231844,3,0.9577895150810962,94.6587901460186
89.79704536417212,6,0.43664179517817975,94.1658821139948
87.72359472754985,3,1.2665954368294514,95.46626521218215
62.1756343555644,6,0.3144946694898645,92.93138811439039
65.31641092343885,4,3.6685369750944745,90.66357617605857
78.5523000697245,2,2.0656306410114875,94.84885823427244
73.72179090655943,2,2.0067228331551052,94.67802214554185
90.42979415965468,2,0.5676997346358659,97.24025002641969
73.92078083067705,5,2.4150312202533435,91.79800157722984
86.87303376454534,7,0.37571342329562885,93.29279558027251
72.6830076398382,5,0.05693389320643574,94.56582971014419
65.5224567873344,2,0.720683550991734,95.81130257817664
91.81547296542058,1,1.164696110361619,97.39313831583709
87.92276077255386,4,2.74241435223718,92.90524081594307
92.44215281757134,2,0.4936812969868532,97.42969008449434
66.33350022158203,1,0.21115705476376365,97.26328654536259
74.29651571128792,3,2.4906366807262357,93.32606176869291
71.16602788288667,3,0.8374602080582021,95.15334914447449
80.81975780662225,4,0.20501897433107652,95.59496512113382
79.12319684631714,1,0.10943146575993068,98.02484208340394
93.57087243876626,3,0.3213920164720083,96.8928732021719
76.8616411788394,3,0.35214002165833036,96.02051403295198
78.82298378577609,1,0.11477989653088116,98.00341331345174
88.24662813920378,2,1.1155131380414889,96.4737156413104
60.13071751048309,2,0.6256723249045715,95.65572908563867
61.842685337238656,2,0.5468617028451117,95.8359002234478
90.46333609960536,6,0.8331413914074943,93.72339713529128
94.72921656970334,2,0.10261649758633644,98.01332103138157
94.5805701677915,5,1.0180816304899978,94.50733055180157
82.59328502740071,3,0.10501066149627719,96.6036514575745
78.77276831618852,5,1.4019617059768241,93.25628436863724
68.91796157418133,2,2.2247813285549443,94.17616048444313
93.24148319557781,4,0.3779930291440877,96.00848252480598
76.97754592143318,1,0.3745374886312395,97.59943230971417
72.12938523551247,5,0.4180997454595323,94.10474956722419
95.29686748028195,4,1.2562889638037522,95.0572966174496
91.60251029009677,2,0.21616014143672949,97.72073334478077
89.91246990313763,4,0.8182079509285749,95.31377395404259
72.85082220022883,6,0.2168780692324254,93.58228742693252
90.2389763141304,3,2.5575372287313356,94.04290414122892
80.46468280485456,5,1.781339570434108,92.8856266557218
69.70463152659946,2,1.7384668999939188,94.79907129633727
76.98234903535442,3,0.041877597925220104,96.39886433425745
77.18094056256255,3,0.052766869410810956,96.39572678483515
61.09810192245441,2,8.590697128989504,86.14606854133531
99.98244326000554,4,2.358855778734445,93.96849522851895
69.23761332372237,3,0.11884057465002444,95.91927197660608
94.64493319442742,5,0.9849116475556388,94.5503526826546
98.03191963905094,5,0.1775969375103033,95.68847965694019
90.07054549417077,4,1.4930477979415997,94.51186991717861
63.26169674983409,3,1.7417396372559968,93.67299727278451
89.69709372238903,2,0.4941423079039984,97.29188391663466
75.93686097460991,4,1.9384691107682666,93.27068011580857
93.94865512367619,2,0.0871222618896328,97.99288604191625
73.27194627829847,2,5.568153110097237,90.38181358179824
94.04420524317283,5,1.5151031418461485,93.88408649194326
91.52921207295493,3,1.9154575973487173,94.87791148682929
78.06427885808087,7,5.279238769470289,86.9681274195397
78.25255705956204,4,4.399863225904127,90.43279198189315
87.96446135586807,4,2.1842434781237734,93.57713089404487
60.74841868656816,6,0.702540229995803,92.39437265833344
81.88580599276136,2,1.5059852978210033,95.68710794225287
72.9700556225516,3,0.2891556067652665,95.90151605300926
68.15224511640572,3,0.94238093308848,94.87675513611411
89.70520521613466,2,4.796021765040498,92.13003414275813
76.92648376072455,3,1.2250132240709877,94.97630831915104
93.45249644891793,5,2.021425113346777,93.24691468642976
92.74285162893065,1,1.1145669306382195,97.49966226468067
66.14047715309519,4,0.15312504849214026,94.9232737994642
94.03763028422387,0,0.5017412154719542,99.09979205564485
97.50786316164223,3,1.0669683992483976,96.19503107898403
85.52400193131368,3,0.41990340520697156,96.37231601031732
70.176048823014,2,5.163918122060799,90.71210069467774
83.35834504579634,4,0.8469906505384863,94.95152847164363
90.58296042754971,4,0.5175136882907171,95.70813159542863
82.6124058431395,1,4.58893189546757,92.82390201759588
79.65463160373704,2,2.037044489300605,94.93827819302612
69.9218521401063,2,2.9629634094051482,93.34053651571914
69.48240283115605,0,1.152527780568476,97.09108680487563
83.17969018722575,2,0.6245777281311404,96.80949123560391
65.78287481656348,2,0.1467491714259454,96.51304473511703
64.0527672785276,2,0.4016565882180231,96.12065045806474
88.80224992332373,1,0.6701837504261602,97.83589199565479
92.44588580293401,5,3.180081349829396,91.80619667035143
99.39430125924571,4,0.5180204137551809,96.14809056645606
96.78031448773945,4,0.29061798198434674,96.29027414600576
93.45196765461694,2,1.166035068189951,96.67335630090291
88.05291003625102,3,0.14647225556295435,96.826878795137
75.20239252271125,2,0.8769939215189426,96.10772692031283
98.31289752828175,2,1.478426988043679,96.54153249076167
60.479579142509266,9,0.4996487401894031,90.22440046889818
69.85272529652647,0,3.1407069058811627,94.72378797776892
72.68560278870414,1,6.86652064567669,89.59445536462317
93.05004540004413,4,1.9111362040547952,94.15913882513645
82.78469667821166,6,0.5692436216506497,93.6561424879298
80.12675333779654,4,1.1102436018127853,94.47404534471448
71.78568916177524,5,0.3420977397882339,94.17876717034288
63.1795252020359,4,2.2042428244952053,92.31388487070755
61.31128189762515,3,2.2776707695418272,92.93235917143106
76.54089658682707,2,2.640510806758946,94.05843186123062
82.45366201119631,2,2.7307380203781246,94.24579747610606
96.85980734120503,2,0.3888255967154655,97.7763996510017
72.69042547965783,3,2.4961816901442258,93.23910324580982
60.8209368227548,2,0.2831883657612,96.1012208022243
79.75188224544377,4,0.1294448531952381,95.6322602884379
72.81418620018617,2,1.2182144124271623,95.57885201509671
89.93845218312396,3,0.7204856758643885,96.23233979811893
60.53972004774174,2,1.4270598707797826,94.71451415745135
93.81794131167743,3,0.35438779143230403,96.8656317158651
95.40978458422043,4,0.9481414440909885,95.43271949630184
80.91781308584137,1,1.8931593711684447,95.97409940888994
93.94292724865596,7,0.2508123461876447,93.79617154700762
96.3833308787123,0,0.8553460057145439,98.79275133707816
60.859161985583874,6,0.8104808468921352,92.27038108300863
92.63801992260909,3,4.678926242865749,91.61718950469155
93.87701029033255,2,0.8795631116581683,97.03837478052682
78.82454285495943,5,0.8709618207612504,93.89607295783448
80.44504940697857,4,1.2964807863519554,94.26647552672658
70.99887827318945,3,0.3121593354213835,95.77535271115381
80.46362742597944,5,0.9576809893487589,93.87396418408046
71.14925264137563,2,2.3207299308701197,94.17258671502464
89.90554227972427,6,0.022719293451252575,94.66801396184471
85.27226927303411,3,1.7830322678708428,94.72397474220669
74.4174309888122,2,3.1379250270274763,93.35536151700764
65.94933773177107,3,0.71157657268228,95.04357499936982
63.5688192171924,2,1.0045672043063492,95.372960315692
63.75320510167993,2,2.6320685621758546,93.42917798047297
74.46397797594861,2,0.12760651142576201,96.97007108508652
62.34980545031314,5,0.41272347737482384,93.62222209966586
96.20464452242662,1,1.6811828987386375,96.99281274763497
92.80126165026027,2,1.505006084836772,96.23405578070889
86.56779476776545,1,1.6114119292592974,96.59469542327712
61.405378336920776,4,0.10431191632550216,94.74509461725543
86.8741197988262,4,2.9654128532569937,92.58521056603291
76.58271966916406,2,0.2525879453964314,96.92603044898249
97.98715459764077,2,3.8147609365932853,93.7216446059701
84.95275069743204,1,0.2885187648513776,98.10141501704994
75.20195306585451,3,1.3768250939040505,94.70790754060786
75.9186471083176,2,3.8660118254802978,92.55671816483952
91.44367340605042,2,1.0335753771942262,96.73189321766945
77.05263765101638,3,1.1062061543247514,95.12518449736112
87.48575315399744,0,1.1839601993618367,97.95353541846566
71.94796514914916,7,0.9993618755281107,91.79816400682373
74.72365632475207,2,2.936841305535182,93.61197324959538
75.8879294744516,4,0.13828990670095725,95.42844858568142
87.86412327434836,3,0.700304637959369,96.15284059816618
63.78132212506627,1,0.8320742551984142,96.39057700001521
94.47114746694912,1,0.20373702731251297,98.67907294057244
76.19740376840598,5,1.5141490512992881,92.99289132686116
97.59650004212399,5,4.132116175509397,90.92128559149492
74.64879348820794,2,1.0885835961033727,95.82613935908635
83.1909488708605,3,4.40298513287802,91.4759652840894
88.57734624544786,3,0.1193465245959595,96.88565148275724
92.16257212567595,4,1.3578826648973306,94.778669408407
99.74941188050765,6,1.5026745470145912,93.38426113760787
84.87977094157459,4,0.5700966949136332,95.35987251318237
62.29108137788116,1,3.894328381038083,92.64136001164836
64.06983826718948,3,1.358715082664049,94.17303381416261
69.39073535025796,2,1.96610466054807,94.51021117485521
83.65004221315061,1,0.40166044029881803,97.90050958229895
82.67958736103232,5,1.3565179978492827,93.50615777063248
79.75046357114022,3,6.3743350733323165,88.93832109055823
69.19936811890386,4,3.097374707342184,91.54311875713458
93.29219061485806,6,4.87515213896396,89.01442696398615
61.61743079545651,3,0.8002566768170019,94.72056352759242
95.260671904188,4,0.7442929333019817,95.66988207524702
62.88801230484597,3,0.4303635578067384,95.22796434587421
91.49845220953942,2,0.3817877670191653,97.51677729005397
79.49767143150422,2,0.112978121749025,97.23930982547638
61.509035520902266,4,0.879917551836257,93.81955071384161
86.32137379094343,2,0.9659271221835994,96.55695614292685
92.95193152257664,2,2.108574437035743,95.51730725168593
65.39969678233875,3,1.5040152911843523,94.06516648969571
61.88414061356207,1,0.2806706346974063,96.95740226904121
94.19728869491361,5,1.968012945988794,93.34824889955912
75.02104502156956,2,2.0359494184534292,94.70791294893436
65.81241348069113,1,1.482821597669242,95.71123475683146
74.77969394979034,2,0.17531788033205337,96.92860324109105
85.84283111678602,2,4.3064168905856635,92.52444128713651
76.65522709619069,1,0.5994241167948617,97.3134524146557
95.65545697131597,2,2.4362780660830694,95.25923916926611
94.97165395395247,3,0.5670508139334528,96.66812172097748
85.84929018564712,5,0.07454663301701242,95.20300854966194
78.11592948564045,6,0.7178592820461398,93.24436533582666
79.06380474954003,1,1.2030527415784036,96.70952694758292
65.27013718364543,3,1.20513098319054,94.41734967935362
83.6894684383094,2,1.2410635664874838,96.09519714213049
66.99098134703215,2,14.574169319361078,79.26054588411832
95.76012638064073,4,1.1051909905213442,95.26177713040643
94.92516344490531,0,1.0228557389720707,98.51883128547878
85.07066611711798,1,1.1483643628848232,97.07549607039411
81.9011623011738,3,0.31001058794120306,96.32304540952924
60.44641221925375,4,1.3904083537129113,93.1538305865072
75.2470068460033,3,1.6671420957579757,94.36177982739059
92.12310455731567,6,0.277013007191209,94.47373961923633
60.79734152831846,4,0.6631908092399543,94.04403810532797
89.04933867027135,7,4.193459952054494,88.82031499104818
69.0848980626773,3,0.9182811626881364,94.9523075079081
84.96133235731632,3,5.1188880620256505,90.70540094343504
83.406897058627,2,0.3114996596572832,97.1965452613426
85.30521681569456,5,1.6132103385846794,93.32940843448311
87.8260886296562,2,1.7179901972542475,95.72971619477771
64.84339099996637,2,0.9540862085595414,95.49726609972687
95.84706530858111,4,1.1243800251982252,95.24309723519119
67.6370269183114,4,0.4972825306068353,94.58511230918737
99.12945637799181,3,4.341790042495554,92.34632476790493
63.51717047591143,8,0.9947313000884324,90.58218096368945
79.42585587804169,1,0.45567556204289217,97.62448211945062
93.76415233838671,4,1.2562879943372605,94.98066202371463
97.43426822510267,4,0.5043519742596642,96.06649104214354
83.1157135513267,3,2.2886405568605577,94.00941700933366
87.92520733091608,5,3.168217256685689,91.59439965852297
88.15651457795785,5,0.3172377526957591,95.02714042566298
81.90865819940083,4,0.08354016107647212,95.79518471667828
62.746142977233255,4,0.8365138158504558,93.93349056984111
83.83107980006943,5,1.990640397488032,92.80278551301784
99.31331451875866,2,2.8497975505415996,94.94590866528802
60.001874791664264,1,0.266777226771211,96.87996106745776
88.31745121314997,3,0.040727564955841344,96.96699948271049
99.59393097231239,2,6.300073032662864,90.81960890942018
69.08866296215746,4,0.5505970090751785,94.59371673721766
79.48770833602576,1,0.7931559307087122,97.22259829995083
73.77148727620236,0,0.6586128284472674,97.8982389696734
97.26753156466066,2,0.16919232436687273,98.06034578899279
71.58893920161117,4,1.8934856853012523,93.10726413771906
60.050256283772526,0,0.21393493506843758,97.7457908921065
79.197220167746,0,1.9210203623449487,96.65463657357336
61.171261804909584,3,0.45527296882936846,95.11223552765024
68.56389042743905,3,0.6597717498436257,95.23646842155961
64.10635254638872,2,0.9378266690811303,95.47992562442208
62.97658545791019,4,0.6169179000493179,94.20852779283632
61.00471307768492,0,0.05785001455277813,97.98081563642091
79.11626164807187,1,0.45646628394158134,97.6080535416737
69.77964782027088,3,2.3283862659378887,93.29491887188807
76.71440704027712,2,1.9504790763258977,94.89514546042278
99.08168946078723,1,0.23128588903634173,98.87654140619576
77.83114167737,4,1.2234387828718805,94.22343054442224
84.10092711699453,4,1.4696359455076329,94.24148322124057
99.58153336734327,3,0.06908704857314407,97.4961722100794
77.22071871297553,1,0.9334436685983722,96.94090353333073
84.50733648303643,5,1.7836241568463382,93.08501783593621
82.73001779405884,2,0.021379495795036913,97.51084549474889
95.19355141693124,3,3.9081965201397537,92.66984174667886
68.5710714225647,3,0.7507443505826107,95.1276603504291
86.96217985972261,3,1.2399147590602464,95.46021128211383
62.42776150507297,3,2.204410370070918,93.07609563116854
70.49010704896288,6,0.3838877795016318,93.26384001704619
95.19475532137011,4,1.7669412767390473,94.43940823398165
62.54538667056518,4,2.6033674348055778,91.80322841176157
98.6638916916331,2,0.7670477110301765,97.41273733134544
62.09293631097315,5,0.9526693971951208,92.96144353891451
97.19528625537708,1,1.8858455478791838,96.79674965531383
71.76402742185373,4,0.731973433172475,94.50983325128571
73.32993320243676,5,0.05612211126047087,94.59915012660927
71.49871505925717,5,6.384795618734712,86.9131810104812
80.89567882179347,2,2.6979230075672382,94.20727633200899
97.77618375826876,5,2.2645155923304072,93.17139047711694
84.03346978598015,0,0.8824033220901379,98.14278950279085
65.98846336293228,1,3.0966025059021067,93.78350016106408
97.6335659460083,2,4.627721571527275,92.72841241146769
91.9259872372374,3,2.7767088279591,93.86424876831094
64.06341828572184,4,0.147533535082167,94.82613067218749
76.94378315844293,4,6.9227239437921995,87.3399204253715
61.02930372075913,3,7.387919730385731,86.78596150957507
84.76678576046287,2,0.9342401954045183,96.51725105353772
93.58355184993653,3,4.323418915699993,92.09107489365684
86.62446944874046,4,0.41571401911916794,95.63236664949402
79.23830287947341,2,0.6146841655633538,96.62429414529764
93.06191227576798,4,1.7345273040606686,94.37166284891559
72.09785959913506,2,0.37466790790620813,96.5552914904693
84.26476533204848,3,1.2423464605785202,95.3224225139082
60.72729112449137,2,1.7539556281579007,94.33161780243509
82.89018206968211,9,7.6565154584824855,82.75669055330512
70.69747315618287,0,4.91416020191291,92.63788141551365
68.94872168560875,2,0.47065298925288584,96.28265249717697
84.35295890414585,4,1.8789792743484361,93.76287281598917
88.6124015205217,2,3.3395502360171068,93.82315979280555
96.38043050751992,0,0.5896003083592588,99.11150115534488
75.68142108720957,3,0.31833704687639924,96.0020665981088
77.368250403703,3,1.0634609720609118,95.19225935371206
90.67883266817879,4,2.537132984850349,93.28938205158852
61.54572447277918,4,3.279699538949557,90.94164677689949
96.46655866090941,5,0.5919371573035763,95.11300334428118
89.44724860277574,4,0.11806096026202506,96.13068927782436
82.9234701852602,5,0.4501185724705647,94.60603122229833
70.09197090417322,3,3.352618674887008,92.08145613534425
87.68516186884781,4,0.99852756583708,94.9860250144379
93.77145683452036,2,4.357593300365196,92.85946088128779
95.97059739691849,7,0.5586270558077541,93.52817740287662
76.14067950138883,3,4.662800621434288,90.8116732293483
77.48631386177485,1,0.4049845859630867,97.58833418993304
97.5524357468594,4,0.703343882294597,95.83360912858946
85.68989209990406,6,0.0032417616086962957,94.48060449106477
66.64674375974022,1,1.3596563757005704,95.90074953714632
76.365100270987,2,0.19572776331718428,96.98338169756873
62.5175739557261,1,1.7891398161524585,95.17891091840336
64.56820800892642,2,3.616195313679872,92.28897602403048
79.09936712005796,2,1.3384270740761453,95.74885586711153
73.14953549012135,4,1.0386259143313215,94.21112567730849
76.64017046379587,1,1.1306853625938658,96.67518608807715
79.14162626119352,4,1.1153014301183124,94.4187195969177
74.26803080630124,2,1.9673155647986138,94.75262286255672
84.43535036399666,3,2.0272765390764986,94.38903567130804
92.36438439288104,3,1.392869934879188,95.54677529778903
70.23904996358141,6,0.5245823147459391,93.08245372048394
94.83516550381836,2,1.2067426028425945,96.6936671517798
70.58459728167414,3,1.3300326648923935,94.53319066621283
97.67888257480777,1,0.8234745031095287,98.09577472500895
89.93660642975665,2,0.6898995370275945,97.06895087705472
66.14925989821302,3,4.224880269198777,90.83760667187212
64.21013223586287,6,0.51149923366799,92.79670753139156
64.01439012113823,2,0.8189653179113681,95.61796112456327
80.55877488783666,2,1.0031080463525046,96.22420908876883
66.44493743485258,3,1.071018874233681,94.6370242226622
93.62322614246831,3,0.8731577974145138,96.233371950226
80.93028563914532,3,0.17559827362800173,96.43579635360366
99.42810569835564,3,1.1768195917229685,96.15922177485022
92.20310327739915,4,0.6710382386743445,95.60490927746075
76.73766044707314,1,3.0980479324703567,94.31922550338923
82.66364323588141,5,1.7271576779946796,93.06059294820045
72.85797255125453,2,0.9552569415807323,95.89659029766585
76.2493312950788,0,2.9107372873722857,95.3195818199072
87.27476875628383,3,1.4323105025357432,95.2449658347713
92.68089932178056,1,0.4512072588739233,98.29259625544032
71.18684581473978,2,2.316047129698914,94.18008573509829
66.78558073386358,2,0.5538980200605238,96.07460141262055
90.16806114431603,2,1.356431751085869,96.28068495591276
94.52003491109265,2,0.6050684812738052,97.39991956802606
64.02698150883614,4,0.608882068369077,94.27069059339891
89.86932295355669,2,0.016840685989232954,97.87325732449075
93.00712123207327,4,1.6427675904911456,94.47903495301429
98.25417645595599,9,0.04607504760401816,92.65741876567297
89.84910379880316,4,1.4774946547929881,94.51946160418858
63.98935249522569,4,0.4041945684610027,94.51443414260808
87.3453739737722,5,1.9022423424841954,93.08457788770758
66.84400976815394,3,2.8623395013742208,92.50739308675863
66.93341231714642,2,1.2415460585582774,95.25681534558738
94.3387433477323,4,1.2377689018355753,95.03161448518392
87.01197046694062,5,2.0765784869851167,92.85870433896488
98.99837690596715,5,1.1384394532295021,94.58379150142295
61.52973561467623,3,0.43845043689194085,95.15034625646348
79.38502536346867,6,1.7098952390490127,92.11737698131462
88.87649187966085,2,2.161136005933468,95.25046138686288
68.03238225928946,4,2.1441174490647974,92.62867817408672
74.55904271410758,5,0.17608041225705104,94.51665564099692
97.3362737204549,3,2.2485605073581745,94.76854107719294
96.1793814461107,1,2.8441802404513634,95.59595278376389
80.03813755812389,3,1.2414865410746576,95.11212302861661
66.3923163082304,7,1.5856416021067787,90.81684589288338
88.4786840482492,2,1.4012705927922562,96.14240949106176
81.24094777187297,2,8.254481074448748,87.55667009925514
99.25108164594093,2,0.0881106951196567,98.25682124815346
84.47435820058776,4,1.178187376095253,94.60989305871509
88.04067579932716,6,1.2828920539976967,93.06256332516912
91.45896622843952,4,0.7463645068941887,95.47731090314895
93.4696730656218,5,1.7165409452321665,93.61363451900249
99.90104109131994,4,0.2927489933473073,96.44375326254922
95.48193802526498,2,0.9856926267116971,96.99126574920922
87.21817960609094,3,0.5627040546381814,96.28566411473872
94.45317411556627,0,1.8876736436338066,97.45745033341774
76.69015462543516,2,6.030444088675049,89.9979748248617
63.44182165680963,3,1.261295399136595,94.25853660387656
80.85745810834979,4,3.9167063799097934,91.14282524952574
64.42284203357127,3,0.6077936431818489,95.09178972986035
91.597917330694,6,0.369702273173384,94.33625313872663
73.46676292247076,1,0.6787499517830896,97.05883820398383
65.87176741934111,1,0.8466765535060986,96.47757650675973
98.32022085614632,1,0.5461898081397591,98.4605832730396
91.6511165333292,3,0.9759670578038152,96.01139535730188
62.52673545321845,1,0.9342612279137404,96.20522329916443
92.83921519666764,2,0.5795773214876752,97.34646797404817
76.14017601504,1,1.469586114758863,96.24350546304136
95.50731620093133,4,0.3719561069408466,96.12901848171755
62.297805363974156,5,0.1940255614966715,93.8820595944027
81.35242914423128,4,0.3618759332166171,95.43337033735162
76.89929483248966,3,1.627921377712129,94.49145908836992
75.31170625413574,5,0.3662358621963094,94.32610227807122
95.57578989494807,5,2.8650468832340845,92.3407332348665
79.63298120946722,3,0.8377052696285109,95.57640273691915
78.05206199406186,1,0.2740772203438143,97.77371043529051
89.98499479924916,4,0.31333740026124834,95.92324485964896
74.01798673981199,2,3.1381841435387727,93.33507836474408
73.28059800153797,4,2.0248681192735707,93.03418815694862
67.52807301799625,5,1.2153419602347055,92.91799329861817
73.46740103740639,1,1.3721969311565463,96.22673373448247
98.90022239165076,3,2.1014990363084727,95.02321227601237
94.19729457640959,1,0.545802858310713,98.25490129884763
68.23425513289546,2,1.1367992296801126,95.44755368102864
94.9874270003686,2,0.7350211883139987,97.26734592404163
73.23675862053432,1,0.4093840494818541,97.37057707164848
62.74515970650726,5,0.34855049892030254,93.718997386621
88.08131169672805,6,0.8008050030520444,93.64309958117394
80.42282487039984,1,0.9588362746891539,97.070537713893
99.0278552109292,2,1.2898476754778225,96.80357554997308
75.48122815514631,5,0.12006166453410672,94.62998741031639
61.646435666281235,4,0.4701410896285182,94.31815247575985
94.27206690295725,2,3.7940761751762393,93.56071193493638
65.47674897066942,1,1.032241097171735,96.23514813192739
92.67415486550729,1,0.7912498902010932,97.88420787503405
99.26620332781238,0,1.051762837505054,98.70119476138456
86.7747250424836,2,0.9294839090436839,96.62335556127177
63.149983176414096,1,0.07443909257688822,97.26817224772844
72.24112577714548,2,0.5026385908605624,96.4088899798246
60.699915818703595,5,2.9772634249349914,90.46227968101319
89.10674916480448,5,3.4689978670281745,91.29254001780642
75.91652603603387,3,0.8430655326760728,95.38414766259041
94.28374023070964,3,0.2539520555913687,97.00944454482584
88.98214471364095,1,3.753084012670559,94.14540642047737
82.97423371440392,4,7.015855788610575,87.5296847393875
67.04928597805736,4,0.14828190874011735,94.97452600841473
77.94855980373623,1,0.2586574688511555,97.78703902756543
88.13341850901742,3,3.273615998189735,93.0783317276232
96.91952682253957,3,0.32833251017022325,97.0519773289227
84.88498271432698,4,0.8229273379515689,95.05673633017446
74.35887711394683,3,0.4193418769330062,95.81473360337773
86.64326489705557,2,6.140085282442535,90.36406090592173
94.98572514719874,5,0.7211940268180392,94.88385342517829
98.73553281731122,4,4.423427621166509,91.42866349546576
71.3024675324004,2,2.5093858562563147,93.95386034911245
78.00305551664957,3,0.406285678405561,96.01260996174581
79.33756877513122,0,1.544396576183972,97.1136025473358
92.91376312988741,3,3.6516700355043437,92.86368411388916
82.32250220707063,3,0.31209163079351676,96.3416151534013
76.39676467723073,3,0.1115706042853094,96.28595350871916
75.52983078696178,4,5.334445695044716,89.17515670529443
95.33658182266464,6,1.824300657332935,92.77766830233371
70.12455816094409,3,0.26864703840100135,95.78385146196601
68.76937953659467,5,0.2518258885781891,94.13627791053591
91.2110172183362,3,1.0064220910259398,95.95284435168568
67.60880386715407,5,0.11051502122427717,94.24782216788857
96.86427973323124,0,1.989742630110133,97.4555228305294
97.81615967407527,1,0.4306134256177705,98.57407187296243
72.53673148354449,6,0.5979946379287784,93.10924300866269
64.72316900490827,4,0.4804118034412656,94.4596642861159
71.49338485843447,1,0.36212100554593424,97.3401240362666
60.32676011008282,0,1.7987280484415884,95.85786434737423
84.77295009623728,3,0.24775538179856957,96.54134104665359
87.66429553801834,5,1.1871310449631187,93.95865752294517
87.12948205996855,2,0.7795540942687296,96.82100918987595
60.556696804667794,2,0.8285801923184595,95.43353860945123
92.6239162698687,3,2.135618619000664,94.66845347069264
91.99014229425178,1,0.0031208996319334894,98.79576203515427
99.09799944972738,3,0.934213240637469,96.43384408372141
64.65758793008885,2,0.8585469851451948,95.6026230143302
89.44504292739614,7,0.06054277430072126,93.79960081720894
77.18585540963485,4,2.1487354512644194,93.08081022896444
85.04673554761412,5,1.458906032757411,93.50164953807182
67.69990405281222,2,0.20741528296420164,96.53609686308357
79.29291407215189,2,0.044679475163972526,97.31103033341083
61.214024875862016,2,0.33361730281033364,96.0603604804207
62.63846350618347,2,2.095896282464496,94.01684763635178
82.28393987053303,1,0.05941051728170022,98.24290437278862
74.17256814456135,4,1.1445961497572523,94.13511302751937
60.807618706928835,2,0.5888023740869982,95.73381808644204
71.47649651526704,3,2.01794802588904,93.7522871946965
97.43620475465609,0,0.6549729013556189,99.08584275610606
74.78334196576783,0,2.5495905792577576,95.67965840317908
87.55562693548534,4,4.574695220914179,90.68814708167726
62.58500093711664,3,5.282201081275661,89.39060874932504
61.15351737420595,1,0.07879824158413785,97.16311797880934
98.58884292765794,2,1.1198960422671398,96.98556689566233
72.80208872008363,4,1.5808690264881795,93.54306160421837
64.98552170620192,4,0.16797238304283915,94.84770922565869
90.53157990254593,3,2.337941084556951,94.32104969365895
85.48650730632693,1,2.3973190295141373,95.59754252989939
90.50014722753473,1,2.180173186472158,96.10879953761015
